Time,Value
2016-04-01 01:03:00,68.6842105263158
2016-04-01 01:04:00,64.51851851851852
2016-04-01 01:05:00,68.42307692307692
2016-04-01 01:06:00,67.65517241379311
2016-04-01 01:07:00,67.24
2016-04-01 01:08:00,67.0
2016-04-01 01:09:00,67.70833333333333
2016-04-01 01:10:00,68.72727272727273
2016-04-01 01:11:00,69.0
2016-04-01 01:12:00,69.31818181818181
2016-04-01 01:13:00,71.45454545454545
2016-04-01 01:14:00,71.0
2016-04-01 01:15:00,71.08695652173913
2016-04-01 01:16:00,71.4
2016-04-01 01:17:00,71.0
2016-04-01 01:18:00,71.0
2016-04-01 01:19:00,71.81481481481481
2016-04-01 01:20:00,73.96428571428571
2016-04-01 01:21:00,72.84375
2016-04-01 01:22:00,72.78260869565217
2016-04-01 01:23:00,70.46153846153847
2016-04-01 01:24:00,68.53571428571429
2016-04-01 01:25:00,69.21428571428571
2016-04-01 01:26:00,71.07692307692308
2016-04-01 01:27:00,72.2
2016-04-01 01:28:00,71.5
2016-04-01 01:29:00,71.0
2016-04-01 01:30:00,71.0
2016-04-01 01:31:00,71.0
2016-04-01 01:32:00,70.44
2016-04-01 01:33:00,70.07692307692308
2016-04-01 01:34:00,77.48275862068965
2016-04-01 01:35:00,82.04545454545455
2016-04-01 01:36:00,84.85185185185185
2016-04-01 01:37:00,73.97058823529412
2016-04-01 01:38:00,65.07692307692308
2016-04-01 01:39:00,64.60714285714286
2016-04-01 01:40:00,63.5
2016-04-01 01:41:00,63.0
2016-04-01 01:42:00,63.0
2016-04-01 01:43:00,63.0
2016-04-01 01:44:00,63.69565217391305
2016-04-01 01:45:00,64.0
2016-04-01 01:46:00,64.56
2016-04-01 01:47:00,65.77777777777777
2016-04-01 01:48:00,67.08
2016-04-01 01:49:00,64.04545454545455
2016-04-01 01:50:00,63.56521739130435
2016-04-01 01:51:00,63.72727272727273
2016-04-01 01:52:00,63.869565217391305
2016-04-01 01:53:00,64.42857142857143
2016-04-01 01:54:00,65.1304347826087
2016-04-01 01:55:00,64.45454545454545
2016-04-01 01:56:00,64.34782608695652
2016-04-01 01:57:00,64.31818181818181
2016-04-01 01:58:00,64.81818181818181
2016-04-01 01:59:00,66.33333333333333
2016-04-01 02:00:00,67.16
2016-04-01 02:01:00,63.08695652173913
2016-04-01 02:02:00,63.5
2016-04-01 02:03:00,62.958333333333336
2016-04-01 02:04:00,61.916666666666664
2016-04-01 02:05:00,62.92307692307692
2016-04-01 02:06:00,63.70967741935484
2016-04-01 02:07:00,64.7741935483871
2016-04-01 02:08:00,69.07692307692308
2016-04-01 02:09:00,71.79166666666667
2016-04-01 02:10:00,70.77777777777777
2016-04-01 02:11:00,70.0
2016-04-01 02:12:00,70.0
2016-04-01 02:13:00,69.65517241379311
2016-04-01 02:14:00,68.48148148148148
2016-04-01 02:15:00,68.5
2016-04-01 02:16:00,70.07692307692308
2016-04-01 02:17:00,69.04347826086956
2016-04-01 02:18:00,68.52173913043478
2016-04-01 02:19:00,68.57142857142857
2016-04-01 02:20:00,67.8
2016-04-01 02:21:00,69.55172413793103
2016-04-01 02:22:00,67.88
2016-04-01 02:23:00,66.37037037037037
2016-04-01 02:24:00,63.68
2016-04-01 02:25:00,63.75
2016-04-01 02:26:00,62.30434782608695
2016-04-01 02:27:00,61.125
2016-04-01 02:28:00,60.857142857142854
2016-04-01 02:29:00,61.59090909090909
2016-04-01 02:30:00,62.0
2016-04-01 02:31:00,61.78260869565217
2016-04-01 02:32:00,61.34782608695652
2016-04-01 02:33:00,61.36363636363637
2016-04-01 02:34:00,62.130434782608695
2016-04-01 02:35:00,61.904761904761905
2016-04-01 02:36:00,62.0
2016-04-01 02:37:00,62.476190476190474
2016-04-01 02:38:00,62.7
2016-04-01 02:39:00,62.86363636363637
2016-04-01 02:40:00,62.40909090909091
2016-04-01 02:41:00,61.714285714285715
2016-04-01 02:42:00,63.5
2016-04-01 02:43:00,63.76190476190476
2016-04-01 02:44:00,63.523809523809526
2016-04-01 02:45:00,65.13636363636364
2016-04-01 02:46:00,75.3225806451613
2016-04-01 02:47:00,62.48275862068966
2016-04-01 02:48:00,56.34782608695652
2016-04-01 02:49:00,58.458333333333336
2016-04-01 02:50:00,57.523809523809526
2016-04-01 02:51:00,59.68181818181818
2016-04-01 02:52:00,60.52173913043478
2016-04-01 02:53:00,61.23809523809524
2016-04-01 02:54:00,62.31818181818182
2016-04-01 02:55:00,62.81818181818182
2016-04-01 02:56:00,63.82608695652174
2016-04-01 02:57:00,60.93939393939394
2016-04-01 02:58:00,53.57142857142857
2016-04-01 02:59:00,53.47826086956522
2016-04-01 03:00:00,55.0
2016-04-01 03:01:00,57.38095238095238
2016-04-01 03:02:00,58.09090909090909
2016-04-01 03:03:00,59.31818181818182
2016-04-01 03:04:00,60.666666666666664
2016-04-01 03:05:00,61.083333333333336
2016-04-01 03:06:00,61.35
2016-04-01 03:07:00,63.23076923076923
2016-04-01 03:08:00,61.793103448275865
2016-04-01 03:09:00,64.4
2016-04-01 03:10:00,56.43478260869565
2016-04-01 03:11:00,55.68181818181818
2016-04-01 03:12:00,58.0
2016-04-01 03:13:00,58.27272727272727
2016-04-01 03:14:00,59.42857142857143
2016-04-01 03:15:00,60.208333333333336
2016-04-01 03:16:00,59.666666666666664
2016-04-01 03:17:00,53.78260869565217
2016-04-01 03:18:00,54.26086956521739
2016-04-01 03:19:00,56.7037037037037
2016-04-01 03:20:00,53.90909090909091
2016-04-01 03:21:00,53.73913043478261
2016-04-01 03:22:00,55.13636363636363
2016-04-01 03:23:00,55.65
2016-04-01 03:24:00,56.666666666666664
2016-04-01 03:25:00,57.714285714285715
2016-04-01 03:26:00,57.16
2016-04-01 03:27:00,54.81818181818182
2016-04-01 03:28:00,56.81481481481482
2016-04-01 03:29:00,59.333333333333336
2016-04-01 03:30:00,54.68181818181818
2016-04-01 03:31:00,56.476190476190474
2016-04-01 03:32:00,56.36363636363637
2016-04-01 03:33:00,57.17391304347826
2016-04-01 03:34:00,57.291666666666664
2016-04-01 03:35:00,55.714285714285715
2016-04-01 03:36:00,56.90909090909091
2016-04-01 03:37:00,58.5
2016-04-01 03:38:00,58.5
2016-04-01 03:39:00,59.91304347826087
2016-04-01 03:40:00,59.95238095238095
2016-04-01 03:41:00,59.608695652173914
2016-04-01 03:42:00,59.61904761904762
2016-04-01 03:43:00,59.857142857142854
2016-04-01 03:44:00,60.56521739130435
2016-04-01 03:45:00,60.458333333333336
2016-04-01 03:46:00,61.65
2016-04-01 03:47:00,62.63636363636363
2016-04-01 03:48:00,61.714285714285715
2016-04-01 03:49:00,61.916666666666664
2016-04-01 03:50:00,62.56521739130435
2016-04-01 03:51:00,62.95238095238095
2016-04-01 03:52:00,62.69565217391305
2016-04-01 03:53:00,62.57142857142857
2016-04-01 03:54:00,62.22727272727273
2016-04-01 03:55:00,61.73913043478261
2016-04-01 03:56:00,61.916666666666664
2016-04-01 03:57:00,62.26086956521739
2016-04-01 03:58:00,62.68181818181818
2016-04-01 03:59:00,63.59090909090909
2016-04-01 04:00:00,62.09090909090909
2016-04-01 04:01:00,61.11538461538461
2016-04-01 04:02:00,61.52173913043478
2016-04-01 04:03:00,60.13636363636363
2016-04-01 04:04:00,59.88
2016-04-01 04:05:00,72.97142857142858
2016-04-01 04:06:00,59.291666666666664
2016-04-01 04:07:00,60.666666666666664
2016-04-01 04:08:00,63.708333333333336
2016-04-01 04:09:00,64.1304347826087
2016-04-01 04:10:00,63.88
2016-04-01 04:11:00,61.73913043478261
2016-04-01 04:12:00,61.65384615384615
2016-04-01 04:13:00,57.5
2016-04-01 04:14:00,61.074074074074076
2016-04-01 04:15:00,62.03846153846154
2016-04-01 04:16:00,67.54166666666667
2016-04-01 04:17:00,59.0
2016-04-01 04:18:00,50.75
2016-04-01 04:19:00,52.54545454545455
2016-04-01 04:20:00,56.17857142857143
2016-04-01 04:21:00,57.34615384615385
2016-04-01 04:22:00,55.708333333333336
2016-04-01 04:23:00,58.041666666666664
2016-04-01 04:24:00,57.708333333333336
2016-04-01 04:25:00,54.95652173913044
2016-04-01 04:26:00,53.95454545454545
2016-04-01 04:27:00,56.24
2016-04-01 04:28:00,55.833333333333336
2016-04-01 04:29:00,55.32
2016-04-01 04:30:00,55.82608695652174
2016-04-01 04:31:00,55.375
2016-04-01 04:32:00,56.69230769230769
2016-04-01 04:33:00,53.625
2016-04-01 04:34:00,52.88
2016-04-01 04:35:00,53.083333333333336
2016-04-01 04:36:00,55.72727272727273
2016-04-01 04:37:00,56.21739130434783
2016-04-01 04:38:00,55.32
2016-04-01 04:39:00,55.625
2016-04-01 04:40:00,54.30434782608695
2016-04-01 04:41:00,53.72727272727273
2016-04-01 04:42:00,53.791666666666664
2016-04-01 04:43:00,52.04545454545455
2016-04-01 04:44:00,51.08
2016-04-01 04:45:00,50.375
2016-04-01 04:46:00,49.958333333333336
2016-04-01 04:47:00,50.08695652173913
2016-04-01 04:48:00,50.04761904761905
2016-04-01 04:49:00,50.625
2016-04-01 04:50:00,70.35483870967742
2016-04-01 04:51:00,65.91304347826087
2016-04-01 04:52:00,64.56
2016-04-01 04:53:00,54.76923076923077
2016-04-01 04:54:00,47.5
2016-04-01 04:55:00,53.32142857142857
2016-04-01 04:56:00,60.21875
2016-04-01 04:57:00,62.75757575757576
2016-04-01 04:58:00,56.214285714285715
2016-04-01 04:59:00,51.72727272727273
2016-04-01 05:00:00,50.59090909090909
2016-04-01 05:01:00,60.06060606060606
2016-04-01 05:02:00,62.041666666666664
2016-04-01 05:03:00,69.5909090909091
2016-04-01 05:04:00,70.04761904761905
2016-04-01 05:05:00,70.14285714285714
2016-04-01 05:06:00,70.81818181818181
2016-04-01 05:07:00,69.08
2016-04-01 05:08:00,57.96
2016-04-01 05:09:00,51.36363636363637
2016-04-01 05:10:00,50.75
2016-04-01 05:11:00,50.59090909090909
2016-04-01 05:12:00,50.857142857142854
2016-04-01 05:13:00,50.82608695652174
2016-04-01 05:14:00,51.666666666666664
2016-04-01 05:15:00,52.714285714285715
2016-04-01 05:16:00,53.041666666666664
2016-04-01 05:17:00,53.76190476190476
2016-04-01 05:18:00,54.56
2016-04-01 05:19:00,53.72727272727273
2016-04-01 05:20:00,53.869565217391305
2016-04-01 05:21:00,54.59090909090909
2016-04-01 05:22:00,54.416666666666664
2016-04-01 05:23:00,54.69565217391305
2016-04-01 05:24:00,54.09090909090909
2016-04-01 05:25:00,54.916666666666664
2016-04-01 05:26:00,56.40909090909091
2016-04-01 05:27:00,55.34782608695652
2016-04-01 05:28:00,55.476190476190474
2016-04-01 05:29:00,55.875
2016-04-01 05:30:00,57.0
2016-04-01 05:31:00,57.54545454545455
2016-04-01 05:32:00,56.125
2016-04-01 05:33:00,55.166666666666664
2016-04-01 05:34:00,59.916666666666664
2016-04-01 05:35:00,61.411764705882355
2016-04-01 05:36:00,61.0
2016-04-01 05:37:00,60.0
2016-04-01 05:38:00,57.2
2016-04-01 05:39:00,55.285714285714285
2016-04-01 05:40:00,58.76923076923077
2016-04-01 05:41:00,56.857142857142854
2016-04-01 05:42:00,53.75
2016-04-01 05:43:00,54.18181818181818
2016-04-01 05:44:00,54.166666666666664
2016-04-01 05:45:00,54.869565217391305
2016-04-01 05:46:00,54.68181818181818
2016-04-01 05:47:00,56.18181818181818
2016-04-01 05:48:00,56.083333333333336
2016-04-01 05:49:00,57.523809523809526
2016-04-01 05:50:00,59.607142857142854
2016-04-01 05:51:00,56.541666666666664
2016-04-01 05:52:00,56.73913043478261
2016-04-01 05:53:00,59.166666666666664
2016-04-01 05:54:00,59.56521739130435
2016-04-01 05:55:00,59.84615384615385
2016-04-01 05:56:00,56.625
2016-04-01 05:57:00,56.083333333333336
2016-04-01 05:58:00,59.96551724137931
2016-04-01 05:59:00,54.82608695652174
2016-04-01 06:00:00,56.3448275862069
2016-04-01 06:01:00,56.57142857142857
2016-04-01 06:02:00,58.64
2016-04-01 06:03:00,54.291666666666664
2016-04-01 06:04:00,56.375
2016-04-01 06:05:00,58.03846153846154
2016-04-01 06:06:00,55.26923076923077
2016-04-01 06:07:00,58.48148148148148
2016-04-01 06:08:00,56.04761904761905
2016-04-01 06:09:00,58.310344827586206
2016-04-01 06:10:00,56.88
2016-04-01 06:11:00,52.0
2016-04-01 06:12:00,49.95652173913044
2016-04-01 06:13:00,52.5
2016-04-01 06:14:00,58.76
2016-04-01 06:15:00,54.608695652173914
2016-04-01 06:16:00,55.74074074074074
2016-04-01 06:17:00,55.56
2016-04-01 06:18:00,57.035714285714285
2016-04-01 06:19:00,57.375
2016-04-01 06:20:00,54.52
2016-04-01 06:21:00,50.17391304347826
2016-04-01 06:22:00,49.80952380952381
2016-04-01 06:23:00,50.65217391304348
2016-04-01 06:24:00,52.75
2016-04-01 06:25:00,52.31818181818182
2016-04-01 06:26:00,53.52173913043478
2016-04-01 06:27:00,54.142857142857146
2016-04-01 06:28:00,54.0
2016-04-01 06:29:00,54.083333333333336
2016-04-01 06:30:00,55.08695652173913
2016-04-01 06:31:00,55.13636363636363
2016-04-01 06:32:00,55.625
2016-04-01 06:33:00,55.6
2016-04-01 06:34:00,54.391304347826086
2016-04-01 06:35:00,55.42857142857143
2016-04-01 06:36:00,56.86363636363637
2016-04-01 06:37:00,55.63636363636363
2016-04-01 06:38:00,56.541666666666664
2016-04-01 06:39:00,56.30434782608695
2016-04-01 06:40:00,57.76
2016-04-01 06:41:00,56.833333333333336
2016-04-01 06:42:00,57.86363636363637
2016-04-01 06:43:00,58.333333333333336
2016-04-01 06:44:00,57.76
2016-04-01 06:45:00,58.375
2016-04-01 06:46:00,58.86363636363637
2016-04-01 06:47:00,58.625
2016-04-01 06:48:00,59.90909090909091
2016-04-01 06:49:00,58.95652173913044
2016-04-01 06:50:00,58.30434782608695
2016-04-01 06:51:00,59.166666666666664
2016-04-01 06:52:00,58.958333333333336
2016-04-01 06:53:00,51.8
2016-04-01 06:54:00,53.4
2016-04-01 06:55:00,56.12
2016-04-01 06:56:00,56.285714285714285
2016-04-01 06:57:00,58.63636363636363
2016-04-01 06:58:00,61.95454545454545
2016-04-01 06:59:00,62.375
2016-04-01 07:00:00,59.19230769230769
2016-04-01 07:01:00,65.56
2016-04-01 07:02:00,62.0
2016-04-01 07:03:00,58.30769230769231
2016-04-01 07:04:00,58.53846153846154
2016-04-01 07:05:00,64.85714285714286
2016-04-01 07:06:00,61.625
2016-04-01 07:07:00,59.6
2016-04-01 07:08:00,61.208333333333336
2016-04-01 07:09:00,62.17391304347826
2016-04-01 07:10:00,62.625
2016-04-01 07:11:00,59.91304347826087
2016-04-01 07:12:00,57.80769230769231
2016-04-01 07:13:00,58.73076923076923
2016-04-01 07:14:00,56.96153846153846
2016-04-01 07:15:00,63.0
2016-04-01 07:16:00,59.59090909090909
2016-04-01 07:17:00,57.76923076923077
2016-04-01 07:18:00,57.793103448275865
2016-04-01 07:19:00,60.5
2016-04-01 07:20:00,61.333333333333336
2016-04-01 07:21:00,60.03333333333333
2016-04-01 07:22:00,59.148148148148145
2016-04-01 07:23:00,58.57692307692308
2016-04-01 07:24:00,60.06666666666667
2016-04-01 07:25:00,54.285714285714285
2016-04-01 07:26:00,65.94117647058823
2016-04-01 07:27:00,72.95
2016-04-01 07:28:00,56.34615384615385
2016-04-01 07:29:00,57.5
2016-04-01 07:30:00,59.23076923076923
2016-04-01 07:31:00,60.54838709677419
2016-04-01 07:32:00,55.142857142857146
2016-04-01 07:33:00,55.592592592592595
2016-04-01 07:34:00,59.30769230769231
2016-04-01 07:35:00,68.4
2016-04-01 07:36:00,56.48148148148148
2016-04-01 07:37:00,57.30434782608695
2016-04-01 07:38:00,55.18181818181818
2016-04-01 07:39:00,58.84615384615385
2016-04-01 07:40:00,60.6
2016-04-01 07:41:00,54.0
2016-04-01 07:42:00,55.291666666666664
2016-04-01 07:43:00,58.13636363636363
2016-04-01 07:44:00,56.625
2016-04-01 07:45:00,59.46153846153846
2016-04-01 07:46:00,58.75
2016-04-01 07:47:00,62.40909090909091
2016-04-01 07:48:00,59.0
2016-04-01 07:49:00,53.44444444444444
2016-04-01 07:50:00,53.0
2016-04-01 07:51:00,54.34782608695652
2016-04-01 07:52:00,57.77777777777778
2016-04-01 07:53:00,57.392857142857146
2016-04-01 07:54:00,55.869565217391305
2016-04-01 07:55:00,56.2
2016-04-01 07:56:00,55.857142857142854
2016-04-01 07:57:00,57.28
2016-04-01 07:58:00,57.42857142857143
2016-04-01 07:59:00,56.09090909090909
2016-04-01 08:00:00,57.23809523809524
2016-04-01 08:01:00,57.77272727272727
2016-04-01 08:02:00,57.95652173913044
2016-04-01 08:03:00,58.13636363636363
2016-04-01 08:04:00,60.52173913043478
2016-04-01 08:05:00,78.76923076923077
2016-04-01 08:06:00,74.96153846153847
2016-04-01 08:07:00,57.89655172413793
2016-04-01 08:08:00,58.16129032258065
2016-04-01 08:09:00,58.77777777777778
2016-04-01 08:10:00,65.58333333333333
2016-04-01 08:11:00,83.6969696969697
2016-04-01 08:12:00,86.0
2016-04-01 08:13:00,85.0
2016-04-01 08:14:00,75.76923076923077
2016-04-01 08:15:00,71.6774193548387
2016-04-01 08:16:00,73.04347826086956
2016-04-01 08:17:00,77.04545454545455
2016-04-01 08:18:00,78.92
2016-04-01 08:19:00,72.65384615384616
2016-04-01 08:20:00,66.16666666666667
2016-04-01 08:21:00,70.875
2016-04-01 08:22:00,72.75
2016-04-01 08:23:00,69.76190476190476
2016-04-01 08:24:00,72.81818181818181
2016-04-01 08:25:00,69.31818181818181
2016-04-01 08:26:00,74.81481481481481
2016-04-01 08:27:00,74.27272727272727
2016-04-01 08:28:00,72.08695652173913
2016-04-01 08:29:00,71.43478260869566
2016-04-01 08:30:00,70.95238095238095
2016-04-01 08:31:00,71.0
2016-04-01 08:32:00,72.16666666666667
2016-04-01 08:33:00,73.65217391304348
2016-04-01 08:34:00,72.96428571428571
2016-04-01 08:35:00,72.48
2016-04-01 08:36:00,71.29166666666667
2016-04-01 08:37:00,69.3125
2016-04-01 08:38:00,69.5625
2016-04-01 08:39:00,75.56666666666666
2016-04-01 08:40:00,67.18518518518519
2016-04-01 08:41:00,72.875
2016-04-01 08:42:00,65.83333333333333
2016-04-01 08:43:00,70.96428571428571
2016-04-01 08:44:00,70.08695652173913
2016-04-01 08:45:00,70.4
2016-04-01 08:46:00,72.51162790697674
2016-04-01 08:47:00,73.3913043478261
2016-04-01 08:48:00,67.6774193548387
2016-04-01 08:49:00,67.89655172413794
2016-04-01 08:50:00,71.51724137931035
2016-04-01 08:51:00,71.24
2016-04-01 08:52:00,71.92307692307692
2016-04-01 08:53:00,71.11538461538461
2016-04-01 08:54:00,75.45454545454545
2016-04-01 08:55:00,73.77777777777777
2016-04-01 08:56:00,74.72
2016-04-01 08:57:00,77.57575757575758
2016-04-01 08:58:00,67.55172413793103
2016-04-01 08:59:00,76.34482758620689
2016-04-01 09:00:00,70.875
2016-04-01 09:01:00,74.25
2016-04-01 09:02:00,77.125
2016-04-01 09:03:00,71.42307692307692
2016-04-01 09:04:00,69.61538461538461
2016-04-01 09:05:00,77.21875
2016-04-01 09:06:00,74.0
2016-04-01 09:07:00,77.42857142857143
2016-04-01 09:08:00,71.64
2016-04-01 09:09:00,71.6086956521739
2016-04-01 09:10:00,71.68
2016-04-01 09:11:00,71.58333333333333
2016-04-01 09:12:00,69.2
2016-04-01 09:13:00,71.1923076923077
2016-04-01 09:14:00,69.125
2016-04-01 09:15:00,73.44444444444444
2016-04-01 09:16:00,71.5
2016-04-01 09:17:00,70.10344827586206
2016-04-01 09:18:00,69.4
2016-04-01 09:19:00,69.25806451612904
2016-04-01 09:20:00,68.75
2016-04-01 09:21:00,65.46666666666667
2016-04-01 09:22:00,66.67647058823529
2016-04-01 09:23:00,63.26923076923077
2016-04-01 09:24:00,62.44
2016-04-01 09:25:00,66.04166666666667
2016-04-01 09:26:00,67.47826086956522
2016-04-01 09:27:00,67.04
2016-04-01 09:28:00,68.44444444444444
2016-04-01 09:29:00,71.9090909090909
2016-04-01 09:30:00,65.96666666666667
2016-04-01 09:31:00,64.84615384615384
2016-04-01 09:32:00,68.38461538461539
2016-04-01 09:33:00,66.28
2016-04-01 09:34:00,68.54285714285714
2016-04-01 09:35:00,69.54838709677419
2016-04-01 09:36:00,76.21212121212122
2016-04-01 09:37:00,76.5
2016-04-01 09:38:00,72.125
2016-04-01 09:39:00,70.42307692307692
2016-04-01 09:40:00,71.10344827586206
2016-04-01 09:41:00,69.77777777777777
2016-04-01 09:42:00,71.46428571428571
2016-04-01 09:43:00,66.3913043478261
2016-04-01 09:44:00,69.96428571428571
2016-04-01 09:45:00,73.93548387096774
2016-04-01 09:46:00,74.79310344827586
2016-04-01 09:47:00,69.58620689655173
2016-04-01 09:48:00,70.85714285714286
2016-04-01 09:49:00,67.84375
2016-04-01 09:50:00,72.82352941176471
2016-04-01 09:51:00,74.375
2016-04-01 09:52:00,72.03225806451613
2016-04-01 09:53:00,70.54285714285714
2016-04-01 09:54:00,70.0
2016-04-01 09:55:00,72.88235294117646
2016-04-01 09:56:00,69.38461538461539
2016-04-01 09:57:00,68.92
2016-04-01 09:58:00,70.64
2016-04-01 09:59:00,70.81818181818181
2016-04-01 10:00:00,73.37037037037037
2016-04-01 10:01:00,73.6774193548387
2016-04-01 10:02:00,74.53571428571429
2016-04-01 10:03:00,79.04166666666667
2016-04-01 10:04:00,72.32142857142857
2016-04-01 10:05:00,68.38461538461539
2016-04-01 10:06:00,67.76
2016-04-01 10:07:00,72.75
2016-04-01 10:08:00,74.26923076923077
2016-04-01 10:09:00,71.24
2016-04-01 10:10:00,69.875
2016-04-01 10:11:00,73.25
2016-04-01 10:12:00,74.70370370370371
2016-04-01 10:13:00,72.83333333333333
2016-04-01 10:14:00,70.52
2016-04-01 10:15:00,71.875
2016-04-01 10:16:00,69.75
2016-04-01 10:17:00,70.37931034482759
2016-04-01 10:18:00,71.34782608695652
2016-04-01 10:19:00,73.04347826086956
2016-04-01 10:20:00,73.13636363636364
2016-04-01 10:21:00,77.79166666666667
2016-04-01 10:22:00,79.06451612903226
2016-04-01 10:23:00,77.12121212121212
2016-04-01 10:24:00,76.57692307692308
2016-04-01 10:25:00,77.11538461538461
2016-04-01 10:26:00,75.0
2016-04-01 10:27:00,70.96153846153847
2016-04-01 10:28:00,66.32142857142857
2016-04-01 10:29:00,59.46153846153846
2016-04-01 10:30:00,61.30434782608695
2016-04-01 10:31:00,65.92307692307692
2016-04-01 10:32:00,75.25
2016-04-01 10:33:00,63.166666666666664
2016-04-01 10:34:00,70.92592592592592
2016-04-01 10:35:00,73.35714285714286
2016-04-01 10:36:00,74.83333333333333
2016-04-01 10:37:00,63.51724137931034
2016-04-01 10:38:00,66.44827586206897
2016-04-01 10:39:00,72.76666666666667
2016-04-01 10:40:00,67.96774193548387
2016-04-01 10:41:00,74.03448275862068
2016-04-01 10:42:00,71.73076923076923
2016-04-01 10:43:00,70.48
2016-04-01 10:44:00,66.78260869565217
2016-04-01 10:45:00,68.73076923076923
2016-04-01 10:46:00,72.10714285714286
2016-04-01 10:47:00,73.84615384615384
2016-04-01 10:48:00,75.20833333333333
2016-04-01 10:49:00,79.02702702702703
2016-04-01 10:50:00,71.86666666666666
2016-04-01 10:51:00,75.79166666666667
2016-04-01 10:52:00,74.44444444444444
2016-04-01 10:53:00,77.51724137931035
2016-04-01 10:54:00,73.88
2016-04-01 10:55:00,81.44444444444444
2016-04-01 10:56:00,85.19047619047619
2016-04-01 10:57:00,82.875
2016-04-01 10:58:00,78.0
2016-04-01 10:59:00,75.05
2016-04-01 11:00:00,76.22222222222223
2016-04-01 11:01:00,68.44117647058823
2016-04-01 11:02:00,64.35483870967742
2016-04-01 11:03:00,66.03125
2016-04-01 11:04:00,75.48387096774194
2016-04-01 11:05:00,73.76
2016-04-01 11:06:00,73.52
2016-04-01 11:07:00,72.48275862068965
2016-04-01 11:08:00,73.84615384615384
2016-04-01 11:09:00,73.57692307692308
2016-04-01 11:10:00,80.23529411764706
2016-04-01 11:11:00,82.65898693405707
2016-04-01 11:12:00,82.66680586438652
2016-04-01 11:13:00,80.37330193615908
2016-04-01 11:14:00,79.05393273393273
2016-04-01 11:15:00,80.40702906567874
2016-04-01 11:16:00,79.86078403739118
2016-04-01 11:17:00,80.88521164021164
2016-04-01 11:18:00,81.66198528443068
2016-04-01 11:19:00,80.86972208950469
2016-04-01 11:20:00,84.16881589895016
2016-04-01 11:21:00,82.88215395118621
2016-04-01 11:22:00,84.84063591580833
2016-04-01 11:23:00,81.9973325199645
2016-04-01 11:24:00,82.4994948187883
2016-04-01 11:25:00,82.30198601662887
2016-04-01 11:26:00,83.38749163879598
2016-04-01 11:27:00,82.85942760942761
2016-04-01 11:28:00,85.68174841408404
2016-04-01 11:29:00,83.72916062198671
2016-04-01 11:30:00,83.72621902941778
2016-04-01 11:31:00,82.56693925407784
2016-04-01 11:32:00,82.13768416768417
2016-04-01 11:33:00,114.95652173913044
2016-04-01 11:34:00,82.71428571428571
2016-04-01 11:35:00,82.72222222222223
2016-04-01 11:36:00,92.22857142857143
2016-04-01 11:37:00,90.75862068965517
2016-04-01 11:38:00,83.84615384615384
2016-04-01 11:39:00,80.57692307692308
2016-04-01 11:40:00,84.03225806451613
2016-04-01 11:41:00,98.51428571428572
2016-04-01 11:42:00,94.38709677419355
2016-04-01 11:43:00,83.39285714285714
2016-04-01 11:44:00,86.96296296296296
2016-04-01 11:45:00,103.06666666666666
2016-04-01 11:46:00,98.56410256410257
2016-04-01 11:47:00,107.58620689655173
2016-04-01 11:48:00,91.5
2016-04-01 11:49:00,85.125
2016-04-01 11:50:00,84.92307692307692
2016-04-01 11:51:00,88.92
2016-04-01 11:52:00,89.24
2016-04-01 11:53:00,87.54545454545455
2016-04-01 11:54:00,86.0
2016-04-01 11:55:00,88.11538461538461
2016-04-01 11:56:00,90.65217391304348
2016-04-01 11:57:00,81.63333333333334
2016-04-01 11:58:00,83.29166666666667
2016-04-01 11:59:00,82.65217391304348
2016-04-01 12:00:00,84.70833333333333
2016-04-01 12:01:00,82.18518518518519
2016-04-01 12:02:00,87.25925925925925
2016-04-01 12:03:00,82.78571428571429
2016-04-01 12:04:00,83.21739130434783
2016-04-01 12:05:00,77.93103448275862
2016-04-01 12:06:00,87.07692307692308
2016-04-01 12:07:00,90.56
2016-04-01 12:08:00,94.56521739130434
2016-04-01 12:09:00,93.08695652173913
2016-04-01 12:10:00,90.56
2016-04-01 12:11:00,90.32142857142857
2016-04-01 12:12:00,90.75
2016-04-01 12:13:00,93.4090909090909
2016-04-01 12:14:00,92.625
2016-04-01 12:15:00,94.15
2016-04-01 12:16:00,93.8
2016-04-01 12:17:00,92.22727272727273
2016-04-01 12:18:00,92.82608695652173
2016-04-01 12:19:00,90.625
2016-04-01 12:20:00,89.58333333333333
2016-04-01 12:21:00,89.30434782608695
2016-04-01 12:22:00,92.45454545454545
2016-04-01 12:23:00,97.07142857142857
2016-04-01 12:24:00,92.83333333333333
2016-04-01 12:25:00,88.14285714285714
2016-04-01 12:26:00,91.48
2016-04-01 12:27:00,90.55172413793103
2016-04-01 12:28:00,87.96428571428571
2016-04-01 12:29:00,90.30434782608695
2016-04-01 12:30:00,91.36
2016-04-01 12:31:00,90.23809523809524
2016-04-01 12:32:00,90.61538461538461
2016-04-01 12:33:00,86.28
2016-04-01 12:34:00,90.17391304347827
2016-04-01 12:35:00,92.45833333333333
2016-04-01 12:36:00,90.83333333333333
2016-04-01 12:37:00,101.12
2016-04-01 12:38:00,99.66666666666667
2016-04-01 12:39:00,95.6923076923077
2016-04-01 12:40:00,96.04
2016-04-01 12:41:00,97.0909090909091
2016-04-01 12:42:00,98.45833333333333
2016-04-01 12:43:00,98.6923076923077
2016-04-01 12:44:00,100.58620689655173
2016-04-01 12:45:00,98.14814814814815
2016-04-01 12:46:00,102.74285714285715
2016-04-01 12:47:00,104.44444444444444
2016-04-01 12:48:00,94.47222222222223
2016-04-01 12:49:00,92.84615384615384
2016-04-01 12:50:00,93.52
2016-04-01 12:51:00,94.83870967741936
2016-04-01 12:52:00,100.65517241379311
2016-04-01 12:53:00,97.08571428571429
2016-04-01 12:54:00,99.89189189189189
2016-04-01 12:55:00,102.88888888888889
2016-04-01 12:56:00,103.4
2016-04-01 12:57:00,104.78260869565217
2016-04-01 12:58:00,108.03846153846153
2016-04-01 12:59:00,111.58333333333333
2016-04-01 13:00:00,107.5
2016-04-01 13:01:00,96.35897435897436
2016-04-01 13:02:00,107.18518518518519
2016-04-01 13:03:00,128.5581395348837
2016-04-01 13:04:00,125.5
2016-04-01 13:05:00,131.6153846153846
2016-04-01 13:06:00,121.38461538461539
2016-04-01 13:07:00,110.375
2016-04-01 13:08:00,107.75675675675676
2016-04-01 13:09:00,103.34482758620689
2016-04-01 13:10:00,101.64285714285714
2016-04-01 13:11:00,98.67857142857143
2016-04-01 13:12:00,93.64285714285714
2016-04-01 13:13:00,86.82142857142857
2016-04-01 13:14:00,85.79166666666667
2016-04-01 13:15:00,86.2
2016-04-01 13:16:00,82.33333333333333
2016-04-01 13:17:00,89.52631578947368
2016-04-01 13:18:00,106.375
2016-04-01 13:19:00,104.88
2016-04-01 13:20:00,109.03703703703704
2016-04-01 13:21:00,106.0
2016-04-01 13:22:00,99.61111111111111
2016-04-01 13:23:00,100.31428571428572
2016-04-01 13:24:00,102.28125
2016-04-01 13:25:00,98.57142857142857
2016-04-01 13:26:00,90.21875
2016-04-01 13:27:00,99.25806451612904
2016-04-01 13:28:00,93.0
2016-04-01 13:29:00,96.03125
2016-04-01 13:30:00,96.4090909090909
2016-04-01 13:31:00,95.78571428571429
2016-04-01 13:32:00,93.82142857142857
2016-04-01 13:33:00,94.44
2016-04-01 13:34:00,100.5
2016-04-01 13:35:00,99.1304347826087
2016-04-01 13:36:00,102.96428571428571
2016-04-01 13:37:00,95.91428571428571
2016-04-01 13:38:00,93.12
2016-04-01 13:39:00,92.8695652173913
2016-04-01 13:40:00,101.5
2016-04-01 13:41:00,95.6923076923077
2016-04-01 13:42:00,95.5
2016-04-01 13:43:00,95.44
2016-04-01 13:44:00,106.47826086956522
2016-04-01 13:45:00,104.07142857142857
2016-04-01 13:46:00,108.61764705882354
2016-04-01 13:47:00,116.86206896551724
2016-04-01 13:48:00,105.53571428571429
2016-04-01 13:49:00,117.5
2016-04-01 13:50:00,120.65384615384616
2016-04-01 13:51:00,110.70370370370371
2016-04-01 13:52:00,95.93548387096774
2016-04-01 13:53:00,92.48275862068965
2016-04-01 13:54:00,96.04166666666667
2016-04-01 13:55:00,96.66666666666667
2016-04-01 13:56:00,95.6896551724138
2016-04-01 13:57:00,91.46153846153847
2016-04-01 13:58:00,91.36
2016-04-01 13:59:00,94.05263157894737
2016-04-01 14:00:00,91.36
2016-04-01 14:01:00,88.45833333333333
2016-04-01 14:02:00,92.73913043478261
2016-04-01 14:03:00,91.08333333333333
2016-04-01 14:04:00,93.45833333333333
2016-04-01 14:05:00,86.39285714285714
2016-04-01 14:06:00,84.24
2016-04-01 14:07:00,87.42307692307692
2016-04-01 14:08:00,95.69565217391305
2016-04-01 14:09:00,97.37931034482759
2016-04-01 14:10:00,92.42424242424242
2016-04-01 14:11:00,92.375
2016-04-01 14:12:00,88.03571428571429
2016-04-01 14:13:00,92.61538461538461
2016-04-01 14:14:00,93.34782608695652
2016-04-01 14:15:00,87.0625
2016-04-01 14:16:00,87.69565217391305
2016-04-01 14:17:00,96.32
2016-04-01 14:18:00,98.5925925925926
2016-04-01 14:19:00,99.55555555555556
2016-04-01 14:20:00,103.04
2016-04-01 14:21:00,104.20833333333333
2016-04-01 14:22:00,105.61538461538461
2016-04-01 14:23:00,100.92307692307692
2016-04-01 14:24:00,97.54838709677419
2016-04-01 14:25:00,97.8695652173913
2016-04-01 14:26:00,95.78260869565217
2016-04-01 14:27:00,95.21739130434783
2016-04-01 14:28:00,95.25
2016-04-01 14:29:00,93.22222222222223
2016-04-01 14:30:00,98.6896551724138
2016-04-01 14:31:00,96.11538461538461
2016-04-01 14:32:00,96.79166666666667
2016-04-01 14:33:00,94.4074074074074
2016-04-01 14:34:00,94.26086956521739
2016-04-01 14:35:00,93.83333333333333
2016-04-01 14:36:00,96.66666666666667
2016-04-01 14:37:00,97.13636363636364
2016-04-01 14:38:00,98.70833333333333
2016-04-01 14:39:00,97.07692307692308
2016-04-01 14:40:00,97.21739130434783
2016-04-01 14:41:00,98.75
2016-04-01 14:42:00,98.6086956521739
2016-04-01 14:43:00,97.47826086956522
2016-04-01 14:44:00,96.21739130434783
2016-04-01 14:45:00,96.0909090909091
2016-04-01 14:46:00,92.96428571428571
2016-04-01 14:47:00,94.5
2016-04-01 14:48:00,93.75
2016-04-01 14:49:00,98.08695652173913
2016-04-01 14:50:00,93.73076923076923
2016-04-01 14:51:00,95.0
2016-04-01 14:52:00,97.03571428571429
2016-04-01 14:53:00,94.74074074074075
2016-04-01 14:54:00,96.08695652173913
2016-04-01 14:55:00,92.33333333333333
2016-04-01 14:56:00,96.08695652173913
2016-04-01 14:57:00,93.53571428571429
2016-04-01 14:58:00,96.81818181818181
2016-04-01 14:59:00,95.5
2016-04-01 15:00:00,95.96296296296296
2016-04-01 15:01:00,97.43478260869566
2016-04-01 15:02:00,96.26086956521739
2016-04-01 15:03:00,94.70833333333333
2016-04-01 15:04:00,96.75
2016-04-01 15:05:00,94.04761904761905
2016-04-01 15:06:00,96.70370370370371
2016-04-01 15:07:00,94.78260869565217
2016-04-01 15:08:00,94.45833333333333
2016-04-01 15:09:00,97.86363636363636
2016-04-01 15:10:00,97.85185185185185
2016-04-01 15:11:00,99.4074074074074
2016-04-01 15:12:00,99.78571428571429
2016-04-01 15:13:00,102.4
2016-04-01 15:14:00,105.22857142857143
2016-04-01 15:15:00,108.65714285714286
2016-04-01 15:16:00,100.10714285714286
2016-04-01 15:17:00,96.14814814814815
2016-04-01 15:18:00,89.84375
2016-04-01 15:19:00,105.97297297297297
2016-04-01 15:20:00,97.22222222222223
2016-04-01 15:21:00,102.11111111111111
2016-04-01 15:22:00,100.59375
2016-04-01 15:23:00,100.1923076923077
2016-04-01 15:24:00,98.78125
2016-04-01 15:25:00,99.11764705882354
2016-04-01 15:26:00,98.16666666666667
2016-04-01 15:27:00,93.53571428571429
2016-04-01 15:28:00,97.52173913043478
2016-04-01 15:29:00,98.93548387096774
2016-04-01 15:30:00,96.10714285714286
2016-04-01 15:31:00,100.21875
2016-04-01 15:32:00,98.20689655172414
2016-04-01 15:33:00,98.18181818181819
2016-04-01 15:34:00,97.75
2016-04-01 15:35:00,106.03030303030303
2016-04-01 15:36:00,110.72413793103448
2016-04-01 15:37:00,103.55555555555556
2016-04-01 15:38:00,106.92857142857143
2016-04-01 15:39:00,102.48484848484848
2016-04-01 15:40:00,97.45454545454545
2016-04-01 15:41:00,107.04166666666667
2016-04-01 15:42:00,108.87096774193549
2016-04-01 15:43:00,118.27272727272727
2016-04-01 15:44:00,105.92
2016-04-01 15:45:00,109.69565217391305
2016-04-01 15:46:00,112.66666666666667
2016-04-01 15:47:00,117.35135135135135
2016-04-01 15:48:00,114.62962962962963
2016-04-01 15:49:00,111.28
2016-04-01 15:50:00,106.72727272727273
2016-04-01 15:51:00,97.53125
2016-04-01 15:52:00,96.06896551724138
2016-04-01 15:53:00,95.5925925925926
2016-04-01 15:54:00,94.0
2016-04-01 15:55:00,93.25
2016-04-01 15:56:00,95.95238095238095
2016-04-01 15:57:00,98.28571428571429
2016-04-01 15:58:00,97.23809523809524
2016-04-01 15:59:00,98.37931034482759
2016-04-01 16:00:00,96.8695652173913
2016-04-01 16:01:00,94.95652173913044
2016-04-01 16:02:00,96.67857142857143
2016-04-01 16:03:00,97.4090909090909
2016-04-01 16:04:00,98.1923076923077
2016-04-01 16:05:00,98.0
2016-04-01 16:06:00,95.0
2016-04-01 16:07:00,98.69565217391305
2016-04-01 16:08:00,98.52173913043478
2016-04-01 16:09:00,103.75
2016-04-01 16:10:00,99.6
2016-04-01 16:11:00,96.16666666666667
2016-04-01 16:12:00,97.3
2016-04-01 16:13:00,100.03703703703704
2016-04-01 16:14:00,109.90625
2016-04-01 16:15:00,105.88461538461539
2016-04-01 16:16:00,101.5
2016-04-01 16:17:00,102.12820512820512
2016-04-01 16:18:00,104.62962962962963
2016-04-01 16:19:00,101.73333333333333
2016-04-01 16:20:00,94.92592592592592
2016-04-01 16:21:00,95.07692307692308
2016-04-01 16:22:00,94.10344827586206
2016-04-01 16:23:00,92.64285714285714
2016-04-01 16:24:00,93.1304347826087
2016-04-01 16:25:00,94.33333333333333
2016-04-01 16:26:00,94.66666666666667
2016-04-01 16:27:00,97.1304347826087
2016-04-01 16:28:00,93.5909090909091
2016-04-01 16:29:00,94.125
2016-04-01 16:30:00,101.9
2016-04-01 16:31:00,109.35714285714286
2016-04-01 16:32:00,107.71428571428571
2016-04-01 16:33:00,104.33333333333333
2016-04-01 16:34:00,97.74193548387096
2016-04-01 16:35:00,96.02702702702703
2016-04-01 16:36:00,82.64285714285714
2016-04-01 16:37:00,78.55172413793103
2016-04-01 16:38:00,83.88
2016-04-01 16:39:00,86.5925925925926
2016-04-01 16:40:00,88.85714285714286
2016-04-01 16:41:00,88.5
2016-04-01 16:42:00,87.6923076923077
2016-04-01 16:43:00,95.8
2016-04-01 16:44:00,87.61764705882354
2016-04-01 16:45:00,84.10344827586206
2016-04-01 16:46:00,91.14285714285714
2016-04-01 16:47:00,86.73076923076923
2016-04-01 16:48:00,91.62068965517241
2016-04-01 16:49:00,91.92592592592592
2016-04-01 16:50:00,86.89285714285714
2016-04-01 16:51:00,88.93103448275862
2016-04-01 16:52:00,87.0
2016-04-01 16:53:00,89.0
2016-04-01 16:54:00,89.83333333333333
2016-04-01 16:55:00,94.46666666666667
2016-04-01 16:56:00,89.53846153846153
2016-04-01 16:57:00,92.45454545454545
2016-04-01 16:58:00,93.79310344827586
2016-04-01 16:59:00,96.22727272727273
2016-04-01 17:00:00,96.16666666666667
2016-04-01 17:01:00,97.82142857142857
2016-04-01 17:02:00,94.07692307692308
2016-04-01 17:03:00,92.875
2016-04-01 17:04:00,95.23076923076923
2016-04-01 17:05:00,96.83333333333333
2016-04-01 17:06:00,94.84
2016-04-01 17:07:00,93.62962962962963
2016-04-01 17:08:00,90.04166666666667
2016-04-01 17:09:00,93.0
2016-04-01 17:10:00,108.375
2016-04-01 17:11:00,99.0
2016-04-01 17:12:00,84.25925925925925
2016-04-01 17:13:00,84.63333333333334
2016-04-01 17:14:00,90.75
2016-04-01 17:15:00,92.75
2016-04-01 17:16:00,94.88888888888889
2016-04-01 17:17:00,92.16
2016-04-01 17:18:00,93.41379310344827
2016-04-01 17:19:00,92.1923076923077
2016-04-01 17:20:00,88.26086956521739
2016-04-01 17:21:00,87.16666666666667
2016-04-01 17:22:00,82.6
2016-04-01 17:23:00,87.93333333333334
2016-04-01 17:24:00,96.88
2016-04-01 17:25:00,91.53846153846153
2016-04-01 17:26:00,85.17857142857143
2016-04-01 17:27:00,91.61290322580645
2016-04-01 17:28:00,94.81818181818181
2016-04-01 17:29:00,95.32
2016-04-01 17:30:00,91.6896551724138
2016-04-01 17:31:00,96.76923076923077
2016-04-01 17:32:00,97.82608695652173
2016-04-01 17:33:00,97.65217391304348
2016-04-01 17:34:00,102.71428571428571
2016-04-01 17:35:00,104.88888888888889
2016-04-01 17:36:00,101.82608695652173
2016-04-01 17:37:00,97.16129032258064
2016-04-01 17:38:00,84.6086956521739
2016-04-01 17:39:00,79.24242424242425
2016-04-01 17:40:00,96.84375
2016-04-01 17:41:00,103.0
2016-04-01 17:42:00,99.55263157894737
2016-04-01 17:43:00,110.32142857142857
2016-04-01 17:44:00,108.2258064516129
2016-04-01 17:45:00,100.4
2016-04-01 17:46:00,94.76666666666667
2016-04-01 17:47:00,91.125
2016-04-01 17:48:00,96.08333333333333
2016-04-01 17:49:00,100.83333333333333
2016-04-01 17:50:00,96.48148148148148
2016-04-01 17:51:00,94.96153846153847
2016-04-01 17:52:00,98.91304347826087
2016-04-01 17:53:00,96.17391304347827
2016-04-01 17:54:00,96.13636363636364
2016-04-01 17:55:00,97.55172413793103
2016-04-01 17:56:00,100.21428571428571
2016-04-01 17:57:00,104.9090909090909
2016-04-01 17:58:00,114.88
2016-04-01 17:59:00,118.76
2016-04-01 18:00:00,114.57142857142857
2016-04-01 18:01:00,118.0
2016-04-01 18:02:00,112.27586206896552
2016-04-01 18:03:00,99.56
2016-04-01 18:04:00,101.25
2016-04-01 18:05:00,94.72972972972973
2016-04-01 18:06:00,93.0
2016-04-01 18:07:00,82.35714285714286
2016-04-01 18:08:00,84.44444444444444
2016-04-01 18:09:00,89.1875
2016-04-01 18:10:00,93.46428571428571
2016-04-01 18:11:00,84.25
2016-04-01 18:12:00,77.78260869565217
2016-04-01 18:13:00,77.35483870967742
2016-04-01 18:14:00,84.04
2016-04-01 18:15:00,82.75
2016-04-01 18:16:00,82.8695652173913
2016-04-01 18:17:00,78.36
2016-04-01 18:18:00,76.22727272727273
2016-04-01 18:19:00,77.92
2016-04-01 18:20:00,93.38709677419355
2016-04-01 18:21:00,100.75
2016-04-01 18:22:00,94.96153846153847
2016-04-01 18:23:00,92.52173913043478
2016-04-01 18:24:00,91.67647058823529
2016-04-01 18:25:00,106.84375
2016-04-01 18:26:00,97.58620689655173
2016-04-01 18:27:00,87.77272727272727
2016-04-01 18:28:00,86.48275862068965
2016-04-01 18:29:00,90.79166666666667
2016-04-01 18:30:00,85.46428571428571
2016-04-01 18:31:00,87.23809523809524
2016-04-01 18:32:00,88.34782608695652
2016-04-01 18:33:00,84.14285714285714
2016-04-01 18:34:00,88.53571428571429
2016-04-01 18:35:00,93.25
2016-04-01 18:36:00,93.82142857142857
2016-04-01 18:37:00,92.03571428571429
2016-04-01 18:38:00,85.64285714285714
2016-04-01 18:39:00,92.03703703703704
2016-04-01 18:40:00,93.55555555555556
2016-04-01 18:41:00,97.5925925925926
2016-04-01 18:42:00,95.76923076923077
2016-04-01 18:43:00,104.30555555555556
2016-04-01 18:44:00,93.96666666666667
2016-04-01 18:45:00,88.07894736842105
2016-04-01 18:46:00,71.8076923076923
2016-04-01 18:47:00,74.04545454545455
2016-04-01 18:48:00,79.07142857142857
2016-04-01 18:49:00,84.61904761904762
2016-04-01 18:50:00,85.86206896551724
2016-04-01 18:51:00,86.53125
2016-04-01 18:52:00,95.28
2016-04-01 18:53:00,98.17241379310344
2016-04-01 18:54:00,99.12903225806451
2016-04-01 18:55:00,87.5925925925926
2016-04-01 18:56:00,89.34482758620689
2016-04-01 18:57:00,88.11111111111111
2016-04-01 18:58:00,83.25806451612904
2016-04-01 18:59:00,82.76666666666667
2016-04-01 19:00:00,84.36
2016-04-01 19:01:00,86.03571428571429
2016-04-01 19:02:00,86.4
2016-04-01 19:03:00,86.08
2016-04-01 19:04:00,88.88461538461539
2016-04-01 19:05:00,91.25
2016-04-01 19:06:00,94.0
2016-04-01 19:07:00,91.96428571428571
2016-04-01 19:08:00,84.78260869565217
2016-04-01 19:09:00,83.51851851851852
2016-04-01 19:10:00,85.34615384615384
2016-04-01 19:11:00,90.10714285714286
2016-04-01 19:12:00,84.1923076923077
2016-04-01 19:13:00,83.44444444444444
2016-04-01 19:14:00,81.47826086956522
2016-04-01 19:15:00,80.0
2016-04-01 19:16:00,83.95652173913044
2016-04-01 19:17:00,79.04545454545455
2016-04-01 19:18:00,81.07692307692308
2016-04-01 19:19:00,85.8076923076923
2016-04-01 19:20:00,87.21428571428571
2016-04-01 19:21:00,83.08695652173913
2016-04-01 19:22:00,83.22727272727273
2016-04-01 19:23:00,81.3
2016-04-01 19:24:00,82.84848484848484
2016-04-01 19:25:00,75.30434782608695
2016-04-01 19:26:00,79.0
2016-04-01 19:27:00,78.9047619047619
2016-04-01 19:28:00,81.125
2016-04-01 19:29:00,83.70588235294117
2016-04-01 19:30:00,85.80952380952381
2016-04-01 19:31:00,83.23076923076923
2016-04-01 19:32:00,84.0
2016-04-01 19:33:00,83.56
2016-04-01 19:34:00,84.35
2016-04-01 19:35:00,88.0625
2016-04-01 19:36:00,91.04166666666667
2016-04-01 19:37:00,90.60606060606061
2016-04-01 19:38:00,89.04347826086956
2016-04-01 19:39:00,86.28571428571429
2016-04-01 19:40:00,86.44
2016-04-01 19:41:00,79.95454545454545
2016-04-01 19:42:00,80.5
2016-04-01 19:43:00,80.5909090909091
2016-04-01 19:44:00,77.6923076923077
2016-04-01 19:45:00,79.6
2016-04-01 19:46:00,82.45161290322581
2016-04-01 19:47:00,87.41666666666667
2016-04-01 19:48:00,92.6
2016-04-01 19:49:00,93.92
2016-04-01 19:50:00,93.91304347826087
2016-04-01 19:51:00,91.24137931034483
2016-04-01 19:52:00,87.72
2016-04-01 19:53:00,84.07407407407408
2016-04-01 19:54:00,81.48148148148148
2016-04-01 19:55:00,81.78571428571429
2016-04-01 19:56:00,82.95833333333333
2016-04-01 19:57:00,85.33333333333333
2016-04-01 19:58:00,83.76
2016-04-01 19:59:00,81.58333333333333
2016-04-01 20:00:00,83.64
2016-04-01 20:01:00,91.37142857142857
2016-04-01 20:02:00,83.5925925925926
2016-04-01 20:03:00,78.52
2016-04-01 20:04:00,83.26086956521739
2016-04-01 20:05:00,85.54545454545455
2016-04-01 20:06:00,84.875
2016-04-01 20:07:00,82.8
2016-04-01 20:08:00,89.6969696969697
2016-04-01 20:09:00,87.57692307692308
2016-04-01 20:10:00,80.76666666666667
2016-04-01 20:11:00,80.73076923076923
2016-04-01 20:12:00,77.46153846153847
2016-04-01 20:13:00,74.84
2016-04-01 20:14:00,77.04
2016-04-01 20:15:00,78.70833333333333
2016-04-01 20:16:00,80.78571428571429
2016-04-01 20:17:00,82.74074074074075
2016-04-01 20:18:00,81.9
2016-04-01 20:19:00,82.64
2016-04-01 20:20:00,83.26086956521739
2016-04-01 20:21:00,83.43478260869566
2016-04-01 20:22:00,80.21428571428571
2016-04-01 20:23:00,91.9090909090909
2016-04-01 20:24:00,80.66666666666667
2016-04-01 20:25:00,87.07142857142857
2016-04-01 20:26:00,90.94736842105263
2016-04-01 20:27:00,93.58333333333333
2016-04-01 20:28:00,100.96428571428571
2016-04-01 20:29:00,91.53125
2016-04-01 20:30:00,85.88461538461539
2016-04-01 20:31:00,94.07692307692308
2016-04-01 20:32:00,91.81481481481481
2016-04-01 20:33:00,94.37037037037037
2016-04-01 20:34:00,92.22222222222223
2016-04-01 20:35:00,88.0
2016-04-01 20:36:00,84.95833333333333
2016-04-01 20:37:00,85.39285714285714
2016-04-01 20:38:00,90.5909090909091
2016-04-01 20:39:00,87.6923076923077
2016-04-01 20:40:00,87.53846153846153
2016-04-01 20:41:00,86.26086956521739
2016-04-01 20:42:00,86.33333333333333
2016-04-01 20:43:00,75.04
2016-04-01 20:44:00,81.76666666666667
2016-04-01 20:45:00,87.55555555555556
2016-04-01 20:46:00,89.3076923076923
2016-04-01 20:47:00,89.89285714285714
2016-04-01 20:48:00,89.84375
2016-04-01 20:49:00,90.31818181818181
2016-04-01 20:50:00,87.07692307692308
2016-04-01 20:51:00,84.92
2016-04-01 20:52:00,87.66666666666667
2016-04-01 20:53:00,91.14285714285714
2016-04-01 20:54:00,84.08695652173913
2016-04-01 20:55:00,84.29629629629629
2016-04-01 20:56:00,88.5
2016-04-01 20:57:00,90.56521739130434
2016-04-01 20:58:00,89.54166666666667
2016-04-01 20:59:00,85.5
2016-04-01 21:00:00,84.58333333333333
2016-04-01 21:01:00,94.93103448275862
2016-04-01 21:02:00,93.96296296296296
2016-04-01 21:03:00,100.03333333333333
2016-04-01 21:04:00,94.3225806451613
2016-04-01 21:05:00,94.03846153846153
2016-04-01 21:06:00,91.64
2016-04-01 21:07:00,91.625
2016-04-01 21:08:00,89.75
2016-04-01 21:09:00,91.32142857142857
2016-04-01 21:10:00,83.65384615384616
2016-04-01 21:11:00,83.33333333333333
2016-04-01 21:12:00,88.3103448275862
2016-04-01 21:13:00,84.68181818181819
2016-04-01 21:14:00,83.17391304347827
2016-04-01 21:15:00,87.96666666666667
2016-04-01 21:16:00,85.96153846153847
2016-04-01 21:17:00,88.25
2016-04-01 21:18:00,88.88461538461539
2016-04-01 21:19:00,87.64285714285714
2016-04-01 21:20:00,89.15384615384616
2016-04-01 21:21:00,84.15384615384616
2016-04-01 21:22:00,87.0
2016-04-01 21:23:00,86.78571428571429
2016-04-01 21:24:00,88.86206896551724
2016-04-01 21:25:00,91.51724137931035
2016-04-01 21:26:00,91.24
2016-04-01 21:27:00,89.5925925925926
2016-04-01 21:28:00,93.32
2016-04-01 21:29:00,92.22727272727273
2016-04-01 21:30:00,86.96551724137932
2016-04-01 21:31:00,86.41379310344827
2016-04-01 21:32:00,84.87878787878788
2016-04-01 21:33:00,84.0
2016-04-01 21:34:00,80.17391304347827
2016-04-01 21:35:00,82.9375
2016-04-01 21:36:00,78.65625
2016-04-01 21:37:00,82.18518518518519
2016-04-01 21:38:00,84.07407407407408
2016-04-01 21:39:00,83.11538461538461
2016-04-01 21:40:00,82.68
2016-04-01 21:41:00,82.42307692307692
2016-04-01 21:42:00,81.72
2016-04-01 21:43:00,81.96
2016-04-01 21:44:00,86.26666666666667
2016-04-01 21:45:00,84.64285714285714
2016-04-01 21:46:00,91.92857142857143
2016-04-01 21:47:00,81.52
2016-04-01 21:48:00,79.76
2016-04-01 21:49:00,80.74074074074075
2016-04-01 21:50:00,80.33333333333333
2016-04-01 21:51:00,77.73076923076923
2016-04-01 21:52:00,82.28125
2016-04-01 21:53:00,80.92307692307692
2016-04-01 21:54:00,77.82142857142857
2016-04-01 21:55:00,74.76
2016-04-01 21:56:00,81.27777777777777
2016-04-01 21:57:00,79.66666666666667
2016-04-01 21:58:00,75.23076923076923
2016-04-01 21:59:00,77.72413793103448
2016-04-01 22:00:00,77.33333333333333
2016-04-01 22:01:00,81.375
2016-04-01 22:02:00,79.3076923076923
2016-04-01 22:03:00,92.4375
2016-04-01 22:04:00,95.89655172413794
2016-04-01 22:05:00,90.73913043478261
2016-04-01 22:06:00,86.67857142857143
2016-04-01 22:07:00,80.03571428571429
2016-04-01 22:08:00,76.84
2016-04-01 22:09:00,76.71428571428571
2016-04-01 22:10:00,77.07692307692308
2016-04-01 22:11:00,78.96296296296296
2016-04-01 22:12:00,76.24242424242425
2016-04-01 22:13:00,78.38461538461539
2016-04-01 22:14:00,75.72727272727273
2016-04-01 22:15:00,74.72413793103448
2016-04-01 22:16:00,75.91666666666667
2016-04-01 22:17:00,78.03846153846153
2016-04-01 22:18:00,81.0
2016-04-01 22:19:00,89.18185425685425
2016-04-01 22:20:00,88.69660169013616
2016-04-01 22:21:00,89.2356098736346
2016-04-01 22:22:00,87.66015048830995
2016-04-01 22:23:00,88.09213348733603
2016-04-01 22:24:00,87.12727438007943
2016-04-01 22:25:00,86.929580081754
2016-04-01 22:26:00,88.50211840628508
2016-04-01 22:27:00,87.15453250453251
2016-04-01 22:28:00,88.32810256410256
2016-04-01 22:29:00,85.28599472990777
2016-04-01 22:30:00,84.34695476936857
2016-04-01 22:31:00,86.48902205788602
2016-04-01 22:32:00,84.51817391304348
2016-04-01 22:33:00,85.1638923395445
2016-04-01 22:34:00,85.14502663198314
2016-04-01 22:35:00,84.60087105165367
2016-04-01 22:36:00,84.97797162343197
2016-04-01 22:37:00,85.76245059288537
2016-04-01 22:38:00,87.99177777777778
2016-04-01 22:39:00,86.54084564860428
2016-04-01 22:40:00,81.84723253757736
2016-04-01 22:41:00,81.73115151515151
2016-04-01 22:42:00,81.56725925925926
2016-04-01 22:43:00,81.5634296400187
2016-04-01 22:44:00,80.89832298136646
2016-04-01 22:45:00,80.36383459857373
2016-04-01 22:46:00,78.39566113234591
2016-04-01 22:47:00,78.39937671024627
2016-04-01 22:48:00,77.67128270280445
2016-04-01 22:49:00,78.24836363636364
2016-04-01 22:50:00,76.9290542958186
2016-04-01 22:51:00,78.08804293634526
2016-04-01 22:52:00,81.5835
2016-04-01 22:53:00,81.88658601458602
2016-04-01 22:54:00,80.03846153846153
2016-04-01 22:55:00,72.52
2016-04-01 22:56:00,71.76
2016-04-01 22:57:00,72.07692307692308
2016-04-01 22:58:00,75.5
2016-04-01 22:59:00,74.03448275862068
2016-04-01 23:00:00,74.15384615384616
2016-04-01 23:01:00,79.08695652173913
2016-04-01 23:02:00,77.20833333333333
2016-04-01 23:03:00,73.16666666666667
2016-04-01 23:04:00,75.29166666666667
2016-04-01 23:05:00,77.47826086956522
2016-04-01 23:06:00,80.76923076923077
2016-04-01 23:07:00,75.77272727272727
2016-04-01 23:08:00,74.92307692307692
2016-04-01 23:09:00,74.84
2016-04-01 23:10:00,75.23809523809524
2016-04-01 23:11:00,78.6
2016-04-01 23:12:00,78.6
2016-04-01 23:13:00,80.65217391304348
2016-04-01 23:14:00,76.56521739130434
2016-04-01 23:15:00,72.33333333333333
2016-04-01 23:16:00,73.19047619047619
2016-04-01 23:17:00,72.15384615384616
2016-04-01 23:18:00,76.375
2016-04-01 23:19:00,77.6923076923077
2016-04-01 23:20:00,76.08333333333333
2016-04-01 23:21:00,75.78260869565217
2016-04-01 23:22:00,77.32
2016-04-01 23:23:00,75.27272727272727
2016-04-01 23:24:00,73.8
2016-04-01 23:25:00,73.69565217391305
2016-04-01 23:26:00,80.3030303030303
2016-04-01 23:27:00,75.27586206896552
2016-04-01 23:28:00,75.44
2016-04-01 23:29:00,73.25925925925925
2016-04-01 23:30:00,69.82608695652173
2016-04-01 23:31:00,68.25
2016-04-01 23:32:00,68.25
2016-04-01 23:33:00,69.91666666666667
2016-04-01 23:34:00,69.41666666666667
2016-04-01 23:35:00,72.25
2016-04-01 23:36:00,70.92307692307692
2016-04-01 23:37:00,68.52173913043478
2016-04-01 23:38:00,67.48148148148148
2016-04-01 23:39:00,63.958333333333336
2016-04-01 23:40:00,63.5
2016-04-01 23:41:00,64.25
2016-04-01 23:42:00,63.38461538461539
2016-04-01 23:43:00,63.666666666666664
2016-04-01 23:44:00,64.78260869565217
2016-04-01 23:45:00,65.4
2016-04-01 23:46:00,66.22727272727273
2016-04-01 23:47:00,65.33333333333333
2016-04-01 23:48:00,65.70833333333333
2016-04-01 23:49:00,66.34615384615384
2016-04-01 23:50:00,62.72727272727273
2016-04-01 23:51:00,63.59090909090909
2016-04-01 23:52:00,63.04761904761905
2016-04-01 23:53:00,62.96
2016-04-01 23:54:00,64.375
2016-04-01 23:55:00,65.45833333333333
2016-04-01 23:56:00,61.86363636363637
2016-04-01 23:57:00,61.125
2016-04-01 23:58:00,60.90909090909091
2016-04-01 23:59:00,61.5
2016-04-02 00:00:00,61.608695652173914
2016-04-02 00:01:00,59.74074074074074
2016-04-02 00:02:00,59.65217391304348
2016-04-02 00:03:00,60.59090909090909
2016-04-02 00:04:00,60.38461538461539
2016-04-02 00:05:00,61.166666666666664
2016-04-02 00:06:00,62.23076923076923
2016-04-02 00:07:00,60.69565217391305
2016-04-02 00:08:00,61.86206896551724
2016-04-02 00:09:00,63.51851851851852
2016-04-02 00:10:00,64.17391304347827
2016-04-02 00:11:00,63.32
2016-04-02 00:12:00,66.84
2016-04-02 00:13:00,68.625
2016-04-02 00:14:00,71.25925925925925
2016-04-02 00:15:00,70.89285714285714
2016-04-02 00:16:00,68.81481481481481
2016-04-02 00:17:00,72.07692307692308
2016-04-02 00:18:00,68.13333333333334
2016-04-02 00:19:00,70.0
2016-04-02 00:20:00,68.6086956521739
2016-04-02 00:21:00,67.8695652173913
2016-04-02 00:22:00,69.73076923076923
2016-04-02 00:23:00,66.34615384615384
2016-04-02 00:24:00,66.1304347826087
2016-04-02 00:25:00,70.07407407407408
2016-04-02 00:26:00,68.72727272727273
2016-04-02 00:27:00,68.0
2016-04-02 00:28:00,69.0
2016-04-02 00:29:00,67.04166666666667
2016-04-02 00:30:00,68.67857142857143
2016-04-02 00:31:00,65.5925925925926
2016-04-02 00:32:00,67.27272727272727
2016-04-02 00:33:00,67.125
2016-04-02 00:34:00,64.23076923076923
2016-04-02 00:35:00,63.22727272727273
2016-04-02 00:36:00,63.19047619047619
2016-04-02 00:37:00,62.45454545454545
2016-04-02 00:38:00,62.95454545454545
2016-04-02 00:39:00,63.57142857142857
2016-04-02 00:40:00,64.27272727272727
2016-04-02 00:41:00,64.0952380952381
2016-04-02 00:42:00,64.27272727272727
2016-04-02 00:43:00,64.08
2016-04-02 00:44:00,64.21875
2016-04-02 00:45:00,57.59090909090909
2016-04-02 00:46:00,58.19047619047619
2016-04-02 00:47:00,58.27272727272727
2016-04-02 00:48:00,58.47826086956522
2016-04-02 00:49:00,59.08695652173913
2016-04-02 00:50:00,59.40909090909091
2016-04-02 00:51:00,59.52173913043478
2016-04-02 00:52:00,59.63636363636363
2016-04-02 00:53:00,63.52173913043478
2016-04-02 00:54:00,60.95652173913044
2016-04-02 00:55:00,60.083333333333336
2016-04-02 00:56:00,59.07692307692308
2016-04-02 00:57:00,58.476190476190474
2016-04-02 00:58:00,58.36363636363637
2016-04-02 00:59:00,59.142857142857146
2016-04-02 01:00:00,58.47826086956522
2016-04-02 01:01:00,59.26086956521739
2016-04-02 01:02:00,59.21739130434783
2016-04-02 01:03:00,62.25806451612903
2016-04-02 01:04:00,59.09090909090909
2016-04-02 01:05:00,58.95652173913044
2016-04-02 01:06:00,59.0
2016-04-02 01:07:00,59.0
2016-04-02 01:08:00,58.666666666666664
2016-04-02 01:09:00,58.0
2016-04-02 01:10:00,58.0
2016-04-02 01:11:00,58.0
2016-04-02 01:12:00,58.541666666666664
2016-04-02 01:13:00,59.04347826086956
2016-04-02 01:14:00,59.26086956521739
2016-04-02 01:15:00,60.0
2016-04-02 01:16:00,59.88
2016-04-02 01:17:00,58.4
2016-04-02 01:18:00,58.96153846153846
2016-04-02 01:19:00,59.458333333333336
2016-04-02 01:20:00,60.0
2016-04-02 01:21:00,59.827586206896555
2016-04-02 01:22:00,60.125
2016-04-02 01:23:00,60.56
2016-04-02 01:24:00,60.0
2016-04-02 01:25:00,60.65384615384615
2016-04-02 01:26:00,59.65217391304348
2016-04-02 01:27:00,59.666666666666664
2016-04-02 01:28:00,60.208333333333336
2016-04-02 01:29:00,60.541666666666664
2016-04-02 01:30:00,61.0
2016-04-02 01:31:00,60.59090909090909
2016-04-02 01:32:00,60.0
2016-04-02 01:33:00,60.0
2016-04-02 01:34:00,60.0
2016-04-02 01:35:00,60.4
2016-04-02 01:36:00,59.90909090909091
2016-04-02 01:37:00,70.32142857142857
2016-04-02 01:38:00,61.0
2016-04-02 01:39:00,56.88
2016-04-02 01:40:00,56.92
2016-04-02 01:41:00,56.56
2016-04-02 01:42:00,55.8
2016-04-02 01:43:00,57.416666666666664
2016-04-02 01:44:00,60.608695652173914
2016-04-02 01:45:00,62.625
2016-04-02 01:46:00,65.1923076923077
2016-04-02 01:47:00,64.08333333333333
2016-04-02 01:48:00,60.88
2016-04-02 01:49:00,64.81818181818181
2016-04-02 01:50:00,72.3076923076923
2016-04-02 01:51:00,67.34482758620689
2016-04-02 01:52:00,57.54838709677419
2016-04-02 01:53:00,57.851851851851855
2016-04-02 01:54:00,60.96153846153846
2016-04-02 01:55:00,59.0
2016-04-02 01:56:00,63.629629629629626
2016-04-02 01:57:00,59.09090909090909
2016-04-02 01:58:00,60.22222222222222
2016-04-02 01:59:00,56.88
2016-04-02 02:00:00,56.0
2016-04-02 02:01:00,56.22727272727273
2016-04-02 02:02:00,56.13636363636363
2016-04-02 02:03:00,56.875
2016-04-02 02:04:00,57.416666666666664
2016-04-02 02:05:00,64.32142857142857
2016-04-02 02:06:00,57.18518518518518
2016-04-02 02:07:00,55.40909090909091
2016-04-02 02:08:00,54.869565217391305
2016-04-02 02:09:00,55.13636363636363
2016-04-02 02:10:00,55.95454545454545
2016-04-02 02:11:00,56.26086956521739
2016-04-02 02:12:00,57.57142857142857
2016-04-02 02:13:00,57.851851851851855
2016-04-02 02:14:00,57.095238095238095
2016-04-02 02:15:00,57.59090909090909
2016-04-02 02:16:00,57.476190476190474
2016-04-02 02:17:00,58.285714285714285
2016-04-02 02:18:00,58.63636363636363
2016-04-02 02:19:00,58.04761904761905
2016-04-02 02:20:00,58.285714285714285
2016-04-02 02:21:00,59.36363636363637
2016-04-02 02:22:00,59.130434782608695
2016-04-02 02:23:00,58.869565217391305
2016-04-02 02:24:00,59.0
2016-04-02 02:25:00,58.52173913043478
2016-04-02 02:26:00,59.095238095238095
2016-04-02 02:27:00,59.09090909090909
2016-04-02 02:28:00,59.4
2016-04-02 02:29:00,74.86206896551724
2016-04-02 02:30:00,63.096774193548384
2016-04-02 02:31:00,54.91304347826087
2016-04-02 02:32:00,56.45454545454545
2016-04-02 02:33:00,57.19047619047619
2016-04-02 02:34:00,58.083333333333336
2016-04-02 02:35:00,57.57142857142857
2016-04-02 02:36:00,58.77272727272727
2016-04-02 02:37:00,59.42857142857143
2016-04-02 02:38:00,61.76
2016-04-02 02:39:00,53.96
2016-04-02 02:40:00,52.40909090909091
2016-04-02 02:41:00,53.1
2016-04-02 02:42:00,52.73913043478261
2016-04-02 02:43:00,53.130434782608695
2016-04-02 02:44:00,53.04
2016-04-02 02:45:00,53.541666666666664
2016-04-02 02:46:00,53.56
2016-04-02 02:47:00,53.47826086956522
2016-04-02 02:48:00,53.04347826086956
2016-04-02 02:49:00,52.54545454545455
2016-04-02 02:50:00,53.13636363636363
2016-04-02 02:51:00,53.54545454545455
2016-04-02 02:52:00,53.0
2016-04-02 02:53:00,53.22727272727273
2016-04-02 02:54:00,53.36363636363637
2016-04-02 02:55:00,53.36363636363637
2016-04-02 02:56:00,54.26086956521739
2016-04-02 02:57:00,53.72727272727273
2016-04-02 02:58:00,53.708333333333336
2016-04-02 02:59:00,53.583333333333336
2016-04-02 03:00:00,53.68181818181818
2016-04-02 03:01:00,53.69565217391305
2016-04-02 03:02:00,54.77777777777778
2016-04-02 03:03:00,54.166666666666664
2016-04-02 03:04:00,53.47826086956522
2016-04-02 03:05:00,53.73913043478261
2016-04-02 03:06:00,53.458333333333336
2016-04-02 03:07:00,55.857142857142854
2016-04-02 03:08:00,56.80952380952381
2016-04-02 03:09:00,56.62068965517241
2016-04-02 03:10:00,55.84615384615385
2016-04-02 03:11:00,56.86666666666667
2016-04-02 03:12:00,60.806451612903224
2016-04-02 03:13:00,57.166666666666664
2016-04-02 03:14:00,60.833333333333336
2016-04-02 03:15:00,61.56521739130435
2016-04-02 03:16:00,59.391304347826086
2016-04-02 03:17:00,60.608695652173914
2016-04-02 03:18:00,60.28
2016-04-02 03:19:00,58.833333333333336
2016-04-02 03:20:00,62.56521739130435
2016-04-02 03:21:00,59.608695652173914
2016-04-02 03:22:00,57.24
2016-04-02 03:23:00,60.51851851851852
2016-04-02 03:24:00,58.73913043478261
2016-04-02 03:25:00,59.52
2016-04-02 03:26:00,58.72727272727273
2016-04-02 03:27:00,58.19230769230769
2016-04-02 03:28:00,55.38709677419355
2016-04-02 03:29:00,57.48148148148148
2016-04-02 03:30:00,61.0
2016-04-02 03:31:00,60.61538461538461
2016-04-02 03:32:00,56.88
2016-04-02 03:33:00,57.92307692307692
2016-04-02 03:34:00,60.333333333333336
2016-04-02 03:35:00,54.142857142857146
2016-04-02 03:36:00,60.09090909090909
2016-04-02 03:37:00,59.6
2016-04-02 03:38:00,58.916666666666664
2016-04-02 03:39:00,60.45454545454545
2016-04-02 03:40:00,60.04545454545455
2016-04-02 03:41:00,60.17391304347826
2016-04-02 03:42:00,58.666666666666664
2016-04-02 03:43:00,59.76
2016-04-02 03:44:00,61.083333333333336
2016-04-02 03:45:00,59.86363636363637
2016-04-02 03:46:00,58.90909090909091
2016-04-02 03:47:00,59.81818181818182
2016-04-02 03:48:00,58.65217391304348
2016-04-02 03:49:00,55.03846153846154
2016-04-02 03:50:00,54.03846153846154
2016-04-02 03:51:00,53.26086956521739
2016-04-02 03:52:00,53.30434782608695
2016-04-02 03:53:00,53.523809523809526
2016-04-02 03:54:00,53.333333333333336
2016-04-02 03:55:00,53.95238095238095
2016-04-02 03:56:00,54.80952380952381
2016-04-02 03:57:00,54.95652173913044
2016-04-02 03:58:00,54.13636363636363
2016-04-02 03:59:00,55.81818181818182
2016-04-02 04:00:00,56.04761904761905
2016-04-02 04:01:00,55.095238095238095
2016-04-02 04:02:00,55.52173913043478
2016-04-02 04:03:00,55.13636363636363
2016-04-02 04:04:00,54.36363636363637
2016-04-02 04:05:00,48.24
2016-04-02 04:06:00,49.714285714285715
2016-04-02 04:07:00,51.04
2016-04-02 04:08:00,50.81818181818182
2016-04-02 04:09:00,51.68181818181818
2016-04-02 04:10:00,52.416666666666664
2016-04-02 04:11:00,54.09090909090909
2016-04-02 04:12:00,54.57142857142857
2016-04-02 04:13:00,54.72727272727273
2016-04-02 04:14:00,54.65217391304348
2016-04-02 04:15:00,55.23809523809524
2016-04-02 04:16:00,54.904761904761905
2016-04-02 04:17:00,55.416666666666664
2016-04-02 04:18:00,57.18181818181818
2016-04-02 04:19:00,55.90909090909091
2016-04-02 04:20:00,56.18181818181818
2016-04-02 04:21:00,57.34782608695652
2016-04-02 04:22:00,57.31818181818182
2016-04-02 04:23:00,57.07692307692308
2016-04-02 04:24:00,57.166666666666664
2016-04-02 04:25:00,57.095238095238095
2016-04-02 04:26:00,57.0
2016-04-02 04:27:00,57.76190476190476
2016-04-02 04:28:00,57.40909090909091
2016-04-02 04:29:00,57.5
2016-04-02 04:30:00,58.125
2016-04-02 04:31:00,58.608695652173914
2016-04-02 04:32:00,59.27272727272727
2016-04-02 04:33:00,59.82608695652174
2016-04-02 04:34:00,59.095238095238095
2016-04-02 04:35:00,58.72727272727273
2016-04-02 04:36:00,59.0
2016-04-02 04:37:00,59.0
2016-04-02 04:38:00,59.0
2016-04-02 04:39:00,59.0
2016-04-02 04:40:00,59.0
2016-04-02 04:41:00,63.766127946127945
2016-04-02 04:42:00,65.38144383394383
2016-04-02 04:43:00,64.13614482291901
2016-04-02 04:44:00,62.37527386858565
2016-04-02 04:45:00,72.15384615384616
2016-04-02 04:46:00,56.44827586206897
2016-04-02 04:47:00,52.72727272727273
2016-04-02 04:48:00,54.44
2016-04-02 04:49:00,54.111111111111114
2016-04-02 04:50:00,56.55555555555556
2016-04-02 04:51:00,54.19230769230769
2016-04-02 04:52:00,58.61290322580645
2016-04-02 04:53:00,59.5
2016-04-02 04:54:00,58.42857142857143
2016-04-02 04:55:00,56.52
2016-04-02 04:56:00,58.30769230769231
2016-04-02 04:57:00,56.689655172413794
2016-04-02 04:58:00,55.370370370370374
2016-04-02 04:59:00,54.666666666666664
2016-04-02 05:00:00,58.83870967741935
2016-04-02 05:01:00,56.67857142857143
2016-04-02 05:02:00,56.541666666666664
2016-04-02 05:03:00,58.96153846153846
2016-04-02 05:04:00,59.583333333333336
2016-04-02 05:05:00,57.241379310344826
2016-04-02 05:06:00,56.625
2016-04-02 05:07:00,55.81481481481482
2016-04-02 05:08:00,56.5625
2016-04-02 05:09:00,56.476190476190474
2016-04-02 05:10:00,55.64
2016-04-02 05:11:00,54.09090909090909
2016-04-02 05:12:00,53.92
2016-04-02 05:13:00,53.73913043478261
2016-04-02 05:14:00,54.43478260869565
2016-04-02 05:15:00,53.130434782608695
2016-04-02 05:16:00,54.42307692307692
2016-04-02 05:17:00,54.125
2016-04-02 05:18:00,54.30434782608695
2016-04-02 05:19:00,53.5
2016-04-02 05:20:00,55.04347826086956
2016-04-02 05:21:00,54.23809523809524
2016-04-02 05:22:00,56.43478260869565
2016-04-02 05:23:00,60.285714285714285
2016-04-02 05:24:00,62.0
2016-04-02 05:25:00,66.875
2016-04-02 05:26:00,77.2258064516129
2016-04-02 05:27:00,92.95652173913044
2016-04-02 05:28:00,88.38461538461539
2016-04-02 05:29:00,85.77777777777777
2016-04-02 05:30:00,79.39285714285714
2016-04-02 05:31:00,60.61764705882353
2016-04-02 05:32:00,51.43478260869565
2016-04-02 05:33:00,50.95454545454545
2016-04-02 05:34:00,51.416666666666664
2016-04-02 05:35:00,51.63636363636363
2016-04-02 05:36:00,52.95238095238095
2016-04-02 05:37:00,52.81818181818182
2016-04-02 05:38:00,55.72
2016-04-02 05:39:00,52.785714285714285
2016-04-02 05:40:00,51.03333333333333
2016-04-02 05:41:00,56.54838709677419
2016-04-02 05:42:00,52.869565217391305
2016-04-02 05:43:00,51.44444444444444
2016-04-02 05:44:00,53.357142857142854
2016-04-02 05:45:00,53.0
2016-04-02 05:46:00,52.43478260869565
2016-04-02 05:47:00,54.22727272727273
2016-04-02 05:48:00,54.34782608695652
2016-04-02 05:49:00,54.23809523809524
2016-04-02 05:50:00,53.56
2016-04-02 05:51:00,54.04
2016-04-02 05:52:00,55.86363636363637
2016-04-02 05:53:00,54.869565217391305
2016-04-02 05:54:00,54.73913043478261
2016-04-02 05:55:00,55.72
2016-04-02 05:56:00,55.17391304347826
2016-04-02 05:57:00,55.17391304347826
2016-04-02 05:58:00,56.08695652173913
2016-04-02 05:59:00,56.904761904761905
2016-04-02 06:00:00,56.5
2016-04-02 06:01:00,57.08
2016-04-02 06:02:00,57.391304347826086
2016-04-02 06:03:00,58.4
2016-04-02 06:04:00,57.53846153846154
2016-04-02 06:05:00,64.7741935483871
2016-04-02 06:06:00,55.77777777777778
2016-04-02 06:07:00,55.19230769230769
2016-04-02 06:08:00,56.65384615384615
2016-04-02 06:09:00,55.52173913043478
2016-04-02 06:10:00,55.607142857142854
2016-04-02 06:11:00,56.28
2016-04-02 06:12:00,56.28
2016-04-02 06:13:00,58.3
2016-04-02 06:14:00,58.43333333333333
2016-04-02 06:15:00,59.3125
2016-04-02 06:16:00,62.642857142857146
2016-04-02 06:17:00,64.15384615384616
2016-04-02 06:18:00,60.42424242424242
2016-04-02 06:19:00,58.96666666666667
2016-04-02 06:20:00,54.32
2016-04-02 06:21:00,56.266666666666666
2016-04-02 06:22:00,59.142857142857146
2016-04-02 06:23:00,59.515151515151516
2016-04-02 06:24:00,56.54838709677419
2016-04-02 06:25:00,56.13333333333333
2016-04-02 06:26:00,56.2
2016-04-02 06:27:00,54.96
2016-04-02 06:28:00,56.111111111111114
2016-04-02 06:29:00,54.80769230769231
2016-04-02 06:30:00,54.0
2016-04-02 06:31:00,57.28
2016-04-02 06:32:00,55.13333333333333
2016-04-02 06:33:00,56.13793103448276
2016-04-02 06:34:00,57.45161290322581
2016-04-02 06:35:00,60.78787878787879
2016-04-02 06:36:00,61.48148148148148
2016-04-02 06:37:00,53.233333333333334
2016-04-02 06:38:00,53.19230769230769
2016-04-02 06:39:00,53.7037037037037
2016-04-02 06:40:00,54.96551724137931
2016-04-02 06:41:00,61.8235294117647
2016-04-02 06:42:00,59.81481481481482
2016-04-02 06:43:00,57.82142857142857
2016-04-02 06:44:00,57.5
2016-04-02 06:45:00,58.666666666666664
2016-04-02 06:46:00,62.44444444444444
2016-04-02 06:47:00,62.27272727272727
2016-04-02 06:48:00,62.04
2016-04-02 06:49:00,62.31818181818182
2016-04-02 06:50:00,61.535714285714285
2016-04-02 06:51:00,58.0
2016-04-02 06:52:00,50.88461538461539
2016-04-02 06:53:00,57.407407407407405
2016-04-02 06:54:00,56.92
2016-04-02 06:55:00,59.08
2016-04-02 06:56:00,57.56
2016-04-02 06:57:00,54.875
2016-04-02 06:58:00,55.64
2016-04-02 06:59:00,56.708333333333336
2016-04-02 07:00:00,57.241379310344826
2016-04-02 07:01:00,54.708333333333336
2016-04-02 07:02:00,56.48148148148148
2016-04-02 07:03:00,58.925925925925924
2016-04-02 07:04:00,60.13333333333333
2016-04-02 07:05:00,60.43478260869565
2016-04-02 07:06:00,58.708333333333336
2016-04-02 07:07:00,62.5
2016-04-02 07:08:00,66.88571428571429
2016-04-02 07:09:00,58.26923076923077
2016-04-02 07:10:00,59.45161290322581
2016-04-02 07:11:00,56.0
2016-04-02 07:12:00,59.375
2016-04-02 07:13:00,58.44444444444444
2016-04-02 07:14:00,58.0
2016-04-02 07:15:00,61.166666666666664
2016-04-02 07:16:00,58.44
2016-04-02 07:17:00,57.214285714285715
2016-04-02 07:18:00,59.607142857142854
2016-04-02 07:19:00,60.23076923076923
2016-04-02 07:20:00,58.82608695652174
2016-04-02 07:21:00,59.03333333333333
2016-04-02 07:22:00,60.42857142857143
2016-04-02 07:23:00,57.666666666666664
2016-04-02 07:24:00,58.2
2016-04-02 07:25:00,60.0
2016-04-02 07:26:00,59.806451612903224
2016-04-02 07:27:00,53.375
2016-04-02 07:28:00,55.27272727272727
2016-04-02 07:29:00,55.166666666666664
2016-04-02 07:30:00,57.5
2016-04-02 07:31:00,58.0
2016-04-02 07:32:00,58.0
2016-04-02 07:33:00,58.0
2016-04-02 07:34:00,58.0
2016-04-02 07:35:00,74.28559614559614
2016-04-02 07:36:00,72.76368366539008
2016-04-02 07:37:00,74.28773762469415
2016-04-02 07:38:00,74.27865211252309
2016-04-02 07:39:00,72.57880341880342
2016-04-02 07:40:00,73.2491035716141
2016-04-02 07:41:00,74.37156565656566
2016-04-02 07:42:00,74.56840748997796
2016-04-02 07:43:00,73.65204460059532
2016-04-02 07:44:00,76.75430253623189
2016-04-02 07:45:00,77.88785561660562
2016-04-02 07:46:00,77.40150112233445
2016-04-02 07:47:00,79.32732576602142
2016-04-02 07:48:00,76.55017288902093
2016-04-02 07:49:00,76.38757919103314
2016-04-02 07:50:00,74.8172619047619
2016-04-02 07:51:00,73.35766045548654
2016-04-02 07:52:00,74.41873866873867
2016-04-02 07:53:00,74.39564737731405
2016-04-02 07:54:00,75.85102209526762
2016-04-02 07:55:00,77.18154150197628
2016-04-02 07:56:00,76.42499502413295
2016-04-02 07:57:00,75.05835497835498
2016-04-02 07:58:00,76.15058552558553
2016-04-02 07:59:00,79.5212065233617
2016-04-02 08:00:00,80.85129570507769
2016-04-02 08:01:00,82.82402209577667
2016-04-02 08:02:00,74.72727272727273
2016-04-02 08:03:00,65.51851851851852
2016-04-02 08:04:00,63.73913043478261
2016-04-02 08:05:00,60.57692307692308
2016-04-02 08:06:00,59.416666666666664
2016-04-02 08:07:00,58.625
2016-04-02 08:08:00,58.0
2016-04-02 08:09:00,58.12
2016-04-02 08:10:00,58.82608695652174
2016-04-02 08:11:00,59.416666666666664
2016-04-02 08:12:00,60.48148148148148
2016-04-02 08:13:00,61.82142857142857
2016-04-02 08:14:00,59.125
2016-04-02 08:15:00,58.888888888888886
2016-04-02 08:16:00,60.12
2016-04-02 08:17:00,61.275862068965516
2016-04-02 08:18:00,60.827586206896555
2016-04-02 08:19:00,60.30434782608695
2016-04-02 08:20:00,61.08
2016-04-02 08:21:00,62.63636363636363
2016-04-02 08:22:00,58.2
2016-04-02 08:23:00,54.34782608695652
2016-04-02 08:24:00,56.0
2016-04-02 08:25:00,56.15384615384615
2016-04-02 08:26:00,59.958333333333336
2016-04-02 08:27:00,57.40909090909091
2016-04-02 08:28:00,61.24
2016-04-02 08:29:00,60.07142857142857
2016-04-02 08:30:00,64.78125
2016-04-02 08:31:00,55.59090909090909
2016-04-02 08:32:00,57.16
2016-04-02 08:33:00,59.758620689655174
2016-04-02 08:34:00,67.0
2016-04-02 08:35:00,62.0
2016-04-02 08:36:00,69.09375
2016-04-02 08:37:00,56.55882352941177
2016-04-02 08:38:00,56.34615384615385
2016-04-02 08:39:00,67.79166666666667
2016-04-02 08:40:00,68.07692307692308
2016-04-02 08:41:00,60.916666666666664
2016-04-02 08:42:00,62.31818181818182
2016-04-02 08:43:00,67.30434782608695
2016-04-02 08:44:00,74.07692307692308
2016-04-02 08:45:00,68.65384615384616
2016-04-02 08:46:00,63.592592592592595
2016-04-02 08:47:00,66.39285714285714
2016-04-02 08:48:00,72.70370370370371
2016-04-02 08:49:00,68.23076923076923
2016-04-02 08:50:00,66.34482758620689
2016-04-02 08:51:00,65.5
2016-04-02 08:52:00,64.58620689655173
2016-04-02 08:53:00,60.68
2016-04-02 08:54:00,63.30769230769231
2016-04-02 08:55:00,72.16666666666667
2016-04-02 08:56:00,68.0
2016-04-02 08:57:00,67.55172413793103
2016-04-02 08:58:00,67.70833333333333
2016-04-02 08:59:00,64.89285714285714
2016-04-02 09:00:00,66.27272727272727
2016-04-02 09:01:00,68.57142857142857
2016-04-02 09:02:00,64.65217391304348
2016-04-02 09:03:00,67.20689655172414
2016-04-02 09:04:00,61.86206896551724
2016-04-02 09:05:00,65.0
2016-04-02 09:06:00,67.22222222222223
2016-04-02 09:07:00,66.125
2016-04-02 09:08:00,70.45833333333333
2016-04-02 09:09:00,66.53571428571429
2016-04-02 09:10:00,65.32
2016-04-02 09:11:00,66.55555555555556
2016-04-02 09:12:00,65.53571428571429
2016-04-02 09:13:00,63.55555555555556
2016-04-02 09:14:00,68.63333333333334
2016-04-02 09:15:00,62.25806451612903
2016-04-02 09:16:00,66.03125
2016-04-02 09:17:00,67.51351351351352
2016-04-02 09:18:00,66.76666666666667
2016-04-02 09:19:00,64.34375
2016-04-02 09:20:00,66.76666666666667
2016-04-02 09:21:00,64.2
2016-04-02 09:22:00,68.40625
2016-04-02 09:23:00,72.41379310344827
2016-04-02 09:24:00,66.06896551724138
2016-04-02 09:25:00,67.51724137931035
2016-04-02 09:26:00,70.24
2016-04-02 09:27:00,64.2258064516129
2016-04-02 09:28:00,63.535714285714285
2016-04-02 09:29:00,65.21739130434783
2016-04-02 09:30:00,66.48275862068965
2016-04-02 09:31:00,66.55555555555556
2016-04-02 09:32:00,65.4074074074074
2016-04-02 09:33:00,72.96551724137932
2016-04-02 09:34:00,70.84848484848484
2016-04-02 09:35:00,68.15789473684211
2016-04-02 09:36:00,66.47058823529412
2016-04-02 09:37:00,71.06666666666666
2016-04-02 09:38:00,66.5
2016-04-02 09:39:00,68.77777777777777
2016-04-02 09:40:00,74.37931034482759
2016-04-02 09:41:00,68.26666666666667
2016-04-02 09:42:00,69.37142857142857
2016-04-02 09:43:00,66.84375
2016-04-02 09:44:00,61.56666666666667
2016-04-02 09:45:00,62.0
2016-04-02 09:46:00,64.23076923076923
2016-04-02 09:47:00,67.54285714285714
2016-04-02 09:48:00,66.30555555555556
2016-04-02 09:49:00,72.05714285714286
2016-04-02 09:50:00,66.2
2016-04-02 09:51:00,67.75
2016-04-02 09:52:00,67.0
2016-04-02 09:53:00,64.25925925925925
2016-04-02 09:54:00,68.43333333333334
2016-04-02 09:55:00,69.60714285714286
2016-04-02 09:56:00,70.4074074074074
2016-04-02 09:57:00,67.78571428571429
2016-04-02 09:58:00,69.46428571428571
2016-04-02 09:59:00,74.91304347826087
2016-04-02 10:00:00,72.48
2016-04-02 10:01:00,68.8695652173913
2016-04-02 10:02:00,71.54838709677419
2016-04-02 10:03:00,67.27272727272727
2016-04-02 10:04:00,64.03225806451613
2016-04-02 10:05:00,63.47826086956522
2016-04-02 10:06:00,64.1
2016-04-02 10:07:00,65.76666666666667
2016-04-02 10:08:00,67.29166666666667
2016-04-02 10:09:00,67.18181818181819
2016-04-02 10:10:00,70.42857142857143
2016-04-02 10:11:00,70.0
2016-04-02 10:12:00,70.5
2016-04-02 10:13:00,75.06666666666666
2016-04-02 10:14:00,67.73333333333333
2016-04-02 10:15:00,63.88
2016-04-02 10:16:00,68.62962962962963
2016-04-02 10:17:00,67.57692307692308
2016-04-02 10:18:00,70.41935483870968
2016-04-02 10:19:00,64.34782608695652
2016-04-02 10:20:00,66.92
2016-04-02 10:21:00,71.44444444444444
2016-04-02 10:22:00,74.2
2016-04-02 10:23:00,69.2
2016-04-02 10:24:00,67.29032258064517
2016-04-02 10:25:00,70.62962962962963
2016-04-02 10:26:00,68.81481481481481
2016-04-02 10:27:00,70.11538461538461
2016-04-02 10:28:00,65.33333333333333
2016-04-02 10:29:00,64.6896551724138
2016-04-02 10:30:00,70.8695652173913
2016-04-02 10:31:00,69.0
2016-04-02 10:32:00,58.93103448275862
2016-04-02 10:33:00,60.25
2016-04-02 10:34:00,62.833333333333336
2016-04-02 10:35:00,68.33333333333333
2016-04-02 10:36:00,73.68
2016-04-02 10:37:00,65.44827586206897
2016-04-02 10:38:00,67.24
2016-04-02 10:39:00,64.5909090909091
2016-04-02 10:40:00,64.37037037037037
2016-04-02 10:41:00,66.53846153846153
2016-04-02 10:42:00,73.0625
2016-04-02 10:43:00,70.62962962962963
2016-04-02 10:44:00,67.88888888888889
2016-04-02 10:45:00,66.85185185185185
2016-04-02 10:46:00,66.6
2016-04-02 10:47:00,70.17241379310344
2016-04-02 10:48:00,65.73076923076923
2016-04-02 10:49:00,70.21875
2016-04-02 10:50:00,75.75
2016-04-02 10:51:00,75.20833333333333
2016-04-02 10:52:00,72.76
2016-04-02 10:53:00,67.65517241379311
2016-04-02 10:54:00,64.66666666666667
2016-04-02 10:55:00,69.77777777777777
2016-04-02 10:56:00,70.3913043478261
2016-04-02 10:57:00,67.45833333333333
2016-04-02 10:58:00,66.16
2016-04-02 10:59:00,69.24
2016-04-02 11:00:00,66.0
2016-04-02 11:01:00,63.96296296296296
2016-04-02 11:02:00,69.57142857142857
2016-04-02 11:03:00,72.56
2016-04-02 11:04:00,71.29166666666667
2016-04-02 11:05:00,65.6923076923077
2016-04-02 11:06:00,71.34375
2016-04-02 11:07:00,66.3076923076923
2016-04-02 11:08:00,71.3076923076923
2016-04-02 11:09:00,73.3076923076923
2016-04-02 11:10:00,76.96
2016-04-02 11:11:00,70.35483870967742
2016-04-02 11:12:00,70.88888888888889
2016-04-02 11:13:00,71.3076923076923
2016-04-02 11:14:00,67.06060606060606
2016-04-02 11:15:00,67.53846153846153
2016-04-02 11:16:00,64.27272727272727
2016-04-02 11:17:00,69.48148148148148
2016-04-02 11:18:00,72.47826086956522
2016-04-02 11:19:00,71.52
2016-04-02 11:20:00,76.13793103448276
2016-04-02 11:21:00,76.95833333333333
2016-04-02 11:22:00,81.88
2016-04-02 11:23:00,76.6
2016-04-02 11:24:00,76.65625
2016-04-02 11:25:00,71.96
2016-04-02 11:26:00,74.88461538461539
2016-04-02 11:27:00,69.75
2016-04-02 11:28:00,77.775
2016-04-02 11:29:00,62.13333333333333
2016-04-02 11:30:00,74.71428571428571
2016-04-02 11:31:00,78.96153846153847
2016-04-02 11:32:00,78.91666666666667
2016-04-02 11:33:00,85.35714285714286
2016-04-02 11:34:00,79.06666666666666
2016-04-02 11:35:00,77.92592592592592
2016-04-02 11:36:00,75.02777777777777
2016-04-02 11:37:00,84.46666666666667
2016-04-02 11:38:00,78.57692307692308
2016-04-02 11:39:00,75.04
2016-04-02 11:40:00,74.92307692307692
2016-04-02 11:41:00,78.73913043478261
2016-04-02 11:42:00,74.23076923076923
2016-04-02 11:43:00,75.53846153846153
2016-04-02 11:44:00,78.0
2016-04-02 11:45:00,76.88461538461539
2016-04-02 11:46:00,81.34482758620689
2016-04-02 11:47:00,79.6
2016-04-02 11:48:00,77.17391304347827
2016-04-02 11:49:00,78.57142857142857
2016-04-02 11:50:00,79.16666666666667
2016-04-02 11:51:00,76.44444444444444
2016-04-02 11:52:00,72.88888888888889
2016-04-02 11:53:00,74.48275862068965
2016-04-02 11:54:00,65.66666666666667
2016-04-02 11:55:00,75.51612903225806
2016-04-02 11:56:00,72.14285714285714
2016-04-02 11:57:00,74.62962962962963
2016-04-02 11:58:00,77.76666666666667
2016-04-02 11:59:00,79.08
2016-04-02 12:00:00,76.94117647058823
2016-04-02 12:01:00,74.93939393939394
2016-04-02 12:02:00,81.25806451612904
2016-04-02 12:03:00,76.97297297297297
2016-04-02 12:04:00,75.44444444444444
2016-04-02 12:05:00,75.55555555555556
2016-04-02 12:06:00,79.03333333333333
2016-04-02 12:07:00,80.0
2016-04-02 12:08:00,75.47826086956522
2016-04-02 12:09:00,73.36363636363636
2016-04-02 12:10:00,79.79310344827586
2016-04-02 12:11:00,77.92307692307692
2016-04-02 12:12:00,76.8
2016-04-02 12:13:00,81.63333333333334
2016-04-02 12:14:00,83.82758620689656
2016-04-02 12:15:00,75.84848484848484
2016-04-02 12:16:00,79.4074074074074
2016-04-02 12:17:00,79.62962962962963
2016-04-02 12:18:00,81.38461538461539
2016-04-02 12:19:00,82.93103448275862
2016-04-02 12:20:00,86.73076923076923
2016-04-02 12:21:00,84.67857142857143
2016-04-02 12:22:00,85.0
2016-04-02 12:23:00,84.78260869565217
2016-04-02 12:24:00,72.6470588235294
2016-04-02 12:25:00,73.96153846153847
2016-04-02 12:26:00,72.20833333333333
2016-04-02 12:27:00,72.29629629629629
2016-04-02 12:28:00,74.76923076923077
2016-04-02 12:29:00,71.66666666666667
2016-04-02 12:30:00,71.92592592592592
2016-04-02 12:31:00,70.18518518518519
2016-04-02 12:32:00,68.81481481481481
2016-04-02 12:33:00,72.57692307692308
2016-04-02 12:34:00,72.69565217391305
2016-04-02 12:35:00,71.86363636363636
2016-04-02 12:36:00,66.45833333333333
2016-04-02 12:37:00,69.8695652173913
2016-04-02 12:38:00,77.03333333333333
2016-04-02 12:39:00,91.4074074074074
2016-04-02 12:40:00,94.35714285714286
2016-04-02 12:41:00,83.55555555555556
2016-04-02 12:42:00,81.34615384615384
2016-04-02 12:43:00,75.1304347826087
2016-04-02 12:44:00,75.92857142857143
2016-04-02 12:45:00,79.65517241379311
2016-04-02 12:46:00,78.55555555555556
2016-04-02 12:47:00,76.75
2016-04-02 12:48:00,81.5925925925926
2016-04-02 12:49:00,85.22727272727273
2016-04-02 12:50:00,88.21739130434783
2016-04-02 12:51:00,83.8076923076923
2016-04-02 12:52:00,82.75
2016-04-02 12:53:00,80.96
2016-04-02 12:54:00,75.88888888888889
2016-04-02 12:55:00,83.10714285714286
2016-04-02 12:56:00,100.0
2016-04-02 12:57:00,104.78260869565217
2016-04-02 12:58:00,99.48148148148148
2016-04-02 12:59:00,92.83870967741936
2016-04-02 13:00:00,95.07692307692308
2016-04-02 13:01:00,89.0625
2016-04-02 13:02:00,89.26923076923077
2016-04-02 13:03:00,99.88235294117646
2016-04-02 13:04:00,96.67857142857143
2016-04-02 13:05:00,99.76666666666667
2016-04-02 13:06:00,95.09677419354838
2016-04-02 13:07:00,101.04166666666667
2016-04-02 13:08:00,103.08
2016-04-02 13:09:00,103.83333333333333
2016-04-02 13:10:00,109.25
2016-04-02 13:11:00,95.63333333333334
2016-04-02 13:12:00,89.0625
2016-04-02 13:13:00,92.16129032258064
2016-04-02 13:14:00,107.57692307692308
2016-04-02 13:15:00,105.67857142857143
2016-04-02 13:16:00,99.73333333333333
2016-04-02 13:17:00,93.92592592592592
2016-04-02 13:18:00,103.36111111111111
2016-04-02 13:19:00,102.83870967741936
2016-04-02 13:20:00,100.85185185185185
2016-04-02 13:21:00,104.91666666666667
2016-04-02 13:22:00,96.95238095238095
2016-04-02 13:23:00,95.96296296296296
2016-04-02 13:24:00,102.03846153846153
2016-04-02 13:25:00,99.57142857142857
2016-04-02 13:26:00,89.78260869565217
2016-04-02 13:27:00,87.125
2016-04-02 13:28:00,88.54166666666667
2016-04-02 13:29:00,96.3913043478261
2016-04-02 13:30:00,96.96153846153847
2016-04-02 13:31:00,93.58333333333333
2016-04-02 13:32:00,92.85
2016-04-02 13:33:00,93.95652173913044
2016-04-02 13:34:00,101.70588235294117
2016-04-02 13:35:00,116.51612903225806
2016-04-02 13:36:00,108.91304347826087
2016-04-02 13:37:00,108.92
2016-04-02 13:38:00,102.30434782608695
2016-04-02 13:39:00,103.5
2016-04-02 13:40:00,105.14285714285714
2016-04-02 13:41:00,111.75
2016-04-02 13:42:00,105.3076923076923
2016-04-02 13:43:00,109.95652173913044
2016-04-02 13:44:00,115.82142857142857
2016-04-02 13:45:00,107.51851851851852
2016-04-02 13:46:00,99.74074074074075
2016-04-02 13:47:00,105.2
2016-04-02 13:48:00,103.43478260869566
2016-04-02 13:49:00,90.38461538461539
2016-04-02 13:50:00,95.5
2016-04-02 13:51:00,92.22727272727273
2016-04-02 13:52:00,96.08333333333333
2016-04-02 13:53:00,94.23809523809524
2016-04-02 13:54:00,94.45454545454545
2016-04-02 13:55:00,92.5
2016-04-02 13:56:00,90.0
2016-04-02 13:57:00,94.21739130434783
2016-04-02 13:58:00,93.625
2016-04-02 13:59:00,96.66666666666667
2016-04-02 14:00:00,101.55172413793103
2016-04-02 14:01:00,121.57575757575758
2016-04-02 14:02:00,111.76923076923077
2016-04-02 14:03:00,107.96969696969697
2016-04-02 14:04:00,104.37931034482759
2016-04-02 14:05:00,101.16666666666667
2016-04-02 14:06:00,106.3125
2016-04-02 14:07:00,104.93103448275862
2016-04-02 14:08:00,97.72
2016-04-02 14:09:00,100.1923076923077
2016-04-02 14:10:00,102.88888888888889
2016-04-02 14:11:00,113.53846153846153
2016-04-02 14:12:00,99.84375
2016-04-02 14:13:00,86.07142857142857
2016-04-02 14:14:00,101.1025641025641
2016-04-02 14:15:00,102.38461538461539
2016-04-02 14:16:00,101.58620689655173
2016-04-02 14:17:00,105.5625
2016-04-02 14:18:00,104.87096774193549
2016-04-02 14:19:00,108.90322580645162
2016-04-02 14:20:00,103.04347826086956
2016-04-02 14:21:00,92.2
2016-04-02 14:22:00,93.36666666666666
2016-04-02 14:23:00,96.96153846153847
2016-04-02 14:24:00,93.625
2016-04-02 14:25:00,88.6086956521739
2016-04-02 14:26:00,85.5
2016-04-02 14:27:00,83.39285714285714
2016-04-02 14:28:00,83.1304347826087
2016-04-02 14:29:00,80.42857142857143
2016-04-02 14:30:00,82.16129032258064
2016-04-02 14:31:00,88.0
2016-04-02 14:32:00,89.80869750460268
2016-04-02 14:33:00,87.50425133011481
2016-04-02 14:34:00,88.44093606272955
2016-04-02 14:35:00,88.48904930013626
2016-04-02 14:36:00,87.67987786368221
2016-04-02 14:37:00,89.2006569316352
2016-04-02 14:38:00,89.7601312466773
2016-04-02 14:39:00,90.00946256058896
2016-04-02 14:40:00,87.3076923076923
2016-04-02 14:41:00,95.6
2016-04-02 14:42:00,94.22222222222223
2016-04-02 14:43:00,93.23529411764706
2016-04-02 14:44:00,96.86486486486487
2016-04-02 14:45:00,100.41935483870968
2016-04-02 14:46:00,100.03333333333333
2016-04-02 14:47:00,105.3529411764706
2016-04-02 14:48:00,95.06060606060606
2016-04-02 14:49:00,87.53571428571429
2016-04-02 14:50:00,88.13333333333334
2016-04-02 14:51:00,96.88571428571429
2016-04-02 14:52:00,97.5
2016-04-02 14:53:00,92.58333333333333
2016-04-02 14:54:00,91.64285714285714
2016-04-02 14:55:00,94.70370370370371
2016-04-02 14:56:00,89.36
2016-04-02 14:57:00,84.72727272727273
2016-04-02 14:58:00,82.65217391304348
2016-04-02 14:59:00,79.68181818181819
2016-04-02 15:00:00,77.18181818181819
2016-04-02 15:01:00,76.92
2016-04-02 15:02:00,96.29166666666667
2016-04-02 15:03:00,91.0
2016-04-02 15:04:00,89.2
2016-04-02 15:05:00,90.53571428571429
2016-04-02 15:06:00,88.24
2016-04-02 15:07:00,88.30434782608695
2016-04-02 15:08:00,85.03846153846153
2016-04-02 15:09:00,87.12
2016-04-02 15:10:00,90.34615384615384
2016-04-02 15:11:00,93.95454545454545
2016-04-02 15:12:00,87.68
2016-04-02 15:13:00,86.33333333333333
2016-04-02 15:14:00,92.08
2016-04-02 15:15:00,92.70833333333333
2016-04-02 15:16:00,87.53846153846153
2016-04-02 15:17:00,86.25
2016-04-02 15:18:00,90.96153846153847
2016-04-02 15:19:00,92.125
2016-04-02 15:20:00,84.60714285714286
2016-04-02 15:21:00,85.39285714285714
2016-04-02 15:22:00,86.5
2016-04-02 15:23:00,87.77777777777777
2016-04-02 15:24:00,87.73913043478261
2016-04-02 15:25:00,87.77777777777777
2016-04-02 15:26:00,89.0
2016-04-02 15:27:00,88.51612903225806
2016-04-02 15:28:00,90.96666666666667
2016-04-02 15:29:00,87.7741935483871
2016-04-02 15:30:00,94.85185185185185
2016-04-02 15:31:00,89.8
2016-04-02 15:32:00,89.62962962962963
2016-04-02 15:33:00,90.07692307692308
2016-04-02 15:34:00,89.12903225806451
2016-04-02 15:35:00,87.92307692307692
2016-04-02 15:36:00,90.1923076923077
2016-04-02 15:37:00,87.96774193548387
2016-04-02 15:38:00,87.66666666666667
2016-04-02 15:39:00,92.41935483870968
2016-04-02 15:40:00,90.33333333333333
2016-04-02 15:41:00,91.37931034482759
2016-04-02 15:42:00,89.43478260869566
2016-04-02 15:43:00,93.89285714285714
2016-04-02 15:44:00,90.8
2016-04-02 15:45:00,87.34375
2016-04-02 15:46:00,85.0
2016-04-02 15:47:00,86.42857142857143
2016-04-02 15:48:00,83.79310344827586
2016-04-02 15:49:00,84.5925925925926
2016-04-02 15:50:00,89.0
2016-04-02 15:51:00,100.40625
2016-04-02 15:52:00,105.75862068965517
2016-04-02 15:53:00,95.45161290322581
2016-04-02 15:54:00,87.5
2016-04-02 15:55:00,82.47826086956522
2016-04-02 15:56:00,73.29629629629629
2016-04-02 15:57:00,72.52380952380952
2016-04-02 15:58:00,76.28
2016-04-02 15:59:00,89.48484848484848
2016-04-02 16:00:00,103.89655172413794
2016-04-02 16:01:00,96.10344827586206
2016-04-02 16:02:00,93.82608695652173
2016-04-02 16:03:00,91.20833333333333
2016-04-02 16:04:00,94.51851851851852
2016-04-02 16:05:00,99.57142857142857
2016-04-02 16:06:00,98.04761904761905
2016-04-02 16:07:00,98.13636363636364
2016-04-02 16:08:00,109.92857142857143
2016-04-02 16:09:00,110.76923076923077
2016-04-02 16:10:00,114.36666666666666
2016-04-02 16:11:00,112.66666666666667
2016-04-02 16:12:00,106.93333333333334
2016-04-02 16:13:00,93.20501567029748
2016-04-02 16:14:00,92.76885588369963
2016-04-02 16:15:00,90.23947185061316
2016-04-02 16:16:00,91.57198069403715
2016-04-02 16:17:00,93.24152851458885
2016-04-02 16:18:00,91.39490878613724
2016-04-02 16:19:00,90.82327836283693
2016-04-02 16:20:00,90.5917184705868
2016-04-02 16:21:00,86.16738173620735
2016-04-02 16:22:00,89.32141475622079
2016-04-02 16:23:00,90.31006507959633
2016-04-02 16:24:00,90.95867871259176
2016-04-02 16:25:00,90.12591152808544
2016-04-02 16:26:00,90.73421084540936
2016-04-02 16:27:00,90.4566883477867
2016-04-02 16:28:00,93.7751227938728
2016-04-02 16:29:00,94.4779547313953
2016-04-02 16:30:00,94.8241407299597
2016-04-02 16:31:00,95.67069857928179
2016-04-02 16:32:00,93.95404461917393
2016-04-02 16:33:00,91.72121176567705
2016-04-02 16:34:00,91.00179337796722
2016-04-02 16:35:00,91.69908119458391
2016-04-02 16:36:00,91.53567064655775
2016-04-02 16:37:00,92.397790017329
2016-04-02 16:38:00,93.91009222485445
2016-04-02 16:39:00,94.12588474995734
2016-04-02 16:40:00,93.83996648191646
2016-04-02 16:41:00,88.78986835394619
2016-04-02 16:42:00,91.11545193255397
2016-04-02 16:43:00,93.52736685189811
2016-04-02 16:44:00,89.73855994154555
2016-04-02 16:45:00,90.2061804060789
2016-04-02 16:46:00,91.35665211225556
2016-04-02 16:47:00,91.53421058108557
2016-04-02 16:48:00,93.56356981141464
2016-04-02 16:49:00,93.99974657865283
2016-04-02 16:50:00,93.42659293831169
2016-04-02 16:51:00,92.16304242983404
2016-04-02 16:52:00,91.79379129116761
2016-04-02 16:53:00,92.67330247693846
2016-04-02 16:54:00,96.13855602796365
2016-04-02 16:55:00,94.31724093308652
2016-04-02 16:56:00,95.7356229931826
2016-04-02 16:57:00,98.36701024323939
2016-04-02 16:58:00,98.26586441605045
2016-04-02 16:59:00,102.20639574166493
2016-04-02 17:00:00,100.85541556873079
2016-04-02 17:01:00,101.24002088903744
2016-04-02 17:02:00,98.97721341629126
2016-04-02 17:03:00,96.1223112017293
2016-04-02 17:04:00,93.54916289527702
2016-04-02 17:05:00,93.78872282608695
2016-04-02 17:06:00,93.74039782774696
2016-04-02 17:07:00,95.41440529046201
2016-04-02 17:08:00,96.70244013155136
2016-04-02 17:09:00,97.17088048328976
2016-04-02 17:10:00,98.73070743046038
2016-04-02 17:11:00,95.77283690946734
2016-04-02 17:12:00,92.63464525234227
2016-04-02 17:13:00,95.67094149811541
2016-04-02 17:14:00,95.69754115226337
2016-04-02 17:15:00,94.61426832186825
2016-04-02 17:16:00,97.90845687566117
2016-04-02 17:17:00,95.91804706222163
2016-04-02 17:18:00,95.7820334007724
2016-04-02 17:19:00,95.30092008635486
2016-04-02 17:20:00,93.80416588748636
2016-04-02 17:21:00,93.15585270432024
2016-04-02 17:22:00,93.1516870967921
2016-04-02 17:23:00,94.90815053401259
2016-04-02 17:24:00,96.50261251884822
2016-04-02 17:25:00,96.22220755046179
2016-04-02 17:26:00,94.6389041309711
2016-04-02 17:27:00,94.2322852967661
2016-04-02 17:28:00,94.05230896014545
2016-04-02 17:29:00,93.82840765514679
2016-04-02 17:30:00,92.86576435537643
2016-04-02 17:31:00,94.09172270896408
2016-04-02 17:32:00,94.71640722848453
2016-04-02 17:33:00,94.91891050776921
2016-04-02 17:34:00,94.5868401641473
2016-04-02 17:35:00,93.21708338416958
2016-04-02 17:36:00,91.34650085066966
2016-04-02 17:37:00,89.48536178647133
2016-04-02 17:38:00,90.7683998609161
2016-04-02 17:39:00,91.45525243294006
2016-04-02 17:40:00,70.0
2016-04-02 17:41:00,94.8170742068233
2016-04-02 17:42:00,93.87581517897307
2016-04-02 17:43:00,92.17924180225904
2016-04-02 17:44:00,91.56575003482551
2016-04-02 17:45:00,92.29474734657063
2016-04-02 17:46:00,90.85864679993011
2016-04-02 17:47:00,91.52063883617964
2016-04-02 17:48:00,94.20279867461652
2016-04-02 17:49:00,94.5636002886003
2016-04-02 17:50:00,94.85500415983232
2016-04-02 17:51:00,95.1513378715038
2016-04-02 17:52:00,92.37296617426153
2016-04-02 17:53:00,89.57494140767088
2016-04-02 17:54:00,89.99673742074708
2016-04-02 17:55:00,90.74941907661382
2016-04-02 17:56:00,89.16118744652738
2016-04-02 17:57:00,89.73332759207156
2016-04-02 17:58:00,89.46214664376495
2016-04-02 17:59:00,87.81709282677338
2016-04-02 18:00:00,86.42606650819211
2016-04-02 18:01:00,87.54607127172345
2016-04-02 18:02:00,90.18860842222911
2016-04-02 18:03:00,90.51579922492967
2016-04-02 18:04:00,92.30134533833372
2016-04-02 18:05:00,90.68190177160628
2016-04-02 18:06:00,91.01239147603465
2016-04-02 18:07:00,91.43776972009708
2016-04-02 18:08:00,92.48473070139737
2016-04-02 18:09:00,91.89033289252433
2016-04-02 18:10:00,89.96041559411826
2016-04-02 18:11:00,89.62933862433863
2016-04-02 18:12:00,87.35973986040482
2016-04-02 18:13:00,86.80317133006461
2016-04-02 18:14:00,89.71551646660343
2016-04-02 18:15:00,89.73407481410833
2016-04-02 18:16:00,91.8090267485664
2016-04-02 18:17:00,90.27153960237293
2016-04-02 18:18:00,90.30798972925459
2016-04-02 18:19:00,90.3245668730089
2016-04-02 18:20:00,90.37811887197479
2016-04-02 18:21:00,90.60489361461583
2016-04-02 18:22:00,90.50186698164958
2016-04-02 18:23:00,88.85156641086593
2016-04-02 18:24:00,89.70866741659296
2016-04-02 18:25:00,92.60495808948396
2016-04-02 18:26:00,90.90742221944122
2016-04-02 18:27:00,89.38053931665043
2016-04-02 18:28:00,87.70212532262008
2016-04-02 18:29:00,89.04093636637114
2016-04-02 18:30:00,87.32323208400794
2016-04-02 18:31:00,88.03509933705585
2016-04-02 18:32:00,92.66322919650423
2016-04-02 18:33:00,90.75670255670256
2016-04-02 18:34:00,90.26665068296205
2016-04-02 18:35:00,90.1150138026225
2016-04-02 18:36:00,89.82579016528292
2016-04-02 18:37:00,90.46746823833648
2016-04-02 18:38:00,92.11094644119116
2016-04-02 18:39:00,93.12937507116251
2016-04-02 18:40:00,91.00038244847403
2016-04-02 18:41:00,90.81666769891407
2016-04-02 18:42:00,92.56197872148397
2016-04-02 18:43:00,95.04094923878449
2016-04-02 18:44:00,94.10808239843328
2016-04-02 18:45:00,92.9043642705782
2016-04-02 18:46:00,92.45794752914429
2016-04-02 18:47:00,91.74436748436749
2016-04-02 18:48:00,91.51145656812324
2016-04-02 18:49:00,92.79043728880335
2016-04-02 18:50:00,91.46757820291887
2016-04-02 18:51:00,90.47214306024088
2016-04-02 18:52:00,92.862586220364
2016-04-02 18:53:00,92.07358367984388
2016-04-02 18:54:00,91.23399695425174
2016-04-02 18:55:00,88.8760242453729
2016-04-02 18:56:00,89.53130461464794
2016-04-02 18:57:00,90.92986234965664
2016-04-02 18:58:00,92.44827765139593
2016-04-02 18:59:00,92.54437605066408
2016-04-02 19:00:00,90.68393068016256
2016-04-02 19:01:00,90.33195272287838
2016-04-02 19:02:00,89.67237096237096
2016-04-02 19:03:00,89.69361669839422
2016-04-02 19:04:00,87.72201350840747
2016-04-02 19:05:00,88.80039700873034
2016-04-02 19:06:00,95.15789473684211
2016-04-02 19:07:00,110.0
2016-04-02 19:08:00,88.05716853373858
2016-04-02 19:09:00,88.72706864661305
2016-04-02 19:10:00,89.38205011574577
2016-04-02 19:11:00,90.05380898615948
2016-04-02 19:12:00,88.9902091841747
2016-04-02 19:13:00,88.99077821869489
2016-04-02 19:14:00,87.71806275874408
2016-04-02 19:15:00,86.06273425134538
2016-04-02 19:16:00,87.64838809058365
2016-04-02 19:17:00,89.09191170968948
2016-04-02 19:18:00,91.27842616369186
2016-04-02 19:19:00,93.25257243644393
2016-04-02 19:20:00,91.24757654483199
2016-04-02 19:21:00,89.91297101449275
2016-04-02 19:22:00,87.87541263562323
2016-04-02 19:23:00,83.31060550657851
2016-04-02 19:24:00,85.1799361682795
2016-04-02 19:25:00,87.65124805554633
2016-04-02 19:26:00,90.42343818410176
2016-04-02 19:27:00,91.76257264675743
2016-04-02 19:28:00,90.42996408281735
2016-04-02 19:29:00,88.52502117128395
2016-04-02 19:30:00,86.97806041784303
2016-04-02 19:31:00,88.39457634163688
2016-04-02 19:32:00,90.38182065623033
2016-04-02 19:33:00,92.52346701649175
2016-04-02 19:34:00,93.76202491273823
2016-04-02 19:35:00,94.01551177536231
2016-04-02 19:36:00,92.08475298641002
2016-04-02 19:37:00,90.82548834619487
2016-04-02 19:38:00,92.10517986542443
2016-04-02 19:39:00,89.61543026421494
2016-04-02 19:40:00,90.15730158428528
2016-04-02 19:41:00,89.85467297195558
2016-04-02 19:42:00,89.33802531003619
2016-04-02 19:43:00,91.39441652550347
2016-04-02 19:44:00,91.78627275328924
2016-04-02 19:45:00,94.31949564772145
2016-04-02 19:46:00,91.35513332595468
2016-04-02 19:47:00,93.47245503436358
2016-04-02 19:48:00,95.1363650973267
2016-04-02 19:49:00,96.02432047521721
2016-04-02 19:50:00,94.39200533765751
2016-04-02 19:51:00,93.48761666811235
2016-04-02 19:52:00,95.32050704051383
2016-04-02 19:53:00,92.75885929690277
2016-04-02 19:54:00,92.21362715092553
2016-04-02 19:55:00,91.52998953542432
2016-04-02 19:56:00,92.7058501552795
2016-04-02 19:57:00,93.49890237129334
2016-04-02 19:58:00,91.80842125969843
2016-04-02 19:59:00,90.00074404761905
2016-04-02 20:00:00,91.08932176168852
2016-04-02 20:01:00,92.43298014485515
2016-04-02 20:02:00,92.69849126888576
2016-04-02 20:03:00,92.82471517249567
2016-04-02 20:04:00,92.72835655890003
2016-04-02 20:05:00,95.53682069318876
2016-04-02 20:06:00,98.05885057601809
2016-04-02 20:07:00,97.598906449553
2016-04-02 20:08:00,97.118026877543
2016-04-02 20:09:00,93.68803569173028
2016-04-02 20:10:00,92.84659272404613
2016-04-02 20:11:00,92.9092793277576
2016-04-02 20:12:00,91.7456288535481
2016-04-02 20:13:00,88.19366525354103
2016-04-02 20:14:00,86.75475385323212
2016-04-02 20:15:00,88.42197231512449
2016-04-02 20:16:00,90.80437118437118
2016-04-02 20:17:00,90.04809696476364
2016-04-02 20:18:00,90.13343045843045
2016-04-02 20:19:00,90.58493694711086
2016-04-02 20:20:00,92.15166791604197
2016-04-02 20:21:00,87.70151828847482
2016-04-02 20:22:00,89.37372922970748
2016-04-02 20:23:00,91.94348355292884
2016-04-02 20:24:00,89.70833499833499
2016-04-02 20:25:00,89.7027260179434
2016-04-02 20:26:00,92.02031231925969
2016-04-02 20:27:00,95.83429554162312
2016-04-02 20:28:00,95.68254447511693
2016-04-02 20:29:00,92.78066025124902
2016-04-02 20:30:00,91.37644383394384
2016-04-02 20:31:00,94.39326917737712
2016-04-02 20:32:00,96.87006172839506
2016-04-02 20:33:00,93.68722623055957
2016-04-02 20:34:00,94.39506870343827
2016-04-02 20:35:00,91.13745937877621
2016-04-02 20:36:00,89.08846963423049
2016-04-02 20:37:00,89.63197732219471
2016-04-02 20:38:00,91.15148001756698
2016-04-02 20:39:00,91.52699557387058
2016-04-02 20:40:00,92.6661037982877
2016-04-02 20:41:00,90.62579476390836
2016-04-02 20:42:00,91.82478864734298
2016-04-02 20:43:00,89.85020297974262
2016-04-02 20:44:00,93.48386015325671
2016-04-02 20:45:00,95.82388074888075
2016-04-02 20:46:00,98.14965501729567
2016-04-02 20:47:00,94.82297607916472
2016-04-02 20:48:00,94.31512937667829
2016-04-02 20:49:00,93.83684347623547
2016-04-02 20:50:00,91.59149202871093
2016-04-02 20:51:00,94.04960453395235
2016-04-02 20:52:00,95.46074635241303
2016-04-02 20:53:00,96.88346638655462
2016-04-02 20:54:00,92.86663298959495
2016-04-02 20:55:00,91.04935432924565
2016-04-02 20:56:00,90.9966849092936
2016-04-02 20:57:00,92.45240142975649
2016-04-02 20:58:00,93.52723991990297
2016-04-02 20:59:00,91.45690644604439
2016-04-02 21:00:00,91.38952020202021
2016-04-02 21:01:00,92.93280162167594
2016-04-02 21:02:00,92.57780864197531
2016-04-02 21:03:00,94.51342592592592
2016-04-02 21:04:00,92.58786972105345
2016-04-02 21:05:00,90.40080058830058
2016-04-02 21:06:00,89.72053350970019
2016-04-02 21:07:00,89.92223247142663
2016-04-02 21:08:00,88.60414807477214
2016-04-02 21:09:00,93.35652187318856
2016-04-02 21:10:00,89.09905679441977
2016-04-02 21:11:00,94.84224560530795
2016-04-02 21:12:00,71.27777777777777
2016-04-02 21:13:00,76.38709677419355
2016-04-02 21:14:00,92.44117647058823
2016-04-02 21:15:00,96.68181818181819
2016-04-02 21:16:00,89.26923076923077
2016-04-02 21:17:00,88.72413793103448
2016-04-02 21:18:00,91.71428571428571
2016-04-02 21:19:00,94.96
2016-04-02 21:20:00,101.91666666666667
2016-04-02 21:21:00,91.3030303030303
2016-04-02 21:22:00,91.21428571428571
2016-04-02 21:23:00,86.62531871819192
2016-04-02 21:24:00,86.56041345595214
2016-04-02 21:25:00,84.63251133923548
2016-04-02 21:26:00,86.31706396801599
2016-04-02 21:27:00,86.49684711942777
2016-04-02 21:28:00,87.75379920894648
2016-04-02 21:29:00,89.07664294517743
2016-04-02 21:30:00,91.91549839327648
2016-04-02 21:31:00,92.10054384229797
2016-04-02 21:32:00,91.78599210495763
2016-04-02 21:33:00,88.55555555555556
2016-04-02 21:34:00,88.40625
2016-04-02 21:35:00,99.33333333333333
2016-04-02 21:36:00,96.73076923076923
2016-04-02 21:37:00,92.51612903225806
2016-04-02 21:38:00,86.63333333333334
2016-04-02 21:39:00,82.93548387096774
2016-04-02 21:40:00,83.34285714285714
2016-04-02 21:41:00,83.78571428571429
2016-04-02 21:42:00,78.34782608695652
2016-04-02 21:43:00,78.78260869565217
2016-04-02 21:44:00,84.3076923076923
2016-04-02 21:45:00,85.2
2016-04-02 21:46:00,83.26086956521739
2016-04-02 21:47:00,82.79166666666667
2016-04-02 21:48:00,81.76190476190476
2016-04-02 21:49:00,85.0
2016-04-02 21:50:00,91.95454545454545
2016-04-02 21:51:00,92.1875
2016-04-02 21:52:00,97.28571428571429
2016-04-02 21:53:00,92.63636363636364
2016-04-02 21:54:00,90.04545454545455
2016-04-02 21:55:00,89.56521739130434
2016-04-02 21:56:00,89.0
2016-04-02 21:57:00,88.8
2016-04-02 21:58:00,87.96428571428571
2016-04-02 21:59:00,87.66666666666667
2016-04-02 22:00:00,92.30434782608695
2016-04-02 22:01:00,94.5909090909091
2016-04-02 22:02:00,92.6923076923077
2016-04-02 22:03:00,85.58333333333333
2016-04-02 22:04:00,85.95454545454545
2016-04-02 22:05:00,84.4090909090909
2016-04-02 22:06:00,85.80952380952381
2016-04-02 22:07:00,87.63636363636364
2016-04-02 22:08:00,86.4090909090909
2016-04-02 22:09:00,88.32
2016-04-02 22:10:00,104.92682926829268
2016-04-02 22:11:00,93.71428571428571
2016-04-02 22:12:00,90.2258064516129
2016-04-02 22:13:00,87.47826086956522
2016-04-02 22:14:00,89.63636363636364
2016-04-02 22:15:00,85.45454545454545
2016-04-02 22:16:00,81.27272727272727
2016-04-02 22:17:00,86.26923076923077
2016-04-02 22:18:00,88.5
2016-04-02 22:19:00,90.24
2016-04-02 22:20:00,89.11111111111111
2016-04-02 22:21:00,87.91304347826087
2016-04-02 22:22:00,86.0
2016-04-02 22:23:00,88.5
2016-04-02 22:24:00,88.0
2016-04-02 22:25:00,87.0
2016-04-02 22:26:00,83.5
2016-04-02 22:27:00,81.88461538461539
2016-04-02 22:28:00,88.86363636363636
2016-04-02 22:29:00,86.18181818181819
2016-04-02 22:30:00,86.5
2016-04-02 22:31:00,88.86363636363636
2016-04-02 22:32:00,91.08333333333333
2016-04-02 22:33:00,90.34782608695652
2016-04-02 22:34:00,89.6086956521739
2016-04-02 22:35:00,94.92
2016-04-02 22:36:00,95.6086956521739
2016-04-02 22:37:00,92.8695652173913
2016-04-02 22:38:00,93.16666666666667
2016-04-02 22:39:00,89.375
2016-04-02 22:40:00,89.53846153846153
2016-04-02 22:41:00,89.95454545454545
2016-04-02 22:42:00,90.5
2016-04-02 22:43:00,90.33333333333333
2016-04-02 22:44:00,93.43478260869566
2016-04-02 22:45:00,87.29166666666667
2016-04-02 22:46:00,82.8076923076923
2016-04-02 22:47:00,79.9090909090909
2016-04-02 22:48:00,78.47826086956522
2016-04-02 22:49:00,81.4090909090909
2016-04-02 22:50:00,83.21739130434783
2016-04-02 22:51:00,83.54545454545455
2016-04-02 22:52:00,87.6875
2016-04-02 22:53:00,91.5
2016-04-02 22:54:00,91.95454545454545
2016-04-02 22:55:00,88.78260869565217
2016-04-02 22:56:00,87.0
2016-04-02 22:57:00,98.23333333333333
2016-04-02 22:58:00,98.5
2016-04-02 22:59:00,99.34782608695652
2016-04-02 23:00:00,96.33333333333333
2016-04-02 23:01:00,91.54545454545455
2016-04-02 23:02:00,93.375
2016-04-02 23:03:00,92.9090909090909
2016-04-02 23:04:00,88.77272727272727
2016-04-02 23:05:00,91.5
2016-04-02 23:06:00,89.95652173913044
2016-04-02 23:07:00,87.72727272727273
2016-04-02 23:08:00,87.82608695652173
2016-04-02 23:09:00,85.48148148148148
2016-04-02 23:10:00,89.22727272727273
2016-04-02 23:11:00,89.04166666666667
2016-04-02 23:12:00,93.36363636363636
2016-04-02 23:13:00,90.26086956521739
2016-04-02 23:14:00,86.56521739130434
2016-04-02 23:15:00,84.66666666666667
2016-04-02 23:16:00,88.48275862068965
2016-04-02 23:17:00,85.76923076923077
2016-04-02 23:18:00,88.29166666666667
2016-04-02 23:19:00,86.30434782608695
2016-04-02 23:20:00,84.68181818181819
2016-04-02 23:21:00,85.07407407407408
2016-04-02 23:22:00,86.77272727272727
2016-04-02 23:23:00,84.13636363636364
2016-04-02 23:24:00,82.52173913043478
2016-04-02 23:25:00,83.75
2016-04-02 23:26:00,84.8695652173913
2016-04-02 23:27:00,85.5
2016-04-02 23:28:00,83.72727272727273
2016-04-02 23:29:00,83.12
2016-04-02 23:30:00,84.85714285714286
2016-04-02 23:31:00,85.72727272727273
2016-04-02 23:32:00,80.375
2016-04-02 23:33:00,81.48
2016-04-02 23:34:00,83.0
2016-04-02 23:35:00,83.27272727272727
2016-04-02 23:36:00,84.11111111111111
2016-04-02 23:37:00,82.36363636363636
2016-04-02 23:38:00,82.26086956521739
2016-04-02 23:39:00,82.0
2016-04-02 23:40:00,77.9090909090909
2016-04-02 23:41:00,83.375
2016-04-02 23:42:00,74.94377365163572
2016-04-02 23:43:00,77.06349206349206
2016-04-02 23:44:00,88.3
2016-04-02 23:45:00,83.36
2016-04-02 23:46:00,81.0
2016-04-02 23:47:00,81.65217391304348
2016-04-02 23:48:00,75.625
2016-04-02 23:49:00,73.42307692307692
2016-04-02 23:50:00,78.65217391304348
2016-04-02 23:51:00,77.13636363636364
2016-04-02 23:52:00,77.68181818181819
2016-04-02 23:53:00,78.63636363636364
2016-04-02 23:54:00,79.0
2016-04-02 23:55:00,78.0909090909091
2016-04-02 23:56:00,79.4
2016-04-02 23:57:00,79.95652173913044
2016-04-02 23:58:00,80.03571428571429
2016-04-02 23:59:00,77.1
2016-04-03 00:00:00,76.75
2016-04-03 00:01:00,76.36
2016-04-03 00:02:00,79.47826086956522
2016-04-03 00:03:00,79.76923076923077
2016-04-03 00:04:00,85.73913043478261
2016-04-03 00:05:00,85.8076923076923
2016-04-03 00:06:00,92.625
2016-04-03 00:07:00,87.62962962962963
2016-04-03 00:08:00,89.52173913043478
2016-04-03 00:09:00,91.27586206896552
2016-04-03 00:10:00,97.25
2016-04-03 00:11:00,93.31818181818181
2016-04-03 00:12:00,87.83333333333333
2016-04-03 00:13:00,88.20833333333333
2016-04-03 00:14:00,89.58333333333333
2016-04-03 00:15:00,93.36363636363636
2016-04-03 00:16:00,92.0
2016-04-03 00:17:00,93.75
2016-04-03 00:18:00,96.65217391304348
2016-04-03 00:19:00,99.0
2016-04-03 00:20:00,97.58333333333333
2016-04-03 00:21:00,95.68181818181819
2016-04-03 00:22:00,95.26923076923077
2016-04-03 00:23:00,99.12
2016-04-03 00:24:00,100.70833333333333
2016-04-03 00:25:00,96.30434782608695
2016-04-03 00:26:00,97.54545454545455
2016-04-03 00:27:00,94.08333333333333
2016-04-03 00:28:00,93.18181818181819
2016-04-03 00:29:00,97.69565217391305
2016-04-03 00:30:00,97.66666666666667
2016-04-03 00:31:00,100.5909090909091
2016-04-03 00:32:00,97.28
2016-04-03 00:33:00,98.45454545454545
2016-04-03 00:34:00,92.84615384615384
2016-04-03 00:35:00,89.03448275862068
2016-04-03 00:36:00,94.0
2016-04-03 00:37:00,89.36363636363636
2016-04-03 00:38:00,90.21739130434783
2016-04-03 00:39:00,92.47826086956522
2016-04-03 00:40:00,90.04761904761905
2016-04-03 00:41:00,92.15
2016-04-03 00:42:00,92.77272727272727
2016-04-03 00:43:00,92.66666666666667
2016-04-03 00:44:00,88.42857142857143
2016-04-03 00:45:00,87.22727272727273
2016-04-03 00:46:00,89.95652173913044
2016-04-03 00:47:00,94.3913043478261
2016-04-03 00:48:00,95.91304347826087
2016-04-03 00:49:00,97.04545454545455
2016-04-03 00:50:00,96.53571428571429
2016-04-03 00:51:00,96.85714285714286
2016-04-03 00:52:00,93.56
2016-04-03 00:53:00,93.27272727272727
2016-04-03 00:54:00,95.92
2016-04-03 00:55:00,95.28571428571429
2016-04-03 00:56:00,95.78260869565217
2016-04-03 00:57:00,95.45454545454545
2016-04-03 00:58:00,94.95454545454545
2016-04-03 00:59:00,96.04347826086956
2016-04-03 01:00:00,98.36363636363636
2016-04-03 01:01:00,96.76190476190476
2016-04-03 01:02:00,96.85714285714286
2016-04-03 01:03:00,100.93333333333334
2016-04-03 01:04:00,98.68
2016-04-03 01:05:00,101.91304347826087
2016-04-03 01:06:00,96.65384615384616
2016-04-03 01:07:00,95.13636363636364
2016-04-03 01:08:00,95.66666666666667
2016-04-03 01:09:00,98.0
2016-04-03 01:10:00,100.22222222222223
2016-04-03 01:11:00,93.08
2016-04-03 01:12:00,92.95
2016-04-03 01:13:00,89.8076923076923
2016-04-03 01:14:00,95.04347826086956
2016-04-03 01:15:00,92.52
2016-04-03 01:16:00,91.47826086956522
2016-04-03 01:17:00,91.72727272727273
2016-04-03 01:18:00,91.8076923076923
2016-04-03 01:19:00,92.0
2016-04-03 01:20:00,92.08695652173913
2016-04-03 01:21:00,92.45454545454545
2016-04-03 01:22:00,94.86363636363636
2016-04-03 01:23:00,95.77777777777777
2016-04-03 01:24:00,94.52380952380952
2016-04-03 01:25:00,94.8
2016-04-03 01:26:00,97.27272727272727
2016-04-03 01:27:00,97.9090909090909
2016-04-03 01:28:00,92.66666666666667
2016-04-03 01:29:00,89.86363636363636
2016-04-03 01:30:00,91.27272727272727
2016-04-03 01:31:00,93.16666666666667
2016-04-03 01:32:00,92.875
2016-04-03 01:33:00,89.52
2016-04-03 01:34:00,86.52173913043478
2016-04-03 01:35:00,75.88888888888889
2016-04-03 01:36:00,73.5
2016-04-03 01:37:00,72.30434782608695
2016-04-03 01:38:00,69.56
2016-04-03 01:39:00,71.23076923076923
2016-04-03 01:40:00,69.63636363636364
2016-04-03 01:41:00,71.33333333333333
2016-04-03 01:42:00,75.73913043478261
2016-04-03 01:43:00,77.07692307692308
2016-04-03 01:44:00,74.52
2016-04-03 01:45:00,72.1304347826087
2016-04-03 01:46:00,72.36
2016-04-03 01:47:00,71.91666666666667
2016-04-03 01:48:00,72.625
2016-04-03 01:49:00,73.32142857142857
2016-04-03 01:50:00,74.75
2016-04-03 01:51:00,79.74074074074075
2016-04-03 01:52:00,75.0
2016-04-03 01:53:00,76.04545454545455
2016-04-03 01:54:00,75.42307692307692
2016-04-03 01:55:00,77.375
2016-04-03 01:56:00,74.88461538461539
2016-04-03 01:57:00,76.22727272727273
2016-04-03 01:58:00,82.17391304347827
2016-04-03 01:59:00,77.0
2016-04-03 02:00:00,76.56521739130434
2016-04-03 02:01:00,81.1304347826087
2016-04-03 02:02:00,78.93103448275862
2016-04-03 02:03:00,77.5
2016-04-03 02:04:00,72.64
2016-04-03 02:05:00,72.38095238095238
2016-04-03 02:06:00,74.30434782608695
2016-04-03 02:07:00,75.41666666666667
2016-04-03 02:08:00,73.26086956521739
2016-04-03 02:09:00,73.76190476190476
2016-04-03 02:10:00,74.625
2016-04-03 02:11:00,74.33333333333333
2016-04-03 02:12:00,73.86363636363636
2016-04-03 02:13:00,74.33333333333333
2016-04-03 02:14:00,77.33333333333333
2016-04-03 02:15:00,77.83333333333333
2016-04-03 02:16:00,75.25
2016-04-03 02:17:00,77.91304347826087
2016-04-03 02:18:00,78.73913043478261
2016-04-03 02:19:00,73.32
2016-04-03 02:20:00,80.0
2016-04-03 02:21:00,78.66666666666667
2016-04-03 02:22:00,73.11538461538461
2016-04-03 02:23:00,76.0
2016-04-03 02:24:00,78.44
2016-04-03 02:25:00,73.8076923076923
2016-04-03 02:26:00,74.31818181818181
2016-04-03 02:27:00,78.83333333333333
2016-04-03 02:28:00,74.8
2016-04-03 02:29:00,74.33333333333333
2016-04-03 02:30:00,77.63636363636364
2016-04-03 02:31:00,75.38461538461539
2016-04-03 02:32:00,75.88
2016-04-03 02:33:00,74.45454545454545
2016-04-03 02:34:00,75.73913043478261
2016-04-03 02:35:00,78.08
2016-04-03 02:36:00,77.71428571428571
2016-04-03 02:37:00,78.11111111111111
2016-04-03 02:38:00,77.79166666666667
2016-04-03 02:39:00,75.6
2016-04-03 02:40:00,75.43478260869566
2016-04-03 02:41:00,75.95652173913044
2016-04-03 02:42:00,73.44
2016-04-03 02:43:00,73.22727272727273
2016-04-03 02:44:00,77.11538461538461
2016-04-03 02:45:00,79.65384615384616
2016-04-03 02:46:00,76.73913043478261
2016-04-03 02:47:00,74.125
2016-04-03 02:48:00,75.34782608695652
2016-04-03 02:49:00,76.1
2016-04-03 02:50:00,77.4090909090909
2016-04-03 02:51:00,84.58064516129032
2016-04-03 02:52:00,91.76
2016-04-03 02:53:00,96.1923076923077
2016-04-03 02:54:00,85.6774193548387
2016-04-03 02:55:00,67.83870967741936
2016-04-03 02:56:00,63.63636363636363
2016-04-03 02:57:00,63.72
2016-04-03 02:58:00,64.625
2016-04-03 02:59:00,65.3913043478261
2016-04-03 03:00:00,65.3913043478261
2016-04-03 03:01:00,64.56521739130434
2016-04-03 03:02:00,63.86363636363637
2016-04-03 03:03:00,64.27272727272727
2016-04-03 03:04:00,63.52173913043478
2016-04-03 03:05:00,63.5
2016-04-03 03:06:00,62.86363636363637
2016-04-03 03:07:00,63.375
2016-04-03 03:08:00,64.04545454545455
2016-04-03 03:09:00,64.72727272727273
2016-04-03 03:10:00,64.66666666666667
2016-04-03 03:11:00,63.82608695652174
2016-04-03 03:12:00,63.333333333333336
2016-04-03 03:13:00,62.95652173913044
2016-04-03 03:14:00,63.30434782608695
2016-04-03 03:15:00,64.625
2016-04-03 03:16:00,63.625
2016-04-03 03:17:00,63.72727272727273
2016-04-03 03:18:00,63.5
2016-04-03 03:19:00,64.36
2016-04-03 03:20:00,65.18181818181819
2016-04-03 03:21:00,64.65384615384616
2016-04-03 03:22:00,63.59090909090909
2016-04-03 03:23:00,64.28571428571429
2016-04-03 03:24:00,65.0
2016-04-03 03:25:00,64.69565217391305
2016-04-03 03:26:00,64.54545454545455
2016-04-03 03:27:00,63.95652173913044
2016-04-03 03:28:00,67.28
2016-04-03 03:29:00,73.20833333333333
2016-04-03 03:30:00,72.18181818181819
2016-04-03 03:31:00,71.77272727272727
2016-04-03 03:32:00,69.0
2016-04-03 03:33:00,69.0
2016-04-03 03:34:00,67.56521739130434
2016-04-03 03:35:00,65.375
2016-04-03 03:36:00,64.0
2016-04-03 03:37:00,62.6
2016-04-03 03:38:00,62.21739130434783
2016-04-03 03:39:00,63.0
2016-04-03 03:40:00,67.75
2016-04-03 03:41:00,71.22727272727273
2016-04-03 03:42:00,71.25925925925925
2016-04-03 03:43:00,68.4
2016-04-03 03:44:00,67.4090909090909
2016-04-03 03:45:00,66.72727272727273
2016-04-03 03:46:00,64.74074074074075
2016-04-03 03:47:00,62.10344827586207
2016-04-03 03:48:00,61.333333333333336
2016-04-03 03:49:00,61.59090909090909
2016-04-03 03:50:00,62.56521739130435
2016-04-03 03:51:00,63.47826086956522
2016-04-03 03:52:00,63.04545454545455
2016-04-03 03:53:00,63.57142857142857
2016-04-03 03:54:00,63.333333333333336
2016-04-03 03:55:00,63.22727272727273
2016-04-03 03:56:00,63.0
2016-04-03 03:57:00,63.52173913043478
2016-04-03 03:58:00,63.08695652173913
2016-04-03 03:59:00,64.66666666666667
2016-04-03 04:00:00,65.61290322580645
2016-04-03 04:01:00,64.65517241379311
2016-04-03 04:02:00,63.17857142857143
2016-04-03 04:03:00,67.44
2016-04-03 04:04:00,70.24137931034483
2016-04-03 04:05:00,72.55172413793103
2016-04-03 04:06:00,71.41666666666667
2016-04-03 04:07:00,70.34615384615384
2016-04-03 04:08:00,70.65517241379311
2016-04-03 04:09:00,68.4
2016-04-03 04:10:00,68.32142857142857
2016-04-03 04:11:00,69.53846153846153
2016-04-03 04:12:00,70.07692307692308
2016-04-03 04:13:00,69.16
2016-04-03 04:14:00,68.875
2016-04-03 04:15:00,68.6
2016-04-03 04:16:00,69.46153846153847
2016-04-03 04:17:00,69.35714285714286
2016-04-03 04:18:00,68.5
2016-04-03 04:19:00,66.04
2016-04-03 04:20:00,65.73913043478261
2016-04-03 04:21:00,66.72
2016-04-03 04:22:00,65.28
2016-04-03 04:23:00,64.04
2016-04-03 04:24:00,64.76
2016-04-03 04:25:00,64.96153846153847
2016-04-03 04:26:00,64.875
2016-04-03 04:27:00,64.0
2016-04-03 04:28:00,65.12
2016-04-03 04:29:00,65.5925925925926
2016-04-03 04:30:00,67.0
2016-04-03 04:31:00,65.8695652173913
2016-04-03 04:32:00,67.17857142857143
2016-04-03 04:33:00,67.5
2016-04-03 04:34:00,66.70370370370371
2016-04-03 04:35:00,70.33333333333333
2016-04-03 04:36:00,66.76923076923077
2016-04-03 04:37:00,62.125
2016-04-03 04:38:00,62.31818181818182
2016-04-03 04:39:00,62.241379310344826
2016-04-03 04:40:00,62.4
2016-04-03 04:41:00,63.333333333333336
2016-04-03 04:42:00,63.785714285714285
2016-04-03 04:43:00,63.666666666666664
2016-04-03 04:44:00,63.03846153846154
2016-04-03 04:45:00,63.5
2016-04-03 04:46:00,66.28
2016-04-03 04:47:00,65.10714285714286
2016-04-03 04:48:00,65.0
2016-04-03 04:49:00,64.11538461538461
2016-04-03 04:50:00,65.34782608695652
2016-04-03 04:51:00,66.0
2016-04-03 04:52:00,66.55555555555556
2016-04-03 04:53:00,67.76
2016-04-03 04:54:00,68.03846153846153
2016-04-03 04:55:00,69.28
2016-04-03 04:56:00,69.38461538461539
2016-04-03 04:57:00,68.41379310344827
2016-04-03 04:58:00,68.53571428571429
2016-04-03 04:59:00,65.14814814814815
2016-04-03 05:00:00,66.61904761904762
2016-04-03 05:01:00,75.8076923076923
2016-04-03 05:02:00,83.18181818181819
2016-04-03 05:03:00,72.05882352941177
2016-04-03 05:04:00,59.43478260869565
2016-04-03 05:05:00,58.8
2016-04-03 05:06:00,57.68
2016-04-03 05:07:00,57.80769230769231
2016-04-03 05:08:00,61.21739130434783
2016-04-03 05:09:00,60.40909090909091
2016-04-03 05:10:00,61.78260869565217
2016-04-03 05:11:00,62.18181818181818
2016-04-03 05:12:00,62.5
2016-04-03 05:13:00,64.82142857142857
2016-04-03 05:14:00,63.04347826086956
2016-04-03 05:15:00,62.26086956521739
2016-04-03 05:16:00,62.52173913043478
2016-04-03 05:17:00,63.31818181818182
2016-04-03 05:18:00,63.875
2016-04-03 05:19:00,64.36363636363636
2016-04-03 05:20:00,66.0
2016-04-03 05:21:00,65.0
2016-04-03 05:22:00,62.65217391304348
2016-04-03 05:23:00,62.63636363636363
2016-04-03 05:24:00,63.68181818181818
2016-04-03 05:25:00,64.8695652173913
2016-04-03 05:26:00,68.6086956521739
2016-04-03 05:27:00,72.63636363636364
2016-04-03 05:28:00,65.21428571428571
2016-04-03 05:29:00,63.22222222222222
2016-04-03 05:30:00,64.625
2016-04-03 05:31:00,66.17391304347827
2016-04-03 05:32:00,71.20833333333333
2016-04-03 05:33:00,74.76
2016-04-03 05:34:00,73.95833333333333
2016-04-03 05:35:00,65.0
2016-04-03 05:36:00,72.33333333333333
2016-04-03 05:37:00,74.23076923076923
2016-04-03 05:38:00,69.86363636363636
2016-04-03 05:39:00,70.14814814814815
2016-04-03 05:40:00,73.07142857142857
2016-04-03 05:41:00,67.4
2016-04-03 05:42:00,64.52380952380952
2016-04-03 05:43:00,66.20833333333333
2016-04-03 05:44:00,67.34782608695652
2016-04-03 05:45:00,68.88888888888889
2016-04-03 05:46:00,68.3913043478261
2016-04-03 05:47:00,67.4074074074074
2016-04-03 05:48:00,67.6086956521739
2016-04-03 05:49:00,68.82608695652173
2016-04-03 05:50:00,68.4
2016-04-03 05:51:00,68.68
2016-04-03 05:52:00,68.47619047619048
2016-04-03 05:53:00,69.84615384615384
2016-04-03 05:54:00,69.86363636363636
2016-04-03 05:55:00,67.67857142857143
2016-04-03 05:56:00,69.32
2016-04-03 05:57:00,68.18181818181819
2016-04-03 05:58:00,69.66666666666667
2016-04-03 05:59:00,68.29166666666667
2016-04-03 06:00:00,64.55555555555556
2016-04-03 06:01:00,63.125
2016-04-03 06:02:00,65.0
2016-04-03 06:03:00,64.8695652173913
2016-04-03 06:04:00,64.68181818181819
2016-04-03 06:05:00,65.91304347826087
2016-04-03 06:06:00,66.17391304347827
2016-04-03 06:07:00,65.875
2016-04-03 06:08:00,66.70833333333333
2016-04-03 06:09:00,66.31818181818181
2016-04-03 06:10:00,66.95833333333333
2016-04-03 06:11:00,68.0
2016-04-03 06:12:00,67.26086956521739
2016-04-03 06:13:00,67.47826086956522
2016-04-03 06:14:00,69.07407407407408
2016-04-03 06:15:00,72.02857142857142
2016-04-03 06:16:00,70.77777777777777
2016-04-03 06:17:00,74.8108108108108
2016-04-03 06:18:00,64.73076923076923
2016-04-03 06:19:00,62.27272727272727
2016-04-03 06:20:00,64.18181818181819
2016-04-03 06:21:00,65.2
2016-04-03 06:22:00,66.52
2016-04-03 06:23:00,68.28571428571429
2016-04-03 06:24:00,67.63636363636364
2016-04-03 06:25:00,67.29166666666667
2016-04-03 06:26:00,68.5
2016-04-03 06:27:00,68.22727272727273
2016-04-03 06:28:00,69.27272727272727
2016-04-03 06:29:00,71.1923076923077
2016-04-03 06:30:00,79.08823529411765
2016-04-03 06:31:00,66.14285714285714
2016-04-03 06:32:00,63.65217391304348
2016-04-03 06:33:00,63.166666666666664
2016-04-03 06:34:00,69.21428571428571
2016-04-03 06:35:00,64.33333333333333
2016-04-03 06:36:00,63.785714285714285
2016-04-03 06:37:00,62.629629629629626
2016-04-03 06:38:00,64.52
2016-04-03 06:39:00,65.11538461538461
2016-04-03 06:40:00,68.90322580645162
2016-04-03 06:41:00,65.84
2016-04-03 06:42:00,69.43478260869566
2016-04-03 06:43:00,70.92
2016-04-03 06:44:00,72.46153846153847
2016-04-03 06:45:00,69.47826086956522
2016-04-03 06:46:00,70.79166666666667
2016-04-03 06:47:00,70.88
2016-04-03 06:48:00,73.16666666666667
2016-04-03 06:49:00,71.95833333333333
2016-04-03 06:50:00,72.70833333333333
2016-04-03 06:51:00,71.81481481481481
2016-04-03 06:52:00,75.23333333333333
2016-04-03 06:53:00,68.04
2016-04-03 06:54:00,68.6
2016-04-03 06:55:00,69.375
2016-04-03 06:56:00,67.5
2016-04-03 06:57:00,69.38461538461539
2016-04-03 06:58:00,69.43478260869566
2016-04-03 06:59:00,72.25925925925925
2016-04-03 07:00:00,68.80645161290323
2016-04-03 07:01:00,68.23076923076923
2016-04-03 07:02:00,70.39285714285714
2016-04-03 07:03:00,68.66666666666667
2016-04-03 07:04:00,68.24137931034483
2016-04-03 07:05:00,69.96153846153847
2016-04-03 07:06:00,71.63636363636364
2016-04-03 07:07:00,71.65384615384616
2016-04-03 07:08:00,64.21739130434783
2016-04-03 07:09:00,63.2
2016-04-03 07:10:00,62.0
2016-04-03 07:11:00,61.95238095238095
2016-04-03 07:12:00,62.666666666666664
2016-04-03 07:13:00,62.44
2016-04-03 07:14:00,63.21739130434783
2016-04-03 07:15:00,63.65217391304348
2016-04-03 07:16:00,64.36363636363636
2016-04-03 07:17:00,63.875
2016-04-03 07:18:00,65.18181818181819
2016-04-03 07:19:00,64.8695652173913
2016-04-03 07:20:00,65.14285714285714
2016-04-03 07:21:00,67.0
2016-04-03 07:22:00,66.04761904761905
2016-04-03 07:23:00,65.45454545454545
2016-04-03 07:24:00,65.5909090909091
2016-04-03 07:25:00,70.8
2016-04-03 07:26:00,83.77777777777777
2016-04-03 07:27:00,82.0
2016-04-03 07:28:00,80.26086956521739
2016-04-03 07:29:00,78.0909090909091
2016-04-03 07:30:00,74.92592592592592
2016-04-03 07:31:00,73.57142857142857
2016-04-03 07:32:00,73.0
2016-04-03 07:33:00,71.73913043478261
2016-04-03 07:34:00,70.95454545454545
2016-04-03 07:35:00,69.0
2016-04-03 07:36:00,68.1304347826087
2016-04-03 07:37:00,67.5909090909091
2016-04-03 07:38:00,66.4090909090909
2016-04-03 07:39:00,65.47619047619048
2016-04-03 07:40:00,65.0
2016-04-03 07:41:00,65.0
2016-04-03 07:42:00,65.0
2016-04-03 07:43:00,65.0
2016-04-03 07:44:00,65.04166666666667
2016-04-03 07:45:00,64.82142857142857
2016-04-03 07:46:00,64.95833333333333
2016-04-03 07:47:00,65.1304347826087
2016-04-03 07:48:00,66.25925925925925
2016-04-03 07:49:00,66.70833333333333
2016-04-03 07:50:00,66.95238095238095
2016-04-03 07:51:00,66.3913043478261
2016-04-03 07:52:00,68.0
2016-04-03 07:53:00,68.0909090909091
2016-04-03 07:54:00,66.0952380952381
2016-04-03 07:55:00,65.95652173913044
2016-04-03 07:56:00,66.0909090909091
2016-04-03 07:57:00,66.22727272727273
2016-04-03 07:58:00,73.41666666666667
2016-04-03 07:59:00,85.67857142857143
2016-04-03 08:00:00,98.87096774193549
2016-04-03 08:01:00,115.79411764705883
2016-04-03 08:02:00,88.95121951219512
2016-04-03 08:03:00,74.04
2016-04-03 08:04:00,82.24
2016-04-03 08:05:00,80.0
2016-04-03 08:06:00,81.42857142857143
2016-04-03 08:07:00,81.95454545454545
2016-04-03 08:08:00,82.36363636363636
2016-04-03 08:09:00,78.85714285714286
2016-04-03 08:10:00,82.26086956521739
2016-04-03 08:11:00,82.78260869565217
2016-04-03 08:12:00,69.0909090909091
2016-04-03 08:13:00,61.32
2016-04-03 08:14:00,62.46153846153846
2016-04-03 08:15:00,60.608695652173914
2016-04-03 08:16:00,64.34615384615384
2016-04-03 08:17:00,63.166666666666664
2016-04-03 08:18:00,61.041666666666664
2016-04-03 08:19:00,65.22727272727273
2016-04-03 08:20:00,64.8
2016-04-03 08:21:00,65.1923076923077
2016-04-03 08:22:00,62.80769230769231
2016-04-03 08:23:00,65.8
2016-04-03 08:24:00,62.793103448275865
2016-04-03 08:25:00,65.41666666666667
2016-04-03 08:26:00,63.76923076923077
2016-04-03 08:27:00,64.32
2016-04-03 08:28:00,65.81481481481481
2016-04-03 08:29:00,69.42857142857143
2016-04-03 08:30:00,67.04166666666667
2016-04-03 08:31:00,63.375
2016-04-03 08:32:00,64.22222222222223
2016-04-03 08:33:00,67.52173913043478
2016-04-03 08:34:00,67.24
2016-04-03 08:35:00,65.14285714285714
2016-04-03 08:36:00,66.72
2016-04-03 08:37:00,64.23076923076923
2016-04-03 08:38:00,64.96
2016-04-03 08:39:00,67.64285714285714
2016-04-03 08:40:00,56.391304347826086
2016-04-03 08:41:00,57.43478260869565
2016-04-03 08:42:00,56.17391304347826
2016-04-03 08:43:00,57.04347826086956
2016-04-03 08:44:00,58.27272727272727
2016-04-03 08:45:00,57.714285714285715
2016-04-03 08:46:00,58.2
2016-04-03 08:47:00,58.1
2016-04-03 08:48:00,58.56521739130435
2016-04-03 08:49:00,59.0
2016-04-03 08:50:00,59.81818181818182
2016-04-03 08:51:00,59.13636363636363
2016-04-03 08:52:00,60.04545454545455
2016-04-03 08:53:00,58.916666666666664
2016-04-03 08:54:00,59.40909090909091
2016-04-03 08:55:00,60.25
2016-04-03 08:56:00,60.59090909090909
2016-04-03 08:57:00,60.375
2016-04-03 08:58:00,60.708333333333336
2016-04-03 08:59:00,64.5625
2016-04-03 09:00:00,63.92857142857143
2016-04-03 09:01:00,63.55172413793103
2016-04-03 09:02:00,58.16
2016-04-03 09:03:00,57.8
2016-04-03 09:04:00,61.30769230769231
2016-04-03 09:05:00,66.0
2016-04-03 09:06:00,64.58333333333333
2016-04-03 09:07:00,64.0
2016-04-03 09:08:00,63.27272727272727
2016-04-03 09:09:00,63.0
2016-04-03 09:10:00,62.083333333333336
2016-04-03 09:11:00,60.91304347826087
2016-04-03 09:12:00,60.083333333333336
2016-04-03 09:13:00,60.0
2016-04-03 09:14:00,59.52173913043478
2016-04-03 09:15:00,59.36363636363637
2016-04-03 09:16:00,59.90909090909091
2016-04-03 09:17:00,59.916666666666664
2016-04-03 09:18:00,58.04347826086956
2016-04-03 09:19:00,58.0
2016-04-03 09:20:00,58.30434782608695
2016-04-03 09:21:00,59.0
2016-04-03 09:22:00,59.0
2016-04-03 09:23:00,59.45454545454545
2016-04-03 09:24:00,60.0
2016-04-03 09:25:00,60.12
2016-04-03 09:26:00,61.0
2016-04-03 09:27:00,61.0
2016-04-03 09:28:00,62.0
2016-04-03 09:29:00,62.0
2016-04-03 09:30:00,62.0
2016-04-03 09:31:00,62.0
2016-04-03 09:32:00,61.92
2016-04-03 09:33:00,61.52173913043478
2016-04-03 09:34:00,61.22222222222222
2016-04-03 09:35:00,61.31818181818182
2016-04-03 09:36:00,63.96296296296296
2016-04-03 09:37:00,68.42424242424242
2016-04-03 09:38:00,65.79310344827586
2016-04-03 09:39:00,67.70588235294117
2016-04-03 09:40:00,62.93103448275862
2016-04-03 09:41:00,66.53125
2016-04-03 09:42:00,67.28571428571429
2016-04-03 09:43:00,61.392857142857146
2016-04-03 09:44:00,61.57692307692308
2016-04-03 09:45:00,61.80769230769231
2016-04-03 09:46:00,62.16
2016-04-03 09:47:00,56.57692307692308
2016-04-03 09:48:00,64.44827586206897
2016-04-03 09:49:00,66.85185185185185
2016-04-03 09:50:00,60.78125
2016-04-03 09:51:00,66.76923076923077
2016-04-03 09:52:00,60.785714285714285
2016-04-03 09:53:00,62.206896551724135
2016-04-03 09:54:00,59.458333333333336
2016-04-03 09:55:00,57.357142857142854
2016-04-03 09:56:00,66.13636363636364
2016-04-03 09:57:00,64.73913043478261
2016-04-03 09:58:00,67.83333333333333
2016-04-03 09:59:00,77.42857142857143
2016-04-03 10:00:00,83.5
2016-04-03 10:01:00,81.95652173913044
2016-04-03 10:02:00,81.81818181818181
2016-04-03 10:03:00,83.875
2016-04-03 10:04:00,83.875
2016-04-03 10:05:00,82.5909090909091
2016-04-03 10:06:00,82.0
2016-04-03 10:07:00,84.66666666666667
2016-04-03 10:08:00,87.7741935483871
2016-04-03 10:09:00,77.14814814814815
2016-04-03 10:10:00,76.51851851851852
2016-04-03 10:11:00,81.18518518518519
2016-04-03 10:12:00,83.34782608695652
2016-04-03 10:13:00,81.57692307692308
2016-04-03 10:14:00,77.5
2016-04-03 10:15:00,82.84
2016-04-03 10:16:00,84.73913043478261
2016-04-03 10:17:00,83.28
2016-04-03 10:18:00,82.07407407407408
2016-04-03 10:19:00,82.16
2016-04-03 10:20:00,79.18518518518519
2016-04-03 10:21:00,82.47826086956522
2016-04-03 10:22:00,83.92
2016-04-03 10:23:00,85.54166666666667
2016-04-03 10:24:00,85.25
2016-04-03 10:25:00,86.92307692307692
2016-04-03 10:26:00,86.0
2016-04-03 10:27:00,87.63636363636364
2016-04-03 10:28:00,88.53846153846153
2016-04-03 10:29:00,92.11538461538461
2016-04-03 10:30:00,91.52173913043478
2016-04-03 10:31:00,90.125
2016-04-03 10:32:00,86.125
2016-04-03 10:33:00,83.73913043478261
2016-04-03 10:34:00,85.81818181818181
2016-04-03 10:35:00,88.125
2016-04-03 10:36:00,94.1842105263158
2016-04-03 10:37:00,100.62962962962963
2016-04-03 10:38:00,89.09677419354838
2016-04-03 10:39:00,78.03703703703704
2016-04-03 10:40:00,83.17241379310344
2016-04-03 10:41:00,92.83333333333333
2016-04-03 10:42:00,90.46666666666667
2016-04-03 10:43:00,84.1
2016-04-03 10:44:00,88.86666666666666
2016-04-03 10:45:00,83.27272727272727
2016-04-03 10:46:00,79.65384615384616
2016-04-03 10:47:00,82.64
2016-04-03 10:48:00,85.53125
2016-04-03 10:49:00,80.81481481481481
2016-04-03 10:50:00,79.92857142857143
2016-04-03 10:51:00,82.10714285714286
2016-04-03 10:52:00,82.12903225806451
2016-04-03 10:53:00,76.26923076923077
2016-04-03 10:54:00,73.8695652173913
2016-04-03 10:55:00,79.55172413793103
2016-04-03 10:56:00,76.85185185185185
2016-04-03 10:57:00,83.96153846153847
2016-04-03 10:58:00,87.04166666666667
2016-04-03 10:59:00,83.58620689655173
2016-04-03 11:00:00,76.36
2016-04-03 11:01:00,82.24
2016-04-03 11:02:00,87.92
2016-04-03 11:03:00,100.75862068965517
2016-04-03 11:04:00,108.03030303030303
2016-04-03 11:05:00,109.32142857142857
2016-04-03 11:06:00,90.63636363636364
2016-04-03 11:07:00,80.61538461538461
2016-04-03 11:08:00,79.42857142857143
2016-04-03 11:09:00,85.3913043478261
2016-04-03 11:10:00,86.0
2016-04-03 11:11:00,89.22727272727273
2016-04-03 11:12:00,85.5
2016-04-03 11:13:00,79.0
2016-04-03 11:14:00,77.0
2016-04-03 11:15:00,86.38235294117646
2016-04-03 11:16:00,86.34375
2016-04-03 11:17:00,78.7
2016-04-03 11:18:00,78.70370370370371
2016-04-03 11:19:00,84.8076923076923
2016-04-03 11:20:00,90.53125
2016-04-03 11:21:00,79.90322580645162
2016-04-03 11:22:00,83.68
2016-04-03 11:23:00,82.8
2016-04-03 11:24:00,86.74074074074075
2016-04-03 11:25:00,93.6
2016-04-03 11:26:00,93.57142857142857
2016-04-03 11:27:00,90.12
2016-04-03 11:28:00,96.51851851851852
2016-04-03 11:29:00,97.81818181818181
2016-04-03 11:30:00,84.125
2016-04-03 11:31:00,75.86206896551724
2016-04-03 11:32:00,79.64
2016-04-03 11:33:00,80.73333333333333
2016-04-03 11:34:00,91.42857142857143
2016-04-03 11:35:00,91.66666666666667
2016-04-03 11:36:00,83.04166666666667
2016-04-03 11:37:00,76.18518518518519
2016-04-03 11:38:00,77.65384615384616
2016-04-03 11:39:00,84.61538461538461
2016-04-03 11:40:00,81.375
2016-04-03 11:41:00,76.96
2016-04-03 11:42:00,79.96
2016-04-03 11:43:00,91.14285714285714
2016-04-03 11:44:00,102.11111111111111
2016-04-03 11:45:00,96.80645161290323
2016-04-03 11:46:00,80.5
2016-04-03 11:47:00,79.0
2016-04-03 11:48:00,78.36
2016-04-03 11:49:00,77.45454545454545
2016-04-03 11:50:00,78.65517241379311
2016-04-03 11:51:00,74.04166666666667
2016-04-03 11:52:00,80.95454545454545
2016-04-03 11:53:00,80.82142857142857
2016-04-03 11:54:00,76.5925925925926
2016-04-03 11:55:00,83.37037037037037
2016-04-03 11:56:00,79.5
2016-04-03 11:57:00,80.33333333333333
2016-04-03 11:58:00,81.92307692307692
2016-04-03 11:59:00,80.14814814814815
2016-04-03 12:00:00,79.69565217391305
2016-04-03 12:01:00,80.25
2016-04-03 12:02:00,87.34482758620689
2016-04-03 12:03:00,80.34615384615384
2016-04-03 12:04:00,75.125
2016-04-03 12:05:00,84.5
2016-04-03 12:06:00,83.17391304347827
2016-04-03 12:07:00,72.78260869565217
2016-04-03 12:08:00,76.55555555555556
2016-04-03 12:09:00,76.96296296296296
2016-04-03 12:10:00,81.19354838709677
2016-04-03 12:11:00,81.84
2016-04-03 12:12:00,87.3076923076923
2016-04-03 12:13:00,93.18181818181819
2016-04-03 12:14:00,92.66666666666667
2016-04-03 12:15:00,93.48148148148148
2016-04-03 12:16:00,91.96551724137932
2016-04-03 12:17:00,88.78260869565217
2016-04-03 12:18:00,83.91304347826087
2016-04-03 12:19:00,77.21739130434783
2016-04-03 12:20:00,75.70833333333333
2016-04-03 12:21:00,78.57142857142857
2016-04-03 12:22:00,82.15384615384616
2016-04-03 12:23:00,80.04545454545455
2016-04-03 12:24:00,75.29411764705883
2016-04-03 12:25:00,76.91304347826087
2016-04-03 12:26:00,76.95833333333333
2016-04-03 12:27:00,77.95454545454545
2016-04-03 12:28:00,80.6
2016-04-03 12:29:00,83.82608695652173
2016-04-03 12:30:00,80.61538461538461
2016-04-03 12:31:00,81.83333333333333
2016-04-03 12:32:00,85.375
2016-04-03 12:33:00,81.2
2016-04-03 12:34:00,78.38461538461539
2016-04-03 12:35:00,76.0
2016-04-03 12:36:00,77.56
2016-04-03 12:37:00,76.75
2016-04-03 12:38:00,75.08333333333333
2016-04-03 12:39:00,78.84615384615384
2016-04-03 12:40:00,76.95833333333333
2016-04-03 12:41:00,73.41666666666667
2016-04-03 12:42:00,77.72727272727273
2016-04-03 12:43:00,83.93939393939394
2016-04-03 12:44:00,85.89285714285714
2016-04-03 12:45:00,88.9090909090909
2016-04-03 12:46:00,85.65217391304348
2016-04-03 12:47:00,83.84
2016-04-03 12:48:00,87.2
2016-04-03 12:49:00,73.70370370370371
2016-04-03 12:50:00,70.79166666666667
2016-04-03 12:51:00,74.52
2016-04-03 12:52:00,75.45454545454545
2016-04-03 12:53:00,76.0
2016-04-03 12:54:00,81.125
2016-04-03 12:55:00,77.58333333333333
2016-04-03 12:56:00,76.1304347826087
2016-04-03 12:57:00,80.21739130434783
2016-04-03 12:58:00,79.73913043478261
2016-04-03 12:59:00,76.8695652173913
2016-04-03 13:00:00,77.95238095238095
2016-04-03 13:01:00,76.45454545454545
2016-04-03 13:02:00,78.76923076923077
2016-04-03 13:03:00,79.0
2016-04-03 13:04:00,78.0
2016-04-03 13:05:00,76.06896551724138
2016-04-03 13:06:00,82.86363636363636
2016-04-03 13:07:00,76.61538461538461
2016-04-03 13:08:00,80.4090909090909
2016-04-03 13:09:00,76.76190476190476
2016-04-03 13:10:00,76.38095238095238
2016-04-03 13:11:00,76.36363636363636
2016-04-03 13:12:00,75.625
2016-04-03 13:13:00,86.74285714285715
2016-04-03 13:14:00,83.79166666666667
2016-04-03 13:15:00,73.8695652173913
2016-04-03 13:16:00,71.81818181818181
2016-04-03 13:17:00,73.04347826086956
2016-04-03 13:18:00,71.58333333333333
2016-04-03 13:19:00,69.06451612903226
2016-04-03 13:20:00,76.19047619047619
2016-04-03 13:21:00,76.57142857142857
2016-04-03 13:22:00,76.30434782608695
2016-04-03 13:23:00,74.17857142857143
2016-04-03 13:24:00,80.88461538461539
2016-04-03 13:25:00,81.11538461538461
2016-04-03 13:26:00,75.73913043478261
2016-04-03 13:27:00,78.73076923076923
2016-04-03 13:28:00,78.0
2016-04-03 13:29:00,80.76923076923077
2016-04-03 13:30:00,84.32
2016-04-03 13:31:00,89.55555555555556
2016-04-03 13:32:00,78.72
2016-04-03 13:33:00,77.48148148148148
2016-04-03 13:34:00,74.39285714285714
2016-04-03 13:35:00,73.0952380952381
2016-04-03 13:36:00,75.20833333333333
2016-04-03 13:37:00,76.36363636363636
2016-04-03 13:38:00,77.83333333333333
2016-04-03 13:39:00,76.73913043478261
2016-04-03 13:40:00,80.08695652173913
2016-04-03 13:41:00,81.82608695652173
2016-04-03 13:42:00,87.92307692307692
2016-04-03 13:43:00,80.3103448275862
2016-04-03 13:44:00,75.46153846153847
2016-04-03 13:45:00,76.76
2016-04-03 13:46:00,85.74074074074075
2016-04-03 13:47:00,82.75
2016-04-03 13:48:00,83.17857142857143
2016-04-03 13:49:00,85.0
2016-04-03 13:50:00,85.51515151515152
2016-04-03 13:51:00,79.15384615384616
2016-04-03 13:52:00,73.0
2016-04-03 13:53:00,73.46428571428571
2016-04-03 13:54:00,71.64
2016-04-03 13:55:00,71.26086956521739
2016-04-03 13:56:00,73.8695652173913
2016-04-03 13:57:00,72.22727272727273
2016-04-03 13:58:00,75.5625
2016-04-03 13:59:00,72.72
2016-04-03 14:00:00,77.0
2016-04-03 14:01:00,84.0
2016-04-03 14:02:00,83.72
2016-04-03 14:03:00,79.8076923076923
2016-04-03 14:04:00,80.96
2016-04-03 14:05:00,72.9090909090909
2016-04-03 14:06:00,72.04166666666667
2016-04-03 14:07:00,69.24
2016-04-03 14:08:00,71.34782608695652
2016-04-03 14:09:00,76.0909090909091
2016-04-03 14:10:00,76.29166666666667
2016-04-03 14:11:00,79.30434782608695
2016-04-03 14:12:00,86.79166666666667
2016-04-03 14:13:00,89.125
2016-04-03 14:14:00,89.0
2016-04-03 14:15:00,84.85714285714286
2016-04-03 14:16:00,86.1
2016-04-03 14:17:00,83.36363636363636
2016-04-03 14:18:00,84.5
2016-04-03 14:19:00,88.125
2016-04-03 14:20:00,82.3225806451613
2016-04-03 14:21:00,79.51612903225806
2016-04-03 14:22:00,87.96296296296296
2016-04-03 14:23:00,88.0
2016-04-03 14:24:00,87.29166666666667
2016-04-03 14:25:00,78.37037037037037
2016-04-03 14:26:00,75.54166666666667
2016-04-03 14:27:00,72.95652173913044
2016-04-03 14:28:00,71.6
2016-04-03 14:29:00,73.23076923076923
2016-04-03 14:30:00,73.83333333333333
2016-04-03 14:31:00,73.88
2016-04-03 14:32:00,73.0952380952381
2016-04-03 14:33:00,72.25
2016-04-03 14:34:00,77.03703703703704
2016-04-03 14:35:00,77.32
2016-04-03 14:36:00,77.21739130434783
2016-04-03 14:37:00,83.21739130434783
2016-04-03 14:38:00,84.2
2016-04-03 14:39:00,84.43478260869566
2016-04-03 14:40:00,87.18518518518519
2016-04-03 14:41:00,81.71428571428571
2016-04-03 14:42:00,83.51851851851852
2016-04-03 14:43:00,83.375
2016-04-03 14:44:00,86.08
2016-04-03 14:45:00,91.72
2016-04-03 14:46:00,87.2
2016-04-03 14:47:00,86.72
2016-04-03 14:48:00,85.04347826086956
2016-04-03 14:49:00,88.79166666666667
2016-04-03 14:50:00,88.3
2016-04-03 14:51:00,88.8
2016-04-03 14:52:00,92.95454545454545
2016-04-03 14:53:00,91.29032258064517
2016-04-03 14:54:00,86.08333333333333
2016-04-03 14:55:00,86.11538461538461
2016-04-03 14:56:00,87.24
2016-04-03 14:57:00,87.375
2016-04-03 14:58:00,91.5925925925926
2016-04-03 14:59:00,86.1875
2016-04-03 15:00:00,85.44
2016-04-03 15:01:00,87.53846153846153
2016-04-03 15:02:00,91.45833333333333
2016-04-03 15:03:00,88.5
2016-04-03 15:04:00,88.76
2016-04-03 15:05:00,91.38095238095238
2016-04-03 15:06:00,88.5
2016-04-03 15:07:00,86.44
2016-04-03 15:08:00,83.5
2016-04-03 15:09:00,80.78260869565217
2016-04-03 15:10:00,83.08695652173913
2016-04-03 15:11:00,80.30434782608695
2016-04-03 15:12:00,81.73913043478261
2016-04-03 15:13:00,82.41666666666667
2016-04-03 15:14:00,86.0
2016-04-03 15:15:00,80.4
2016-04-03 15:16:00,78.56521739130434
2016-04-03 15:17:00,82.9090909090909
2016-04-03 15:18:00,85.18518518518519
2016-04-03 15:19:00,98.5925925925926
2016-04-03 15:20:00,99.81818181818181
2016-04-03 15:21:00,100.03125
2016-04-03 15:22:00,86.42857142857143
2016-04-03 15:23:00,85.4090909090909
2016-04-03 15:24:00,82.81481481481481
2016-04-03 15:25:00,84.04
2016-04-03 15:26:00,87.36666666666666
2016-04-03 15:27:00,81.04347826086956
2016-04-03 15:28:00,81.65217391304348
2016-04-03 15:29:00,83.8695652173913
2016-04-03 15:30:00,88.96551724137932
2016-04-03 15:31:00,93.9
2016-04-03 15:32:00,94.1304347826087
2016-04-03 15:33:00,96.44
2016-04-03 15:34:00,92.42857142857143
2016-04-03 15:35:00,85.5909090909091
2016-04-03 15:36:00,85.8
2016-04-03 15:37:00,84.16
2016-04-03 15:38:00,84.73333333333333
2016-04-03 15:39:00,84.5
2016-04-03 15:40:00,85.375
2016-04-03 15:41:00,85.78260869565217
2016-04-03 15:42:00,89.91304347826087
2016-04-03 15:43:00,94.77777777777777
2016-04-03 15:44:00,93.06896551724138
2016-04-03 15:45:00,86.5
2016-04-03 15:46:00,85.6086956521739
2016-04-03 15:47:00,84.26923076923077
2016-04-03 15:48:00,79.21739130434783
2016-04-03 15:49:00,83.70833333333333
2016-04-03 15:50:00,82.73913043478261
2016-04-03 15:51:00,83.6086956521739
2016-04-03 15:52:00,81.04166666666667
2016-04-03 15:53:00,88.16666666666667
2016-04-03 15:54:00,80.26923076923077
2016-04-03 15:55:00,79.72
2016-04-03 15:56:00,82.52173913043478
2016-04-03 15:57:00,85.52
2016-04-03 15:58:00,87.79166666666667
2016-04-03 15:59:00,82.61538461538461
2016-04-03 16:00:00,79.08695652173913
2016-04-03 16:01:00,82.53846153846153
2016-04-03 16:02:00,82.42307692307692
2016-04-03 16:03:00,92.57692307692308
2016-04-03 16:04:00,83.78260869565217
2016-04-03 16:05:00,79.4090909090909
2016-04-03 16:06:00,81.79166666666667
2016-04-03 16:07:00,84.4
2016-04-03 16:08:00,85.72727272727273
2016-04-03 16:09:00,86.04166666666667
2016-04-03 16:10:00,82.14285714285714
2016-04-03 16:11:00,81.2
2016-04-03 16:12:00,82.5909090909091
2016-04-03 16:13:00,82.3913043478261
2016-04-03 16:14:00,79.70833333333333
2016-04-03 16:15:00,84.91666666666667
2016-04-03 16:16:00,85.5
2016-04-03 16:17:00,85.5
2016-04-03 16:18:00,81.95833333333333
2016-04-03 16:19:00,77.0
2016-04-03 16:20:00,80.21739130434783
2016-04-03 16:21:00,81.22727272727273
2016-04-03 16:22:00,79.0
2016-04-03 16:23:00,80.13636363636364
2016-04-03 16:24:00,82.04545454545455
2016-04-03 16:25:00,79.04347826086956
2016-04-03 16:26:00,80.4090909090909
2016-04-03 16:27:00,79.35
2016-04-03 16:28:00,78.75
2016-04-03 16:29:00,80.22727272727273
2016-04-03 16:30:00,81.38095238095238
2016-04-03 16:31:00,81.58333333333333
2016-04-03 16:32:00,82.85714285714286
2016-04-03 16:33:00,79.24
2016-04-03 16:34:00,71.70833333333333
2016-04-03 16:35:00,73.84
2016-04-03 16:36:00,85.48148148148148
2016-04-03 16:37:00,84.18181818181819
2016-04-03 16:38:00,91.03846153846153
2016-04-03 16:39:00,89.03333333333333
2016-04-03 16:40:00,90.3076923076923
2016-04-03 16:41:00,81.36363636363636
2016-04-03 16:42:00,80.63636363636364
2016-04-03 16:43:00,84.16
2016-04-03 16:44:00,86.06451612903226
2016-04-03 16:45:00,80.0
2016-04-03 16:46:00,85.46428571428571
2016-04-03 16:47:00,82.65384615384616
2016-04-03 16:48:00,91.62068965517241
2016-04-03 16:49:00,93.5
2016-04-03 16:50:00,82.5
2016-04-03 16:51:00,76.9090909090909
2016-04-03 16:52:00,75.28571428571429
2016-04-03 16:53:00,80.96551724137932
2016-04-03 16:54:00,90.15384615384616
2016-04-03 16:55:00,80.96666666666667
2016-04-03 16:56:00,81.04347826086956
2016-04-03 16:57:00,86.70833333333333
2016-04-03 16:58:00,86.38095238095238
2016-04-03 16:59:00,86.0
2016-04-03 17:00:00,84.31818181818181
2016-04-03 17:01:00,89.08823529411765
2016-04-03 17:02:00,85.9090909090909
2016-04-03 17:03:00,85.0909090909091
2016-04-03 17:04:00,83.88
2016-04-03 17:05:00,82.95652173913044
2016-04-03 17:06:00,84.5909090909091
2016-04-03 17:07:00,83.0
2016-04-03 17:08:00,78.83333333333333
2016-04-03 17:09:00,77.24
2016-04-03 17:10:00,76.4090909090909
2016-04-03 17:11:00,78.47826086956522
2016-04-03 17:12:00,76.06060606060606
2016-04-03 17:13:00,77.0
2016-04-03 17:14:00,75.0
2016-04-03 17:15:00,73.04347826086956
2016-04-03 17:16:00,73.77272727272727
2016-04-03 17:17:00,80.33333333333333
2016-04-03 17:18:00,91.1923076923077
2016-04-03 17:19:00,90.56521739130434
2016-04-03 17:20:00,80.29166666666667
2016-04-03 17:21:00,75.44444444444444
2016-04-03 17:22:00,80.0
2016-04-03 17:23:00,81.41379310344827
2016-04-03 17:24:00,71.29166666666667
2016-04-03 17:25:00,73.91666666666667
2016-04-03 17:26:00,77.10714285714286
2016-04-03 17:27:00,74.08
2016-04-03 17:28:00,76.33333333333333
2016-04-03 17:29:00,78.78260869565217
2016-04-03 17:30:00,79.375
2016-04-03 17:31:00,79.08333333333333
2016-04-03 17:32:00,74.16666666666667
2016-04-03 17:33:00,77.72727272727273
2016-04-03 17:34:00,78.34782608695652
2016-04-03 17:35:00,79.61538461538461
2016-04-03 17:36:00,78.69565217391305
2016-04-03 17:37:00,77.65384615384616
2016-04-03 17:38:00,77.08695652173913
2016-04-03 17:39:00,74.83333333333333
2016-04-03 17:40:00,80.3
2016-04-03 17:41:00,78.96296296296296
2016-04-03 17:42:00,77.88
2016-04-03 17:43:00,74.6969696969697
2016-04-03 17:44:00,79.90322580645162
2016-04-03 17:45:00,77.82142857142857
2016-04-03 17:46:00,75.0909090909091
2016-04-03 17:47:00,84.93548387096774
2016-04-03 17:48:00,84.3125
2016-04-03 17:49:00,88.57142857142857
2016-04-03 17:50:00,90.26470588235294
2016-04-03 17:51:00,94.72413793103448
2016-04-03 17:52:00,92.72413793103448
2016-04-03 17:53:00,86.75
2016-04-03 17:54:00,93.92592592592592
2016-04-03 17:55:00,97.23076923076923
2016-04-03 17:56:00,94.3076923076923
2016-04-03 17:57:00,95.28571428571429
2016-04-03 17:58:00,88.78260869565217
2016-04-03 17:59:00,78.26923076923077
2016-04-03 18:00:00,70.47826086956522
2016-04-03 18:01:00,71.69565217391305
2016-04-03 18:02:00,73.68181818181819
2016-04-03 18:03:00,84.10714285714286
2016-04-03 18:04:00,92.75
2016-04-03 18:05:00,92.29166666666667
2016-04-03 18:06:00,90.30434782608695
2016-04-03 18:07:00,98.02941176470588
2016-04-03 18:08:00,94.46428571428571
2016-04-03 18:09:00,87.96428571428571
2016-04-03 18:10:00,79.82608695652173
2016-04-03 18:11:00,78.66666666666667
2016-04-03 18:12:00,76.96153846153847
2016-04-03 18:13:00,76.34615384615384
2016-04-03 18:14:00,76.43478260869566
2016-04-03 18:15:00,85.39285714285714
2016-04-03 18:16:00,86.11538461538461
2016-04-03 18:17:00,90.12121212121212
2016-04-03 18:18:00,95.90322580645162
2016-04-03 18:19:00,94.55555555555556
2016-04-03 18:20:00,96.80952380952381
2016-04-03 18:21:00,87.41666666666667
2016-04-03 18:22:00,86.0
2016-04-03 18:23:00,89.53333333333333
2016-04-03 18:24:00,102.56
2016-04-03 18:25:00,106.92307692307692
2016-04-03 18:26:00,105.6
2016-04-03 18:27:00,98.18518518518519
2016-04-03 18:28:00,88.3913043478261
2016-04-03 18:29:00,86.82608695652173
2016-04-03 18:30:00,88.29166666666667
2016-04-03 18:31:00,88.95652173913044
2016-04-03 18:32:00,95.37037037037037
2016-04-03 18:33:00,107.03333333333333
2016-04-03 18:34:00,109.04166666666667
2016-04-03 18:35:00,106.20833333333333
2016-04-03 18:36:00,104.45833333333333
2016-04-03 18:37:00,97.86206896551724
2016-04-03 18:38:00,90.76
2016-04-03 18:39:00,100.0
2016-04-03 18:40:00,98.0
2016-04-03 18:41:00,88.91304347826087
2016-04-03 18:42:00,87.43478260869566
2016-04-03 18:43:00,88.56
2016-04-03 18:44:00,86.86363636363636
2016-04-03 18:45:00,86.19047619047619
2016-04-03 18:46:00,84.5
2016-04-03 18:47:00,84.9090909090909
2016-04-03 18:48:00,86.72727272727273
2016-04-03 18:49:00,87.52380952380952
2016-04-03 18:50:00,83.73913043478261
2016-04-03 18:51:00,84.89285714285714
2016-04-03 18:52:00,86.85714285714286
2016-04-03 18:53:00,85.04545454545455
2016-04-03 18:54:00,84.85714285714286
2016-04-03 18:55:00,86.95
2016-04-03 18:56:00,86.0909090909091
2016-04-03 18:57:00,85.54545454545455
2016-04-03 18:58:00,100.5925925925926
2016-04-03 18:59:00,118.33333333333333
2016-04-03 19:00:00,95.0
2016-04-03 19:01:00,97.73076923076923
2016-04-03 19:02:00,94.95454545454545
2016-04-03 19:03:00,96.8695652173913
2016-04-03 19:04:00,93.64
2016-04-03 19:05:00,92.62962962962963
2016-04-03 19:06:00,91.53846153846153
2016-04-03 19:07:00,92.22727272727273
2016-04-03 19:08:00,96.33333333333333
2016-04-03 19:09:00,93.4
2016-04-03 19:10:00,89.04347826086956
2016-04-03 19:11:00,87.6
2016-04-03 19:12:00,96.9
2016-04-03 19:13:00,98.75
2016-04-03 19:14:00,95.89655172413794
2016-04-03 19:15:00,95.83333333333333
2016-04-03 19:16:00,94.73076923076923
2016-04-03 19:17:00,93.0
2016-04-03 19:18:00,100.08108108108108
2016-04-03 19:19:00,103.70588235294117
2016-04-03 19:20:00,92.76923076923077
2016-04-03 19:21:00,82.0
2016-04-03 19:22:00,81.08
2016-04-03 19:23:00,81.20833333333333
2016-04-03 19:24:00,81.0
2016-04-03 19:25:00,80.0
2016-04-03 19:26:00,79.85
2016-04-03 19:27:00,102.48484848484848
2016-04-03 19:28:00,103.62962962962963
2016-04-03 19:29:00,94.84615384615384
2016-04-03 19:30:00,96.45454545454545
2016-04-03 19:31:00,97.84615384615384
2016-04-03 19:32:00,92.10714285714286
2016-04-03 19:33:00,103.1
2016-04-03 19:34:00,106.53125
2016-04-03 19:35:00,96.20833333333333
2016-04-03 19:36:00,95.29166666666667
2016-04-03 19:37:00,90.0
2016-04-03 19:38:00,100.9
2016-04-03 19:39:00,100.1304347826087
2016-04-03 19:40:00,94.88461538461539
2016-04-03 19:41:00,91.36363636363636
2016-04-03 19:42:00,86.56521739130434
2016-04-03 19:43:00,93.08333333333333
2016-04-03 19:44:00,91.34782608695652
2016-04-03 19:45:00,90.18518518518519
2016-04-03 19:46:00,83.75
2016-04-03 19:47:00,88.33333333333333
2016-04-03 19:48:00,90.64516129032258
2016-04-03 19:49:00,94.4074074074074
2016-04-03 19:50:00,86.20833333333333
2016-04-03 19:51:00,85.95454545454545
2016-04-03 19:52:00,93.0
2016-04-03 19:53:00,94.62962962962963
2016-04-03 19:54:00,93.45454545454545
2016-04-03 19:55:00,91.80952380952381
2016-04-03 19:56:00,90.03571428571429
2016-04-03 19:57:00,84.0
2016-04-03 19:58:00,82.04166666666667
2016-04-03 19:59:00,88.6
2016-04-03 20:00:00,96.43478260869566
2016-04-03 20:01:00,92.66666666666667
2016-04-03 20:02:00,91.0
2016-04-03 20:03:00,91.52173913043478
2016-04-03 20:04:00,88.38461538461539
2016-04-03 20:05:00,100.06896551724138
2016-04-03 20:06:00,103.7741935483871
2016-04-03 20:07:00,98.79310344827586
2016-04-03 20:08:00,102.0
2016-04-03 20:09:00,97.13793103448276
2016-04-03 20:10:00,99.53571428571429
2016-04-03 20:11:00,104.25
2016-04-03 20:12:00,106.92857142857143
2016-04-03 20:13:00,104.34782608695652
2016-04-03 20:14:00,105.0
2016-04-03 20:15:00,88.42197231512449
2016-04-03 20:16:00,90.80437118437118
2016-04-03 20:17:00,90.04809696476364
2016-04-03 20:18:00,90.13343045843045
2016-04-03 20:19:00,90.58493694711086
2016-04-03 20:20:00,92.15166791604197
2016-04-03 20:21:00,87.70151828847482
2016-04-03 20:22:00,89.37372922970748
2016-04-03 20:23:00,91.94348355292884
2016-04-03 20:24:00,89.70833499833499
2016-04-03 20:25:00,89.7027260179434
2016-04-03 20:26:00,92.02031231925969
2016-04-03 20:27:00,95.83429554162312
2016-04-03 20:28:00,95.68254447511693
2016-04-03 20:29:00,92.78066025124902
2016-04-03 20:30:00,91.37644383394384
2016-04-03 20:31:00,94.39326917737712
2016-04-03 20:32:00,96.87006172839506
2016-04-03 20:33:00,93.68722623055957
2016-04-03 20:34:00,94.39506870343827
2016-04-03 20:35:00,91.13745937877621
2016-04-03 20:36:00,89.08846963423049
2016-04-03 20:37:00,89.63197732219471
2016-04-03 20:38:00,91.15148001756698
2016-04-03 20:39:00,91.52699557387058
2016-04-03 20:40:00,92.6661037982877
2016-04-03 20:41:00,90.62579476390836
2016-04-03 20:42:00,91.82478864734298
2016-04-03 20:43:00,89.85020297974262
2016-04-03 20:44:00,93.48386015325671
2016-04-03 20:45:00,95.82388074888075
2016-04-03 20:46:00,98.14965501729567
2016-04-03 20:47:00,94.82297607916472
2016-04-03 20:48:00,94.31512937667829
2016-04-03 20:49:00,93.83684347623547
2016-04-03 20:50:00,91.59149202871093
2016-04-03 20:51:00,94.04960453395235
2016-04-03 20:52:00,95.46074635241303
2016-04-03 20:53:00,96.88346638655462
2016-04-03 20:54:00,92.86663298959495
2016-04-03 20:55:00,91.04935432924565
2016-04-03 20:56:00,90.9966849092936
2016-04-03 20:57:00,92.45240142975649
2016-04-03 20:58:00,93.52723991990297
2016-04-03 20:59:00,91.45690644604439
2016-04-03 21:00:00,91.38952020202021
2016-04-03 21:01:00,92.93280162167594
2016-04-03 21:02:00,92.57780864197531
2016-04-03 21:03:00,94.51342592592592
2016-04-03 21:04:00,92.58786972105345
2016-04-03 21:05:00,90.40080058830058
2016-04-03 21:06:00,89.72053350970019
2016-04-03 21:07:00,89.92223247142663
2016-04-03 21:08:00,88.60414807477214
2016-04-03 21:09:00,93.35652187318856
2016-04-03 21:10:00,89.09905679441977
2016-04-03 21:11:00,94.84224560530795
2016-04-03 21:12:00,91.24938548041996
2016-04-03 21:13:00,91.56394154933426
2016-04-03 21:14:00,73.0
2016-04-03 21:15:00,81.10714285714286
2016-04-03 21:16:00,90.85185185185185
2016-04-03 21:17:00,95.16
2016-04-03 21:18:00,93.64285714285714
2016-04-03 21:19:00,94.72413793103448
2016-04-03 21:20:00,87.93939393939394
2016-04-03 21:21:00,100.96153846153847
2016-04-03 21:22:00,90.45714285714286
2016-04-03 21:23:00,83.51724137931035
2016-04-03 21:24:00,82.07407407407408
2016-04-03 21:25:00,83.04
2016-04-03 21:26:00,86.65517241379311
2016-04-03 21:27:00,86.25806451612904
2016-04-03 21:28:00,88.25925925925925
2016-04-03 21:29:00,86.11538461538461
2016-04-03 21:30:00,87.04166666666667
2016-04-03 21:31:00,85.57575757575758
2016-04-03 21:32:00,89.66666666666667
2016-04-03 21:33:00,86.4
2016-04-03 21:34:00,81.12
2016-04-03 21:35:00,81.34615384615384
2016-04-03 21:36:00,82.84615384615384
2016-04-03 21:37:00,83.03571428571429
2016-04-03 21:38:00,82.36666666666666
2016-04-03 21:39:00,82.1304347826087
2016-04-03 21:40:00,83.03846153846153
2016-04-03 21:41:00,77.46153846153847
2016-04-03 21:42:00,89.6774193548387
2016-04-03 21:43:00,86.25
2016-04-03 21:44:00,88.29411764705883
2016-04-03 21:45:00,84.84375
2016-04-03 21:46:00,86.51851851851852
2016-04-03 21:47:00,84.55172413793103
2016-04-03 21:48:00,85.70370370370371
2016-04-03 21:49:00,85.03571428571429
2016-04-03 21:50:00,87.16
2016-04-03 21:51:00,99.43333333333334
2016-04-03 21:52:00,97.38709677419355
2016-04-03 21:53:00,87.22222222222223
2016-04-03 21:54:00,88.5
2016-04-03 21:55:00,84.85185185185185
2016-04-03 21:56:00,84.58333333333333
2016-04-03 21:57:00,87.6923076923077
2016-04-03 21:58:00,80.76923076923077
2016-04-03 21:59:00,81.61904761904762
2016-04-03 22:00:00,83.95833333333333
2016-04-03 22:01:00,90.92
2016-04-03 22:02:00,93.10714285714286
2016-04-03 22:03:00,85.22222222222223
2016-04-03 22:04:00,85.15625
2016-04-03 22:05:00,80.48
2016-04-03 22:06:00,80.42857142857143
2016-04-03 22:07:00,83.97058823529412
2016-04-03 22:08:00,89.79166666666667
2016-04-03 22:09:00,86.42857142857143
2016-04-03 22:10:00,82.24
2016-04-03 22:11:00,84.96551724137932
2016-04-03 22:12:00,85.32142857142857
2016-04-03 22:13:00,81.44444444444444
2016-04-03 22:14:00,83.4375
2016-04-03 22:15:00,85.76666666666667
2016-04-03 22:16:00,83.43333333333334
2016-04-03 22:17:00,87.3225806451613
2016-04-03 22:18:00,83.39285714285714
2016-04-03 22:19:00,80.63333333333334
2016-04-03 22:20:00,84.55172413793103
2016-04-03 22:21:00,82.875
2016-04-03 22:22:00,83.3529411764706
2016-04-03 22:23:00,82.8695652173913
2016-04-03 22:24:00,83.44444444444444
2016-04-03 22:25:00,84.43478260869566
2016-04-03 22:26:00,90.07407407407408
2016-04-03 22:27:00,92.0
2016-04-03 22:28:00,86.32
2016-04-03 22:29:00,88.25
2016-04-03 22:30:00,86.41666666666667
2016-04-03 22:31:00,88.26086956521739
2016-04-03 22:32:00,88.26086956521739
2016-04-03 22:33:00,80.85714285714286
2016-04-03 22:34:00,80.23076923076923
2016-04-03 22:35:00,87.53846153846153
2016-04-03 22:36:00,84.85714285714286
2016-04-03 22:37:00,88.68181818181819
2016-04-03 22:38:00,89.32
2016-04-03 22:39:00,88.14814814814815
2016-04-03 22:40:00,83.29166666666667
2016-04-03 22:41:00,82.48484848484848
2016-04-03 22:42:00,85.0
2016-04-03 22:43:00,82.43478260869566
2016-04-03 22:44:00,82.47826086956522
2016-04-03 22:45:00,84.96428571428571
2016-04-03 22:46:00,85.08695652173913
2016-04-03 22:47:00,83.26086956521739
2016-04-03 22:48:00,81.20833333333333
2016-04-03 22:49:00,78.5
2016-04-03 22:50:00,79.54545454545455
2016-04-03 22:51:00,81.3913043478261
2016-04-03 22:52:00,88.3
2016-04-03 22:53:00,86.36
2016-04-03 22:54:00,84.875
2016-04-03 22:55:00,85.12
2016-04-03 22:56:00,85.26086956521739
2016-04-03 22:57:00,86.375
2016-04-03 22:58:00,85.0
2016-04-03 22:59:00,83.77272727272727
2016-04-03 23:00:00,84.95652173913044
2016-04-03 23:01:00,84.76666666666667
2016-04-03 23:02:00,85.47826086956522
2016-04-03 23:03:00,85.9047619047619
2016-04-03 23:04:00,83.75
2016-04-03 23:05:00,97.93103448275862
2016-04-03 23:06:00,92.41666666666667
2016-04-03 23:07:00,76.93333333333334
2016-04-03 23:08:00,79.0
2016-04-03 23:09:00,81.57142857142857
2016-04-03 23:10:00,81.6
2016-04-03 23:11:00,79.45833333333333
2016-04-03 23:12:00,78.70833333333333
2016-04-03 23:13:00,81.52
2016-04-03 23:14:00,80.44
2016-04-03 23:15:00,79.79166666666667
2016-04-03 23:16:00,80.77272727272727
2016-04-03 23:17:00,82.33333333333333
2016-04-03 23:18:00,84.73913043478261
2016-04-03 23:19:00,84.30434782608695
2016-04-03 23:20:00,83.08
2016-04-03 23:21:00,84.03846153846153
2016-04-03 23:22:00,87.17857142857143
2016-04-03 23:23:00,88.16
2016-04-03 23:24:00,89.16
2016-04-03 23:25:00,84.44444444444444
2016-04-03 23:26:00,85.73913043478261
2016-04-03 23:27:00,87.52380952380952
2016-04-03 23:28:00,91.6
2016-04-03 23:29:00,92.19047619047619
2016-04-03 23:30:00,91.5
2016-04-03 23:31:00,89.76923076923077
2016-04-03 23:32:00,96.96153846153847
2016-04-03 23:33:00,98.88571428571429
2016-04-03 23:34:00,107.96153846153847
2016-04-03 23:35:00,87.66666666666667
2016-04-03 23:36:00,82.79166666666667
2016-04-03 23:37:00,81.71875
2016-04-03 23:38:00,86.70370370370371
2016-04-03 23:39:00,84.84
2016-04-03 23:40:00,84.32
2016-04-03 23:41:00,87.95
2016-04-03 23:42:00,92.26666666666667
2016-04-03 23:43:00,104.81481481481481
2016-04-03 23:44:00,99.34615384615384
2016-04-03 23:45:00,98.73913043478261
2016-04-03 23:46:00,94.36
2016-04-03 23:47:00,90.16
2016-04-03 23:48:00,95.72
2016-04-03 23:49:00,101.96666666666667
2016-04-03 23:50:00,98.03571428571429
2016-04-03 23:51:00,93.5925925925926
2016-04-03 23:52:00,85.18518518518519
2016-04-03 23:53:00,83.45454545454545
2016-04-03 23:54:00,93.56
2016-04-03 23:55:00,95.77777777777777
2016-04-03 23:56:00,92.0
2016-04-03 23:57:00,90.0909090909091
2016-04-03 23:58:00,95.79166666666667
2016-04-03 23:59:00,97.17391304347827
2016-04-04 00:00:00,94.88
2016-04-04 00:01:00,93.8
2016-04-04 00:02:00,99.61538461538461
2016-04-04 00:03:00,101.17241379310344
2016-04-04 00:04:00,105.1
2016-04-04 00:05:00,96.30434782608695
2016-04-04 00:06:00,92.6923076923077
2016-04-04 00:07:00,90.36363636363636
2016-04-04 00:08:00,77.71875
2016-04-04 00:09:00,87.44
2016-04-04 00:10:00,93.45833333333333
2016-04-04 00:11:00,97.43478260869566
2016-04-04 00:12:00,97.91666666666667
2016-04-04 00:13:00,90.88461538461539
2016-04-04 00:14:00,91.3225806451613
2016-04-04 00:15:00,94.96666666666667
2016-04-04 00:16:00,86.28571428571429
2016-04-04 00:17:00,94.43333333333334
2016-04-04 00:18:00,85.34615384615384
2016-04-04 00:19:00,87.44827586206897
2016-04-04 00:20:00,97.91428571428571
2016-04-04 00:21:00,85.12
2016-04-04 00:22:00,83.26086956521739
2016-04-04 00:23:00,88.14285714285714
2016-04-04 00:24:00,94.75
2016-04-04 00:25:00,94.14814814814815
2016-04-04 00:26:00,89.51612903225806
2016-04-04 00:27:00,86.66666666666667
2016-04-04 00:28:00,91.15384615384616
2016-04-04 00:29:00,86.95652173913044
2016-04-04 00:30:00,83.87878787878788
2016-04-04 00:31:00,75.0
2016-04-04 00:32:00,72.16
2016-04-04 00:33:00,72.9090909090909
2016-04-04 00:34:00,75.95454545454545
2016-04-04 00:35:00,80.0
2016-04-04 00:36:00,72.88
2016-04-04 00:37:00,77.08
2016-04-04 00:38:00,77.43478260869566
2016-04-04 00:39:00,75.92857142857143
2016-04-04 00:40:00,75.38461538461539
2016-04-04 00:41:00,72.88888888888889
2016-04-04 00:42:00,81.66666666666667
2016-04-04 00:43:00,87.16666666666667
2016-04-04 00:44:00,69.29166666666667
2016-04-04 00:45:00,70.58333333333333
2016-04-04 00:46:00,70.22727272727273
2016-04-04 00:47:00,72.3913043478261
2016-04-04 00:48:00,73.875
2016-04-04 00:49:00,74.03703703703704
2016-04-04 00:50:00,70.27272727272727
2016-04-04 00:51:00,70.36363636363636
2016-04-04 00:52:00,72.53846153846153
2016-04-04 00:53:00,71.51851851851852
2016-04-04 00:54:00,70.64
2016-04-04 00:55:00,70.82608695652173
2016-04-04 00:56:00,72.52380952380952
2016-04-04 00:57:00,73.04
2016-04-04 00:58:00,74.21739130434783
2016-04-04 00:59:00,74.81818181818181
2016-04-04 01:00:00,74.77272727272727
2016-04-04 01:01:00,75.08333333333333
2016-04-04 01:02:00,77.46153846153847
2016-04-04 01:03:00,73.08333333333333
2016-04-04 01:04:00,73.78260869565217
2016-04-04 01:05:00,74.1304347826087
2016-04-04 01:06:00,75.56521739130434
2016-04-04 01:07:00,76.9047619047619
2016-04-04 01:08:00,77.9090909090909
2016-04-04 01:09:00,77.41666666666667
2016-04-04 01:10:00,78.78260869565217
2016-04-04 01:11:00,81.15384615384616
2016-04-04 01:12:00,73.63333333333334
2016-04-04 01:13:00,76.16666666666667
2016-04-04 01:14:00,77.45454545454545
2016-04-04 01:15:00,76.57142857142857
2016-04-04 01:16:00,77.4
2016-04-04 01:17:00,76.1304347826087
2016-04-04 01:18:00,75.72727272727273
2016-04-04 01:19:00,75.27272727272727
2016-04-04 01:20:00,75.95833333333333
2016-04-04 01:21:00,75.47826086956522
2016-04-04 01:22:00,76.54545454545455
2016-04-04 01:23:00,76.65217391304348
2016-04-04 01:24:00,74.86363636363636
2016-04-04 01:25:00,76.91304347826087
2016-04-04 01:26:00,77.21739130434783
2016-04-04 01:27:00,80.24
2016-04-04 01:28:00,76.82758620689656
2016-04-04 01:29:00,82.93103448275862
2016-04-04 01:30:00,73.92307692307692
2016-04-04 01:31:00,74.11111111111111
2016-04-04 01:32:00,73.84
2016-04-04 01:33:00,76.875
2016-04-04 01:34:00,80.95238095238095
2016-04-04 01:35:00,78.54545454545455
2016-04-04 01:36:00,71.08823529411765
2016-04-04 01:37:00,81.08333333333333
2016-04-04 01:38:00,80.82608695652173
2016-04-04 01:39:00,79.20833333333333
2016-04-04 01:40:00,76.84
2016-04-04 01:41:00,79.78571428571429
2016-04-04 01:42:00,73.53846153846153
2016-04-04 01:43:00,75.46153846153847
2016-04-04 01:44:00,76.88
2016-04-04 01:45:00,76.3913043478261
2016-04-04 01:46:00,77.88
2016-04-04 01:47:00,75.75
2016-04-04 01:48:00,74.56
2016-04-04 01:49:00,76.6086956521739
2016-04-04 01:50:00,74.61538461538461
2016-04-04 01:51:00,74.44
2016-04-04 01:52:00,75.69565217391305
2016-04-04 01:53:00,77.32
2016-04-04 01:54:00,73.375
2016-04-04 01:55:00,73.69565217391305
2016-04-04 01:56:00,74.30434782608695
2016-04-04 01:57:00,74.47826086956522
2016-04-04 01:58:00,74.8695652173913
2016-04-04 01:59:00,76.91304347826087
2016-04-04 02:00:00,76.42857142857143
2016-04-04 02:01:00,75.61904761904762
2016-04-04 02:02:00,75.91666666666667
2016-04-04 02:03:00,77.30434782608695
2016-04-04 02:04:00,76.0
2016-04-04 02:05:00,75.9090909090909
2016-04-04 02:06:00,76.91304347826087
2016-04-04 02:07:00,77.31818181818181
2016-04-04 02:08:00,79.75
2016-04-04 02:09:00,87.52380952380952
2016-04-04 02:10:00,64.6
2016-04-04 02:11:00,70.53571428571429
2016-04-04 02:12:00,68.6086956521739
2016-04-04 02:13:00,67.625
2016-04-04 02:14:00,76.54838709677419
2016-04-04 02:15:00,70.3913043478261
2016-04-04 02:16:00,70.15384615384616
2016-04-04 02:17:00,85.54761904761905
2016-04-04 02:18:00,73.65384615384616
2016-04-04 02:19:00,68.83333333333333
2016-04-04 02:20:00,65.79166666666667
2016-04-04 02:21:00,58.833333333333336
2016-04-04 02:22:00,60.95454545454545
2016-04-04 02:23:00,60.26086956521739
2016-04-04 02:24:00,61.72727272727273
2016-04-04 02:25:00,62.63636363636363
2016-04-04 02:26:00,63.523809523809526
2016-04-04 02:27:00,65.125
2016-04-04 02:28:00,65.6086956521739
2016-04-04 02:29:00,65.31818181818181
2016-04-04 02:30:00,70.65384615384616
2016-04-04 02:31:00,69.96153846153847
2016-04-04 02:32:00,63.0
2016-04-04 02:33:00,63.833333333333336
2016-04-04 02:34:00,66.04761904761905
2016-04-04 02:35:00,66.16
2016-04-04 02:36:00,81.51282051282051
2016-04-04 02:37:00,67.83333333333333
2016-04-04 02:38:00,67.22727272727273
2016-04-04 02:39:00,68.17391304347827
2016-04-04 02:40:00,68.04545454545455
2016-04-04 02:41:00,68.6086956521739
2016-04-04 02:42:00,68.65217391304348
2016-04-04 02:43:00,69.41666666666667
2016-04-04 02:44:00,69.71428571428571
2016-04-04 02:45:00,72.6875
2016-04-04 02:46:00,70.14814814814815
2016-04-04 02:47:00,67.28
2016-04-04 02:48:00,66.72727272727273
2016-04-04 02:49:00,67.52380952380952
2016-04-04 02:50:00,67.47619047619048
2016-04-04 02:51:00,67.47826086956522
2016-04-04 02:52:00,68.54545454545455
2016-04-04 02:53:00,71.96296296296296
2016-04-04 02:54:00,71.64285714285714
2016-04-04 02:55:00,65.5909090909091
2016-04-04 02:56:00,70.19354838709677
2016-04-04 02:57:00,78.69444444444444
2016-04-04 02:58:00,65.36363636363636
2016-04-04 02:59:00,64.6086956521739
2016-04-04 03:00:00,65.38095238095238
2016-04-04 03:01:00,65.23809523809524
2016-04-04 03:02:00,66.0
2016-04-04 03:03:00,66.43478260869566
2016-04-04 03:04:00,66.3913043478261
2016-04-04 03:05:00,67.63636363636364
2016-04-04 03:06:00,68.22727272727273
2016-04-04 03:07:00,68.86363636363636
2016-04-04 03:08:00,68.33333333333333
2016-04-04 03:09:00,68.21739130434783
2016-04-04 03:10:00,68.5
2016-04-04 03:11:00,68.95454545454545
2016-04-04 03:12:00,70.02941176470588
2016-04-04 03:13:00,64.87096774193549
2016-04-04 03:14:00,69.48571428571428
2016-04-04 03:15:00,64.03571428571429
2016-04-04 03:16:00,65.125
2016-04-04 03:17:00,69.93333333333334
2016-04-04 03:18:00,75.35135135135135
2016-04-04 03:19:00,66.48
2016-04-04 03:20:00,68.66666666666667
2016-04-04 03:21:00,72.0
2016-04-04 03:22:00,70.82608695652173
2016-04-04 03:23:00,70.57142857142857
2016-04-04 03:24:00,67.53571428571429
2016-04-04 03:25:00,67.96666666666667
2016-04-04 03:26:00,69.5
2016-04-04 03:27:00,74.87096774193549
2016-04-04 03:28:00,77.96774193548387
2016-04-04 03:29:00,71.34615384615384
2016-04-04 03:30:00,69.8
2016-04-04 03:31:00,68.8125
2016-04-04 03:32:00,68.6
2016-04-04 03:33:00,68.12
2016-04-04 03:34:00,67.46153846153847
2016-04-04 03:35:00,69.29166666666667
2016-04-04 03:36:00,67.125
2016-04-04 03:37:00,67.18518518518519
2016-04-04 03:38:00,68.79166666666667
2016-04-04 03:39:00,67.11538461538461
2016-04-04 03:40:00,66.96153846153847
2016-04-04 03:41:00,68.82142857142857
2016-04-04 03:42:00,69.0
2016-04-04 03:43:00,68.72
2016-04-04 03:44:00,65.38461538461539
2016-04-04 03:45:00,69.18518518518519
2016-04-04 03:46:00,68.0
2016-04-04 03:47:00,68.0
2016-04-04 03:48:00,67.25
2016-04-04 03:49:00,65.21739130434783
2016-04-04 03:50:00,64.41666666666667
2016-04-04 03:51:00,63.407407407407405
2016-04-04 03:52:00,63.111111111111114
2016-04-04 03:53:00,64.47826086956522
2016-04-04 03:54:00,63.34615384615385
2016-04-04 03:55:00,64.95652173913044
2016-04-04 03:56:00,81.09375
2016-04-04 03:57:00,63.80769230769231
2016-04-04 03:58:00,61.78260869565217
2016-04-04 03:59:00,63.05
2016-04-04 04:00:00,62.36363636363637
2016-04-04 04:01:00,63.407407407407405
2016-04-04 04:02:00,63.81818181818182
2016-04-04 04:03:00,64.45454545454545
2016-04-04 04:04:00,65.42857142857143
2016-04-04 04:05:00,65.20833333333333
2016-04-04 04:06:00,66.21739130434783
2016-04-04 04:07:00,67.28571428571429
2016-04-04 04:08:00,67.04545454545455
2016-04-04 04:09:00,66.0
2016-04-04 04:10:00,66.13636363636364
2016-04-04 04:11:00,66.45454545454545
2016-04-04 04:12:00,66.44
2016-04-04 04:13:00,67.875
2016-04-04 04:14:00,68.61538461538461
2016-04-04 04:15:00,66.5
2016-04-04 04:16:00,62.06060606060606
2016-04-04 04:17:00,65.33333333333333
2016-04-04 04:18:00,66.5625
2016-04-04 04:19:00,68.12903225806451
2016-04-04 04:20:00,65.92
2016-04-04 04:21:00,66.63636363636364
2016-04-04 04:22:00,61.92
2016-04-04 04:23:00,65.12
2016-04-04 04:24:00,67.74193548387096
2016-04-04 04:25:00,67.24
2016-04-04 04:26:00,67.68
2016-04-04 04:27:00,66.8695652173913
2016-04-04 04:28:00,65.25925925925925
2016-04-04 04:29:00,65.04545454545455
2016-04-04 04:30:00,65.0
2016-04-04 04:31:00,65.5
2016-04-04 04:32:00,65.81818181818181
2016-04-04 04:33:00,65.86363636363636
2016-04-04 04:34:00,68.22727272727273
2016-04-04 04:35:00,68.82608695652173
2016-04-04 04:36:00,67.71428571428571
2016-04-04 04:37:00,67.17391304347827
2016-04-04 04:38:00,68.0909090909091
2016-04-04 04:39:00,67.72727272727273
2016-04-04 04:40:00,67.47826086956522
2016-04-04 04:41:00,68.55555555555556
2016-04-04 04:42:00,77.96666666666667
2016-04-04 04:43:00,77.23076923076923
2016-04-04 04:44:00,62.6551724137931
2016-04-04 04:45:00,58.75
2016-04-04 04:46:00,57.642857142857146
2016-04-04 04:47:00,61.42307692307692
2016-04-04 04:48:00,61.724137931034484
2016-04-04 04:49:00,61.483870967741936
2016-04-04 04:50:00,69.37037037037037
2016-04-04 04:51:00,64.73333333333333
2016-04-04 04:52:00,61.833333333333336
2016-04-04 04:53:00,59.964285714285715
2016-04-04 04:54:00,61.4
2016-04-04 04:55:00,67.45833333333333
2016-04-04 04:56:00,65.45454545454545
2016-04-04 04:57:00,64.56
2016-04-04 04:58:00,68.72
2016-04-04 04:59:00,66.03448275862068
2016-04-04 05:00:00,63.0
2016-04-04 05:01:00,59.75
2016-04-04 05:02:00,64.11538461538461
2016-04-04 05:03:00,66.56521739130434
2016-04-04 05:04:00,63.23076923076923
2016-04-04 05:05:00,65.0
2016-04-04 05:06:00,65.36363636363636
2016-04-04 05:07:00,62.68
2016-04-04 05:08:00,60.05
2016-04-04 05:09:00,61.09090909090909
2016-04-04 05:10:00,60.91304347826087
2016-04-04 05:11:00,61.08695652173913
2016-04-04 05:12:00,62.523809523809526
2016-04-04 05:13:00,62.04347826086956
2016-04-04 05:14:00,63.36363636363637
2016-04-04 05:15:00,62.56521739130435
2016-04-04 05:16:00,61.91304347826087
2016-04-04 05:17:00,61.86363636363637
2016-04-04 05:18:00,63.47826086956522
2016-04-04 05:19:00,63.59090909090909
2016-04-04 05:20:00,63.63636363636363
2016-04-04 05:21:00,62.88
2016-04-04 05:22:00,63.523809523809526
2016-04-04 05:23:00,63.416666666666664
2016-04-04 05:24:00,64.66666666666667
2016-04-04 05:25:00,65.1304347826087
2016-04-04 05:26:00,63.93939393939394
2016-04-04 05:27:00,59.107142857142854
2016-04-04 05:28:00,59.833333333333336
2016-04-04 05:29:00,61.22727272727273
2016-04-04 05:30:00,61.666666666666664
2016-04-04 05:31:00,62.38095238095238
2016-04-04 05:32:00,62.041666666666664
2016-04-04 05:33:00,61.142857142857146
2016-04-04 05:34:00,60.370370370370374
2016-04-04 05:35:00,62.04347826086956
2016-04-04 05:36:00,62.69565217391305
2016-04-04 05:37:00,64.125
2016-04-04 05:38:00,63.27272727272727
2016-04-04 05:39:00,63.77272727272727
2016-04-04 05:40:00,65.29166666666667
2016-04-04 05:41:00,66.80645161290323
2016-04-04 05:42:00,61.46153846153846
2016-04-04 05:43:00,62.72
2016-04-04 05:44:00,62.03448275862069
2016-04-04 05:45:00,61.8
2016-04-04 05:46:00,63.77272727272727
2016-04-04 05:47:00,64.33333333333333
2016-04-04 05:48:00,65.33333333333333
2016-04-04 05:49:00,65.82608695652173
2016-04-04 05:50:00,66.54545454545455
2016-04-04 05:51:00,67.66666666666667
2016-04-04 05:52:00,65.625
2016-04-04 05:53:00,65.56
2016-04-04 05:54:00,63.25
2016-04-04 05:55:00,63.76
2016-04-04 05:56:00,66.21739130434783
2016-04-04 05:57:00,64.04166666666667
2016-04-04 05:58:00,68.33333333333333
2016-04-04 05:59:00,68.03571428571429
2016-04-04 06:00:00,66.69565217391305
2016-04-04 06:01:00,65.95652173913044
2016-04-04 06:02:00,65.0
2016-04-04 06:03:00,63.208333333333336
2016-04-04 06:04:00,55.18518518518518
2016-04-04 06:05:00,59.80769230769231
2016-04-04 06:06:00,63.5
2016-04-04 06:07:00,68.1923076923077
2016-04-04 06:08:00,64.55555555555556
2016-04-04 06:09:00,60.4
2016-04-04 06:10:00,60.46153846153846
2016-04-04 06:11:00,64.04
2016-04-04 06:12:00,66.91304347826087
2016-04-04 06:13:00,64.34615384615384
2016-04-04 06:14:00,60.916666666666664
2016-04-04 06:15:00,62.76923076923077
2016-04-04 06:16:00,66.54545454545455
2016-04-04 06:17:00,60.96153846153846
2016-04-04 06:18:00,61.541666666666664
2016-04-04 06:19:00,63.27272727272727
2016-04-04 06:20:00,60.59090909090909
2016-04-04 06:21:00,62.59090909090909
2016-04-04 06:22:00,65.68181818181819
2016-04-04 06:23:00,61.375
2016-04-04 06:24:00,72.14814814814815
2016-04-04 06:25:00,67.06451612903226
2016-04-04 06:26:00,59.76
2016-04-04 06:27:00,68.66666666666667
2016-04-04 06:28:00,74.16666666666667
2016-04-04 06:29:00,58.56
2016-04-04 06:30:00,56.629629629629626
2016-04-04 06:31:00,58.416666666666664
2016-04-04 06:32:00,61.36
2016-04-04 06:33:00,63.21739130434783
2016-04-04 06:34:00,62.407407407407405
2016-04-04 06:35:00,62.64
2016-04-04 06:36:00,62.73076923076923
2016-04-04 06:37:00,57.08695652173913
2016-04-04 06:38:00,59.041666666666664
2016-04-04 06:39:00,61.30434782608695
2016-04-04 06:40:00,61.583333333333336
2016-04-04 06:41:00,63.416666666666664
2016-04-04 06:42:00,64.63333333333334
2016-04-04 06:43:00,64.66666666666667
2016-04-04 06:44:00,60.357142857142854
2016-04-04 06:45:00,61.30769230769231
2016-04-04 06:46:00,58.17857142857143
2016-04-04 06:47:00,57.78260869565217
2016-04-04 06:48:00,59.708333333333336
2016-04-04 06:49:00,61.130434782608695
2016-04-04 06:50:00,61.04545454545455
2016-04-04 06:51:00,61.38095238095238
2016-04-04 06:52:00,61.69565217391305
2016-04-04 06:53:00,62.47826086956522
2016-04-04 06:54:00,62.45
2016-04-04 06:55:00,62.23809523809524
2016-04-04 06:56:00,64.04545454545455
2016-04-04 06:57:00,63.47826086956522
2016-04-04 06:58:00,64.86363636363636
2016-04-04 06:59:00,64.36363636363636
2016-04-04 07:00:00,63.95454545454545
2016-04-04 07:01:00,64.77272727272727
2016-04-04 07:02:00,65.0
2016-04-04 07:03:00,65.30434782608695
2016-04-04 07:04:00,65.73913043478261
2016-04-04 07:05:00,65.80952380952381
2016-04-04 07:06:00,65.72727272727273
2016-04-04 07:07:00,68.1304347826087
2016-04-04 07:08:00,68.17391304347827
2016-04-04 07:09:00,64.74074074074075
2016-04-04 07:10:00,61.241379310344826
2016-04-04 07:11:00,62.23076923076923
2016-04-04 07:12:00,61.916666666666664
2016-04-04 07:13:00,63.04
2016-04-04 07:14:00,66.04761904761905
2016-04-04 07:15:00,67.84615384615384
2016-04-04 07:16:00,70.0
2016-04-04 07:17:00,73.0
2016-04-04 07:18:00,74.79166666666667
2016-04-04 07:19:00,66.56666666666666
2016-04-04 07:20:00,66.46428571428571
2016-04-04 07:21:00,67.57142857142857
2016-04-04 07:22:00,67.76923076923077
2016-04-04 07:23:00,68.43478260869566
2016-04-04 07:24:00,68.16666666666667
2016-04-04 07:25:00,67.2
2016-04-04 07:26:00,70.6086956521739
2016-04-04 07:27:00,64.52
2016-04-04 07:28:00,64.4
2016-04-04 07:29:00,69.75
2016-04-04 07:30:00,67.44
2016-04-04 07:31:00,68.16666666666667
2016-04-04 07:32:00,71.2
2016-04-04 07:33:00,77.07407407407408
2016-04-04 07:34:00,62.806451612903224
2016-04-04 07:35:00,60.904761904761905
2016-04-04 07:36:00,62.54545454545455
2016-04-04 07:37:00,64.4090909090909
2016-04-04 07:38:00,62.0
2016-04-04 07:39:00,58.84
2016-04-04 07:40:00,62.65217391304348
2016-04-04 07:41:00,62.90909090909091
2016-04-04 07:42:00,65.78260869565217
2016-04-04 07:43:00,67.47826086956522
2016-04-04 07:44:00,68.8695652173913
2016-04-04 07:45:00,69.44
2016-04-04 07:46:00,71.0909090909091
2016-04-04 07:47:00,71.54545454545455
2016-04-04 07:48:00,71.54545454545455
2016-04-04 07:49:00,73.0
2016-04-04 07:50:00,73.85714285714286
2016-04-04 07:51:00,73.0
2016-04-04 07:52:00,73.13636363636364
2016-04-04 07:53:00,72.36
2016-04-04 07:54:00,74.5909090909091
2016-04-04 07:55:00,73.77272727272727
2016-04-04 07:56:00,74.95454545454545
2016-04-04 07:57:00,75.0
2016-04-04 07:58:00,73.84615384615384
2016-04-04 07:59:00,76.0
2016-04-04 08:00:00,72.93103448275862
2016-04-04 08:01:00,65.58333333333333
2016-04-04 08:02:00,66.6875
2016-04-04 08:03:00,67.2
2016-04-04 08:04:00,68.56
2016-04-04 08:05:00,68.08333333333333
2016-04-04 08:06:00,72.46428571428571
2016-04-04 08:07:00,72.57142857142857
2016-04-04 08:08:00,68.15384615384616
2016-04-04 08:09:00,73.5
2016-04-04 08:10:00,68.64285714285714
2016-04-04 08:11:00,72.76923076923077
2016-04-04 08:12:00,77.55555555555556
2016-04-04 08:13:00,70.36
2016-04-04 08:14:00,66.76
2016-04-04 08:15:00,67.5
2016-04-04 08:16:00,70.3076923076923
2016-04-04 08:17:00,70.92857142857143
2016-04-04 08:18:00,72.96153846153847
2016-04-04 08:19:00,69.25925925925925
2016-04-04 08:20:00,68.89285714285714
2016-04-04 08:21:00,69.72413793103448
2016-04-04 08:22:00,68.0
2016-04-04 08:23:00,66.4375
2016-04-04 08:24:00,67.8125
2016-04-04 08:25:00,70.3913043478261
2016-04-04 08:26:00,64.41666666666667
2016-04-04 08:27:00,55.130434782608695
2016-04-04 08:28:00,57.69230769230769
2016-04-04 08:29:00,70.03333333333333
2016-04-04 08:30:00,65.32352941176471
2016-04-04 08:31:00,65.30434782608695
2016-04-04 08:32:00,65.8695652173913
2016-04-04 08:33:00,73.80645161290323
2016-04-04 08:34:00,91.75862068965517
2016-04-04 08:35:00,81.55555555555556
2016-04-04 08:36:00,77.26086956521739
2016-04-04 08:37:00,80.81481481481481
2016-04-04 08:38:00,80.66666666666667
2016-04-04 08:39:00,76.69565217391305
2016-04-04 08:40:00,76.66666666666667
2016-04-04 08:41:00,75.4090909090909
2016-04-04 08:42:00,78.44
2016-04-04 08:43:00,79.47619047619048
2016-04-04 08:44:00,71.76923076923077
2016-04-04 08:45:00,72.75
2016-04-04 08:46:00,74.36
2016-04-04 08:47:00,78.53846153846153
2016-04-04 08:48:00,67.70270270270271
2016-04-04 08:49:00,70.75
2016-04-04 08:50:00,72.53571428571429
2016-04-04 08:51:00,74.06451612903226
2016-04-04 08:52:00,75.34375
2016-04-04 08:53:00,73.83870967741936
2016-04-04 08:54:00,74.375
2016-04-04 08:55:00,70.82352941176471
2016-04-04 08:56:00,75.91304347826087
2016-04-04 08:57:00,67.12903225806451
2016-04-04 08:58:00,72.25
2016-04-04 08:59:00,64.74193548387096
2016-04-04 09:00:00,74.9
2016-04-04 09:01:00,73.3103448275862
2016-04-04 09:02:00,67.74074074074075
2016-04-04 09:03:00,68.34482758620689
2016-04-04 09:04:00,75.0
2016-04-04 09:05:00,81.0
2016-04-04 09:06:00,83.24137931034483
2016-04-04 09:07:00,89.84615384615384
2016-04-04 09:08:00,86.08333333333333
2016-04-04 09:09:00,80.04166666666667
2016-04-04 09:10:00,79.52173913043478
2016-04-04 09:11:00,79.27272727272727
2016-04-04 09:12:00,80.5
2016-04-04 09:13:00,81.04761904761905
2016-04-04 09:14:00,81.04166666666667
2016-04-04 09:15:00,78.5
2016-04-04 09:16:00,76.66666666666667
2016-04-04 09:17:00,78.21739130434783
2016-04-04 09:18:00,85.44827586206897
2016-04-04 09:19:00,87.23076923076923
2016-04-04 09:20:00,81.47368421052632
2016-04-04 09:21:00,84.84615384615384
2016-04-04 09:22:00,78.6896551724138
2016-04-04 09:23:00,81.68
2016-04-04 09:24:00,79.66666666666667
2016-04-04 09:25:00,78.96428571428571
2016-04-04 09:26:00,80.37931034482759
2016-04-04 09:27:00,77.91666666666667
2016-04-04 09:28:00,78.83333333333333
2016-04-04 09:29:00,79.17391304347827
2016-04-04 09:30:00,81.27586206896552
2016-04-04 09:31:00,85.32
2016-04-04 09:32:00,84.8076923076923
2016-04-04 09:33:00,84.1875
2016-04-04 09:34:00,86.11111111111111
2016-04-04 09:35:00,86.88888888888889
2016-04-04 09:36:00,83.55172413793103
2016-04-04 09:37:00,86.89655172413794
2016-04-04 09:38:00,87.6
2016-04-04 09:39:00,85.5
2016-04-04 09:40:00,87.64
2016-04-04 09:41:00,82.93103448275862
2016-04-04 09:42:00,87.0
2016-04-04 09:43:00,82.21875
2016-04-04 09:44:00,85.4375
2016-04-04 09:45:00,83.25
2016-04-04 09:46:00,85.56666666666666
2016-04-04 09:47:00,86.03846153846153
2016-04-04 09:48:00,85.0
2016-04-04 09:49:00,83.62962962962963
2016-04-04 09:50:00,81.55172413793103
2016-04-04 09:51:00,82.48148148148148
2016-04-04 09:52:00,80.5
2016-04-04 09:53:00,79.54838709677419
2016-04-04 09:54:00,81.0
2016-04-04 09:55:00,80.83333333333333
2016-04-04 09:56:00,80.3103448275862
2016-04-04 09:57:00,79.5
2016-04-04 09:58:00,81.14285714285714
2016-04-04 09:59:00,81.70833333333333
2016-04-04 10:00:00,84.31818181818181
2016-04-04 10:01:00,83.48148148148148
2016-04-04 10:02:00,85.29166666666667
2016-04-04 10:03:00,83.66666666666667
2016-04-04 10:04:00,83.64516129032258
2016-04-04 10:05:00,82.3103448275862
2016-04-04 10:06:00,85.06896551724138
2016-04-04 10:07:00,84.17391304347827
2016-04-04 10:08:00,85.96153846153847
2016-04-04 10:09:00,86.0909090909091
2016-04-04 10:10:00,86.36363636363636
2016-04-04 10:11:00,84.85714285714286
2016-04-04 10:12:00,84.04
2016-04-04 10:13:00,78.83333333333333
2016-04-04 10:14:00,79.73333333333333
2016-04-04 10:15:00,89.78571428571429
2016-04-04 10:16:00,93.6
2016-04-04 10:17:00,93.15384615384616
2016-04-04 10:18:00,97.03571428571429
2016-04-04 10:19:00,89.5925925925926
2016-04-04 10:20:00,87.68181818181819
2016-04-04 10:21:00,85.4090909090909
2016-04-04 10:22:00,85.30434782608695
2016-04-04 10:23:00,84.65217391304348
2016-04-04 10:24:00,86.8695652173913
2016-04-04 10:25:00,85.17391304347827
2016-04-04 10:26:00,81.88461538461539
2016-04-04 10:27:00,85.1304347826087
2016-04-04 10:28:00,84.6
2016-04-04 10:29:00,90.16
2016-04-04 10:30:00,92.72727272727273
2016-04-04 10:31:00,96.64
2016-04-04 10:32:00,96.18518518518519
2016-04-04 10:33:00,95.06896551724138
2016-04-04 10:34:00,94.36666666666666
2016-04-04 10:35:00,92.25
2016-04-04 10:36:00,85.3076923076923
2016-04-04 10:37:00,87.43333333333334
2016-04-04 10:38:00,92.9090909090909
2016-04-04 10:39:00,86.82758620689656
2016-04-04 10:40:00,86.60714285714286
2016-04-04 10:41:00,88.1842105263158
2016-04-04 10:42:00,93.6923076923077
2016-04-04 10:43:00,88.46666666666667
2016-04-04 10:44:00,85.96551724137932
2016-04-04 10:45:00,87.1923076923077
2016-04-04 10:46:00,87.58064516129032
2016-04-04 10:47:00,83.07142857142857
2016-04-04 10:48:00,81.9
2016-04-04 10:49:00,86.41666666666667
2016-04-04 10:50:00,84.56
2016-04-04 10:51:00,83.8
2016-04-04 10:52:00,80.29166666666667
2016-04-04 10:53:00,79.25925925925925
2016-04-04 10:54:00,85.8
2016-04-04 10:55:00,79.52
2016-04-04 10:56:00,79.24
2016-04-04 10:57:00,81.96428571428571
2016-04-04 10:58:00,84.03703703703704
2016-04-04 10:59:00,83.8
2016-04-04 11:00:00,82.8
2016-04-04 11:01:00,79.6
2016-04-04 11:02:00,77.69565217391305
2016-04-04 11:03:00,75.58333333333333
2016-04-04 11:04:00,84.53125
2016-04-04 11:05:00,82.0
2016-04-04 11:06:00,84.76
2016-04-04 11:07:00,85.0
2016-04-04 11:08:00,84.38095238095238
2016-04-04 11:09:00,81.34782608695652
2016-04-04 11:10:00,78.57142857142857
2016-04-04 11:11:00,84.29166666666667
2016-04-04 11:12:00,84.6923076923077
2016-04-04 11:13:00,85.36666666666666
2016-04-04 11:14:00,80.5
2016-04-04 11:15:00,78.93103448275862
2016-04-04 11:16:00,77.84615384615384
2016-04-04 11:17:00,77.4
2016-04-04 11:18:00,83.64516129032258
2016-04-04 11:19:00,78.21739130434783
2016-04-04 11:20:00,82.16129032258064
2016-04-04 11:21:00,80.53571428571429
2016-04-04 11:22:00,83.48275862068965
2016-04-04 11:23:00,84.69565217391305
2016-04-04 11:24:00,84.51515151515152
2016-04-04 11:25:00,83.25925925925925
2016-04-04 11:26:00,78.67857142857143
2016-04-04 11:27:00,79.63636363636364
2016-04-04 11:28:00,83.06666666666666
2016-04-04 11:29:00,80.79166666666667
2016-04-04 11:30:00,78.76923076923077
2016-04-04 11:31:00,83.1304347826087
2016-04-04 11:32:00,87.14814814814815
2016-04-04 11:33:00,96.25
2016-04-04 11:34:00,100.12
2016-04-04 11:35:00,82.48387096774194
2016-04-04 11:36:00,81.06666666666666
2016-04-04 11:37:00,82.70370370370371
2016-04-04 11:38:00,90.47826086956522
2016-04-04 11:39:00,84.32142857142857
2016-04-04 11:40:00,82.39285714285714
2016-04-04 11:41:00,84.65384615384616
2016-04-04 11:42:00,82.96
2016-04-04 11:43:00,86.61538461538461
2016-04-04 11:44:00,92.08333333333333
2016-04-04 11:45:00,90.76666666666667
2016-04-04 11:46:00,88.48
2016-04-04 11:47:00,89.25925925925925
2016-04-04 11:48:00,88.84615384615384
2016-04-04 11:49:00,88.875
2016-04-04 11:50:00,88.12
2016-04-04 11:51:00,85.82758620689656
2016-04-04 11:52:00,89.66666666666667
2016-04-04 11:53:00,83.5625
2016-04-04 11:54:00,83.26923076923077
2016-04-04 11:55:00,88.3913043478261
2016-04-04 11:56:00,87.34782608695652
2016-04-04 11:57:00,83.91666666666667
2016-04-04 11:58:00,80.08333333333333
2016-04-04 11:59:00,76.95833333333333
2016-04-04 12:00:00,75.53846153846153
2016-04-04 12:01:00,75.84
2016-04-04 12:02:00,77.03703703703704
2016-04-04 12:03:00,74.38095238095238
2016-04-04 12:04:00,76.52
2016-04-04 12:05:00,77.41935483870968
2016-04-04 12:06:00,77.53333333333333
2016-04-04 12:07:00,81.65384615384616
2016-04-04 12:08:00,85.58333333333333
2016-04-04 12:09:00,83.625
2016-04-04 12:10:00,79.94117647058823
2016-04-04 12:11:00,78.3125
2016-04-04 12:12:00,85.07142857142857
2016-04-04 12:13:00,78.375
2016-04-04 12:14:00,78.5925925925926
2016-04-04 12:15:00,87.125
2016-04-04 12:16:00,89.79310344827586
2016-04-04 12:17:00,84.23809523809524
2016-04-04 12:18:00,83.24242424242425
2016-04-04 12:19:00,84.57692307692308
2016-04-04 12:20:00,82.62068965517241
2016-04-04 12:21:00,83.86666666666666
2016-04-04 12:22:00,81.46428571428571
2016-04-04 12:23:00,85.44827586206897
2016-04-04 12:24:00,89.29166666666667
2016-04-04 12:25:00,88.16666666666667
2016-04-04 12:26:00,92.95652173913044
2016-04-04 12:27:00,91.36
2016-04-04 12:28:00,84.10344827586206
2016-04-04 12:29:00,87.5
2016-04-04 12:30:00,88.0
2016-04-04 12:31:00,88.27586206896552
2016-04-04 12:32:00,90.4074074074074
2016-04-04 12:33:00,94.0
2016-04-04 12:34:00,86.6923076923077
2016-04-04 12:35:00,82.07407407407408
2016-04-04 12:36:00,90.88888888888889
2016-04-04 12:37:00,85.22222222222223
2016-04-04 12:38:00,85.34782608695652
2016-04-04 12:39:00,88.46666666666667
2016-04-04 12:40:00,89.6
2016-04-04 12:41:00,88.52
2016-04-04 12:42:00,83.71428571428571
2016-04-04 12:43:00,84.45454545454545
2016-04-04 12:44:00,86.14285714285714
2016-04-04 12:45:00,92.47826086956522
2016-04-04 12:46:00,86.27586206896552
2016-04-04 12:47:00,91.42307692307692
2016-04-04 12:48:00,91.55555555555556
2016-04-04 12:49:00,89.93103448275862
2016-04-04 12:50:00,80.80645161290323
2016-04-04 12:51:00,85.28125
2016-04-04 12:52:00,85.1923076923077
2016-04-04 12:53:00,82.77777777777777
2016-04-04 12:54:00,83.74074074074075
2016-04-04 12:55:00,73.37037037037037
2016-04-04 12:56:00,75.78571428571429
2016-04-04 12:57:00,68.91304347826087
2016-04-04 12:58:00,75.16666666666667
2016-04-04 12:59:00,76.125
2016-04-04 13:00:00,79.83333333333333
2016-04-04 13:01:00,86.3
2016-04-04 13:02:00,84.64285714285714
2016-04-04 13:03:00,82.51515151515152
2016-04-04 13:04:00,82.21739130434783
2016-04-04 13:05:00,82.79166666666667
2016-04-04 13:06:00,84.83333333333333
2016-04-04 13:07:00,83.8695652173913
2016-04-04 13:08:00,86.1923076923077
2016-04-04 13:09:00,87.03846153846153
2016-04-04 13:10:00,94.11111111111111
2016-04-04 13:11:00,95.25
2016-04-04 13:12:00,92.5
2016-04-04 13:13:00,94.88
2016-04-04 13:14:00,88.82142857142857
2016-04-04 13:15:00,86.2
2016-04-04 13:16:00,86.68
2016-04-04 13:17:00,88.26923076923077
2016-04-04 13:18:00,85.70370370370371
2016-04-04 13:19:00,89.91666666666667
2016-04-04 13:20:00,91.03846153846153
2016-04-04 13:21:00,89.31818181818181
2016-04-04 13:22:00,93.3103448275862
2016-04-04 13:23:00,90.04166666666667
2016-04-04 13:24:00,88.21428571428571
2016-04-04 13:25:00,86.0952380952381
2016-04-04 13:26:00,87.48275862068965
2016-04-04 13:27:00,83.85714285714286
2016-04-04 13:28:00,83.44
2016-04-04 13:29:00,95.82758620689656
2016-04-04 13:30:00,87.25
2016-04-04 13:31:00,83.34615384615384
2016-04-04 13:32:00,88.03846153846153
2016-04-04 13:33:00,92.56
2016-04-04 13:34:00,91.6969696969697
2016-04-04 13:35:00,88.3076923076923
2016-04-04 13:36:00,87.0
2016-04-04 13:37:00,84.18181818181819
2016-04-04 13:38:00,89.62962962962963
2016-04-04 13:39:00,89.88235294117646
2016-04-04 13:40:00,93.84615384615384
2016-04-04 13:41:00,96.0
2016-04-04 13:42:00,95.44
2016-04-04 13:43:00,94.125
2016-04-04 13:44:00,95.0
2016-04-04 13:45:00,93.92
2016-04-04 13:46:00,91.3103448275862
2016-04-04 13:47:00,103.6923076923077
2016-04-04 13:48:00,84.06060606060606
2016-04-04 13:49:00,80.64
2016-04-04 13:50:00,85.6896551724138
2016-04-04 13:51:00,87.6086956521739
2016-04-04 13:52:00,80.90322580645162
2016-04-04 13:53:00,83.26923076923077
2016-04-04 13:54:00,77.33333333333333
2016-04-04 13:55:00,81.46153846153847
2016-04-04 13:56:00,83.0952380952381
2016-04-04 13:57:00,84.1923076923077
2016-04-04 13:58:00,92.74193548387096
2016-04-04 13:59:00,88.0
2016-04-04 14:00:00,95.24137931034483
2016-04-04 14:01:00,97.0
2016-04-04 14:02:00,92.02857142857142
2016-04-04 14:03:00,91.28571428571429
2016-04-04 14:04:00,82.92857142857143
2016-04-04 14:05:00,86.07407407407408
2016-04-04 14:06:00,86.55
2016-04-04 14:07:00,86.5
2016-04-04 14:08:00,94.03571428571429
2016-04-04 14:09:00,94.90625
2016-04-04 14:10:00,89.44
2016-04-04 14:11:00,82.1
2016-04-04 14:12:00,83.06896551724138
2016-04-04 14:13:00,93.32142857142857
2016-04-04 14:14:00,91.13333333333334
2016-04-04 14:15:00,91.46666666666667
2016-04-04 14:16:00,90.3103448275862
2016-04-04 14:17:00,92.19354838709677
2016-04-04 14:18:00,93.16
2016-04-04 14:19:00,90.67857142857143
2016-04-04 14:20:00,92.17391304347827
2016-04-04 14:21:00,93.0
2016-04-04 14:22:00,91.73913043478261
2016-04-04 14:23:00,94.67567567567568
2016-04-04 14:24:00,83.85714285714286
2016-04-04 14:25:00,86.91666666666667
2016-04-04 14:26:00,84.76
2016-04-04 14:27:00,85.92592592592592
2016-04-04 14:28:00,84.0
2016-04-04 14:29:00,86.03448275862068
2016-04-04 14:30:00,84.35483870967742
2016-04-04 14:31:00,82.88461538461539
2016-04-04 14:32:00,83.88888888888889
2016-04-04 14:33:00,87.4074074074074
2016-04-04 14:34:00,86.81818181818181
2016-04-04 14:35:00,85.65384615384616
2016-04-04 14:36:00,82.34615384615384
2016-04-04 14:37:00,83.07407407407408
2016-04-04 14:38:00,82.48
2016-04-04 14:39:00,87.04166666666667
2016-04-04 14:40:00,86.48275862068965
2016-04-04 14:41:00,79.58620689655173
2016-04-04 14:42:00,80.16
2016-04-04 14:43:00,84.55555555555556
2016-04-04 14:44:00,81.56666666666666
2016-04-04 14:45:00,87.90322580645162
2016-04-04 14:46:00,89.11111111111111
2016-04-04 14:47:00,86.93103448275862
2016-04-04 14:48:00,89.54166666666667
2016-04-04 14:49:00,87.77777777777777
2016-04-04 14:50:00,89.07692307692308
2016-04-04 14:51:00,91.24
2016-04-04 14:52:00,88.70370370370371
2016-04-04 14:53:00,93.3076923076923
2016-04-04 14:54:00,91.54545454545455
2016-04-04 14:55:00,86.95652173913044
2016-04-04 14:56:00,89.04166666666667
2016-04-04 14:57:00,91.0
2016-04-04 14:58:00,90.375
2016-04-04 14:59:00,93.625
2016-04-04 15:00:00,99.73076923076923
2016-04-04 15:01:00,92.61290322580645
2016-04-04 15:02:00,93.48148148148148
2016-04-04 15:03:00,96.24242424242425
2016-04-04 15:04:00,88.77777777777777
2016-04-04 15:05:00,89.0
2016-04-04 15:06:00,89.91666666666667
2016-04-04 15:07:00,92.8076923076923
2016-04-04 15:08:00,92.78260869565217
2016-04-04 15:09:00,89.84
2016-04-04 15:10:00,88.78260869565217
2016-04-04 15:11:00,90.48387096774194
2016-04-04 15:12:00,89.14285714285714
2016-04-04 15:13:00,90.47619047619048
2016-04-04 15:14:00,92.58333333333333
2016-04-04 15:15:00,90.4
2016-04-04 15:16:00,94.41666666666667
2016-04-04 15:17:00,92.95454545454545
2016-04-04 15:18:00,93.3103448275862
2016-04-04 15:19:00,94.61538461538461
2016-04-04 15:20:00,92.88888888888889
2016-04-04 15:21:00,87.2
2016-04-04 15:22:00,90.65517241379311
2016-04-04 15:23:00,91.46153846153847
2016-04-04 15:24:00,92.83783783783784
2016-04-04 15:25:00,91.92592592592592
2016-04-04 15:26:00,95.68181818181819
2016-04-04 15:27:00,91.33333333333333
2016-04-04 15:28:00,94.06666666666666
2016-04-04 15:29:00,101.93548387096774
2016-04-04 15:30:00,92.67857142857143
2016-04-04 15:31:00,88.18181818181819
2016-04-04 15:32:00,93.18518518518519
2016-04-04 15:33:00,91.29166666666667
2016-04-04 15:34:00,90.29166666666667
2016-04-04 15:35:00,88.26923076923077
2016-04-04 15:36:00,90.28571428571429
2016-04-04 15:37:00,92.44444444444444
2016-04-04 15:38:00,92.5925925925926
2016-04-04 15:39:00,91.57142857142857
2016-04-04 15:40:00,83.81481481481481
2016-04-04 15:41:00,84.96
2016-04-04 15:42:00,89.71428571428571
2016-04-04 15:43:00,96.32
2016-04-04 15:44:00,106.60714285714286
2016-04-04 15:45:00,104.85714285714286
2016-04-04 15:46:00,98.25
2016-04-04 15:47:00,88.92857142857143
2016-04-04 15:48:00,92.55555555555556
2016-04-04 15:49:00,96.74074074074075
2016-04-04 15:50:00,90.4375
2016-04-04 15:51:00,94.4074074074074
2016-04-04 15:52:00,94.0952380952381
2016-04-04 15:53:00,92.04347826086956
2016-04-04 15:54:00,92.95833333333333
2016-04-04 15:55:00,91.81818181818181
2016-04-04 15:56:00,88.9090909090909
2016-04-04 15:57:00,90.76
2016-04-04 15:58:00,92.95652173913044
2016-04-04 15:59:00,87.75
2016-04-04 16:00:00,85.0
2016-04-04 16:01:00,85.52380952380952
2016-04-04 16:02:00,86.5909090909091
2016-04-04 16:03:00,92.16666666666667
2016-04-04 16:04:00,90.6
2016-04-04 16:05:00,85.83333333333333
2016-04-04 16:06:00,88.45454545454545
2016-04-04 16:07:00,88.82608695652173
2016-04-04 16:08:00,91.96296296296296
2016-04-04 16:09:00,92.76923076923077
2016-04-04 16:10:00,93.11111111111111
2016-04-04 16:11:00,98.38235294117646
2016-04-04 16:12:00,106.92
2016-04-04 16:13:00,98.34615384615384
2016-04-04 16:14:00,88.84615384615384
2016-04-04 16:15:00,85.6923076923077
2016-04-04 16:16:00,95.80645161290323
2016-04-04 16:17:00,98.62068965517241
2016-04-04 16:18:00,94.5925925925926
2016-04-04 16:19:00,95.6923076923077
2016-04-04 16:20:00,94.87096774193549
2016-04-04 16:21:00,86.41935483870968
2016-04-04 16:22:00,92.5
2016-04-04 16:23:00,92.34375
2016-04-04 16:24:00,101.34782608695652
2016-04-04 16:25:00,98.23076923076923
2016-04-04 16:26:00,96.82142857142857
2016-04-04 16:27:00,87.46153846153847
2016-04-04 16:28:00,84.95238095238095
2016-04-04 16:29:00,84.0
2016-04-04 16:30:00,83.17391304347827
2016-04-04 16:31:00,96.25
2016-04-04 16:32:00,96.6923076923077
2016-04-04 16:33:00,92.1304347826087
2016-04-04 16:34:00,102.44117647058823
2016-04-04 16:35:00,104.5
2016-04-04 16:36:00,103.77777777777777
2016-04-04 16:37:00,107.14285714285714
2016-04-04 16:38:00,101.76923076923077
2016-04-04 16:39:00,100.58333333333333
2016-04-04 16:40:00,99.58064516129032
2016-04-04 16:41:00,85.27272727272727
2016-04-04 16:42:00,89.61290322580645
2016-04-04 16:43:00,100.31428571428572
2016-04-04 16:44:00,90.26923076923077
2016-04-04 16:45:00,98.09677419354838
2016-04-04 16:46:00,98.23333333333333
2016-04-04 16:47:00,94.53571428571429
2016-04-04 16:48:00,91.47619047619048
2016-04-04 16:49:00,90.65
2016-04-04 16:50:00,88.86363636363636
2016-04-04 16:51:00,86.4
2016-04-04 16:52:00,87.27586206896552
2016-04-04 16:53:00,89.5
2016-04-04 16:54:00,93.60714285714286
2016-04-04 16:55:00,93.03030303030303
2016-04-04 16:56:00,84.64285714285714
2016-04-04 16:57:00,87.48275862068965
2016-04-04 16:58:00,93.75
2016-04-04 16:59:00,92.44
2016-04-04 17:00:00,94.97222222222223
2016-04-04 17:01:00,100.13636363636364
2016-04-04 17:02:00,92.83870967741936
2016-04-04 17:03:00,85.52380952380952
2016-04-04 17:04:00,82.11428571428571
2016-04-04 17:05:00,78.36363636363636
2016-04-04 17:06:00,80.625
2016-04-04 17:07:00,91.07407407407408
2016-04-04 17:08:00,90.8125
2016-04-04 17:09:00,91.07142857142857
2016-04-04 17:10:00,97.35714285714286
2016-04-04 17:11:00,89.21428571428571
2016-04-04 17:12:00,86.17391304347827
2016-04-04 17:13:00,85.03571428571429
2016-04-04 17:14:00,83.52
2016-04-04 17:15:00,89.53125
2016-04-04 17:16:00,103.51515151515152
2016-04-04 17:17:00,92.64285714285714
2016-04-04 17:18:00,85.04347826086956
2016-04-04 17:19:00,81.30434782608695
2016-04-04 17:20:00,88.58064516129032
2016-04-04 17:21:00,96.08823529411765
2016-04-04 17:22:00,104.37931034482759
2016-04-04 17:23:00,102.2
2016-04-04 17:24:00,102.15789473684211
2016-04-04 17:25:00,105.90243902439025
2016-04-04 17:26:00,100.27272727272727
2016-04-04 17:27:00,93.79411764705883
2016-04-04 17:28:00,86.35483870967742
2016-04-04 17:29:00,82.95652173913044
2016-04-04 17:30:00,89.15625
2016-04-04 17:31:00,98.6969696969697
2016-04-04 17:32:00,107.0
2016-04-04 17:33:00,108.60714285714286
2016-04-04 17:34:00,108.4
2016-04-04 17:35:00,101.35714285714286
2016-04-04 17:36:00,93.96666666666667
2016-04-04 17:37:00,95.33333333333333
2016-04-04 17:38:00,92.17241379310344
2016-04-04 17:39:00,99.62068965517241
2016-04-04 17:40:00,91.96153846153847
2016-04-04 17:41:00,91.96774193548387
2016-04-04 17:42:00,100.04166666666667
2016-04-04 17:43:00,90.4375
2016-04-04 17:44:00,86.15151515151516
2016-04-04 17:45:00,87.75757575757575
2016-04-04 17:46:00,83.72
2016-04-04 17:47:00,97.97058823529412
2016-04-04 17:48:00,101.96428571428571
2016-04-04 17:49:00,101.20833333333333
2016-04-04 17:50:00,97.6923076923077
2016-04-04 17:51:00,90.38709677419355
2016-04-04 17:52:00,91.38235294117646
2016-04-04 17:53:00,87.48148148148148
2016-04-04 17:54:00,91.56521739130434
2016-04-04 17:55:00,91.25
2016-04-04 17:56:00,86.58064516129032
2016-04-04 17:57:00,78.16666666666667
2016-04-04 17:58:00,80.4
2016-04-04 17:59:00,74.88461538461539
2016-04-04 18:00:00,78.08333333333333
2016-04-04 18:01:00,80.91666666666667
2016-04-04 18:02:00,79.375
2016-04-04 18:03:00,82.2
2016-04-04 18:04:00,77.72
2016-04-04 18:05:00,79.56
2016-04-04 18:06:00,72.92307692307692
2016-04-04 18:07:00,73.33333333333333
2016-04-04 18:08:00,75.18518518518519
2016-04-04 18:09:00,77.93548387096774
2016-04-04 18:10:00,79.7741935483871
2016-04-04 18:11:00,78.48
2016-04-04 18:12:00,78.81818181818181
2016-04-04 18:13:00,77.84
2016-04-04 18:14:00,89.70833333333333
2016-04-04 18:15:00,88.46666666666667
2016-04-04 18:16:00,88.36
2016-04-04 18:17:00,79.1
2016-04-04 18:18:00,75.84615384615384
2016-04-04 18:19:00,70.16666666666667
2016-04-04 18:20:00,71.93103448275862
2016-04-04 18:21:00,78.92307692307692
2016-04-04 18:22:00,84.0
2016-04-04 18:23:00,79.88888888888889
2016-04-04 18:24:00,87.3
2016-04-04 18:25:00,91.03846153846153
2016-04-04 18:26:00,83.53846153846153
2016-04-04 18:27:00,77.0
2016-04-04 18:28:00,75.875
2016-04-04 18:29:00,80.88461538461539
2016-04-04 18:30:00,82.73076923076923
2016-04-04 18:31:00,78.31818181818181
2016-04-04 18:32:00,92.92307692307692
2016-04-04 18:33:00,82.42307692307692
2016-04-04 18:34:00,79.0909090909091
2016-04-04 18:35:00,79.28
2016-04-04 18:36:00,79.68181818181819
2016-04-04 18:37:00,77.30434782608695
2016-04-04 18:38:00,78.66666666666667
2016-04-04 18:39:00,75.75
2016-04-04 18:40:00,75.03846153846153
2016-04-04 18:41:00,77.625
2016-04-04 18:42:00,77.41666666666667
2016-04-04 18:43:00,77.79166666666667
2016-04-04 18:44:00,81.65384615384616
2016-04-04 18:45:00,83.0
2016-04-04 18:46:00,77.62857142857143
2016-04-04 18:47:00,79.2
2016-04-04 18:48:00,81.3
2016-04-04 18:49:00,84.52
2016-04-04 18:50:00,86.24137931034483
2016-04-04 18:51:00,83.11538461538461
2016-04-04 18:52:00,84.0
2016-04-04 18:53:00,86.92592592592592
2016-04-04 18:54:00,85.07692307692308
2016-04-04 18:55:00,80.56666666666666
2016-04-04 18:56:00,82.06896551724138
2016-04-04 18:57:00,89.36
2016-04-04 18:58:00,90.88461538461539
2016-04-04 18:59:00,85.20689655172414
2016-04-04 19:00:00,84.44444444444444
2016-04-04 19:01:00,87.21428571428571
2016-04-04 19:02:00,85.03571428571429
2016-04-04 19:03:00,86.78947368421052
2016-04-04 19:04:00,85.32352941176471
2016-04-04 19:05:00,79.27027027027027
2016-04-04 19:06:00,77.54166666666667
2016-04-04 19:07:00,75.60714285714286
2016-04-04 19:08:00,75.77777777777777
2016-04-04 19:09:00,79.625
2016-04-04 19:10:00,79.14285714285714
2016-04-04 19:11:00,79.43478260869566
2016-04-04 19:12:00,81.6
2016-04-04 19:13:00,90.59375
2016-04-04 19:14:00,80.81481481481481
2016-04-04 19:15:00,67.5625
2016-04-04 19:16:00,77.41379310344827
2016-04-04 19:17:00,79.44
2016-04-04 19:18:00,80.37037037037037
2016-04-04 19:19:00,93.25257243644393
2016-04-04 19:20:00,91.24757654483199
2016-04-04 19:21:00,89.91297101449275
2016-04-04 19:22:00,87.87541263562323
2016-04-04 19:23:00,83.31060550657851
2016-04-04 19:24:00,85.1799361682795
2016-04-04 19:25:00,87.65124805554633
2016-04-04 19:26:00,90.42343818410176
2016-04-04 19:27:00,91.76257264675743
2016-04-04 19:28:00,90.42996408281735
2016-04-04 19:29:00,88.52502117128395
2016-04-04 19:30:00,86.97806041784303
2016-04-04 19:31:00,88.39457634163688
2016-04-04 19:32:00,90.38182065623033
2016-04-04 19:33:00,92.52346701649175
2016-04-04 19:34:00,93.76202491273823
2016-04-04 19:35:00,94.01551177536231
2016-04-04 19:36:00,92.08475298641002
2016-04-04 19:37:00,90.82548834619487
2016-04-04 19:38:00,92.10517986542443
2016-04-04 19:39:00,89.61543026421494
2016-04-04 19:40:00,90.15730158428528
2016-04-04 19:41:00,89.85467297195558
2016-04-04 19:42:00,89.33802531003619
2016-04-04 19:43:00,91.39441652550347
2016-04-04 19:44:00,91.78627275328924
2016-04-04 19:45:00,94.31949564772145
2016-04-04 19:46:00,91.35513332595468
2016-04-04 19:47:00,93.47245503436358
2016-04-04 19:48:00,95.1363650973267
2016-04-04 19:49:00,96.02432047521721
2016-04-04 19:50:00,94.39200533765751
2016-04-04 19:51:00,93.48761666811235
2016-04-04 19:52:00,95.32050704051383
2016-04-04 19:53:00,92.75885929690277
2016-04-04 19:54:00,92.21362715092553
2016-04-04 19:55:00,91.52998953542432
2016-04-04 19:56:00,92.7058501552795
2016-04-04 19:57:00,93.49890237129334
2016-04-04 19:58:00,91.80842125969843
2016-04-04 19:59:00,90.00074404761905
2016-04-04 20:00:00,91.08932176168852
2016-04-04 20:01:00,92.43298014485515
2016-04-04 20:02:00,92.69849126888576
2016-04-04 20:03:00,92.82471517249567
2016-04-04 20:04:00,92.72835655890003
2016-04-04 20:05:00,95.53682069318876
2016-04-04 20:06:00,98.05885057601809
2016-04-04 20:07:00,97.598906449553
2016-04-04 20:08:00,97.118026877543
2016-04-04 20:09:00,93.68803569173028
2016-04-04 20:10:00,92.84659272404613
2016-04-04 20:11:00,92.9092793277576
2016-04-04 20:12:00,91.7456288535481
2016-04-04 20:13:00,88.19366525354103
2016-04-04 20:14:00,86.75475385323212
2016-04-04 20:15:00,88.42197231512449
2016-04-04 20:16:00,90.80437118437118
2016-04-04 20:17:00,90.04809696476364
2016-04-04 20:18:00,90.13343045843045
2016-04-04 20:19:00,90.58493694711086
2016-04-04 20:20:00,92.15166791604197
2016-04-04 20:21:00,87.70151828847482
2016-04-04 20:22:00,89.37372922970748
2016-04-04 20:23:00,91.94348355292884
2016-04-04 20:24:00,89.70833499833499
2016-04-04 20:25:00,89.7027260179434
2016-04-04 20:26:00,92.02031231925969
2016-04-04 20:27:00,95.83429554162312
2016-04-04 20:28:00,95.68254447511693
2016-04-04 20:29:00,92.78066025124902
2016-04-04 20:30:00,91.37644383394384
2016-04-04 20:31:00,94.39326917737712
2016-04-04 20:32:00,96.87006172839506
2016-04-04 20:33:00,93.68722623055957
2016-04-04 20:34:00,94.39506870343827
2016-04-04 20:35:00,91.13745937877621
2016-04-04 20:36:00,89.08846963423049
2016-04-04 20:37:00,89.63197732219471
2016-04-04 20:38:00,91.15148001756698
2016-04-04 20:39:00,91.52699557387058
2016-04-04 20:40:00,92.6661037982877
2016-04-04 20:41:00,90.62579476390836
2016-04-04 20:42:00,91.82478864734298
2016-04-04 20:43:00,89.85020297974262
2016-04-04 20:44:00,93.48386015325671
2016-04-04 20:45:00,95.82388074888075
2016-04-04 20:46:00,98.14965501729567
2016-04-04 20:47:00,94.82297607916472
2016-04-04 20:48:00,94.31512937667829
2016-04-04 20:49:00,93.83684347623547
2016-04-04 20:50:00,91.59149202871093
2016-04-04 20:51:00,94.04960453395235
2016-04-04 20:52:00,95.46074635241303
2016-04-04 20:53:00,96.88346638655462
2016-04-04 20:54:00,92.86663298959495
2016-04-04 20:55:00,91.04935432924565
2016-04-04 20:56:00,90.9966849092936
2016-04-04 20:57:00,92.45240142975649
2016-04-04 20:58:00,93.52723991990297
2016-04-04 20:59:00,91.45690644604439
2016-04-04 21:00:00,91.38952020202021
2016-04-04 21:01:00,92.93280162167594
2016-04-04 21:02:00,92.57780864197531
2016-04-04 21:03:00,94.51342592592592
2016-04-04 21:04:00,92.58786972105345
2016-04-04 21:05:00,90.40080058830058
2016-04-04 21:06:00,89.72053350970019
2016-04-04 21:07:00,89.92223247142663
2016-04-04 21:08:00,88.60414807477214
2016-04-04 21:09:00,93.35652187318856
2016-04-04 21:10:00,89.09905679441977
2016-04-04 21:11:00,94.84224560530795
2016-04-04 21:12:00,91.24938548041996
2016-04-04 21:13:00,91.56394154933426
2016-04-04 21:14:00,90.39090459838542
2016-04-04 21:15:00,91.44979070935312
2016-04-04 21:16:00,90.25468527421653
2016-04-04 21:17:00,90.23755377519574
2016-04-04 21:18:00,89.6995796267225
2016-04-04 21:19:00,90.16768630364375
2016-04-04 21:20:00,91.09821379092101
2016-04-04 21:21:00,91.62071262071262
2016-04-04 21:22:00,90.98232651462465
2016-04-04 21:23:00,86.62531871819192
2016-04-04 21:24:00,86.56041345595214
2016-04-04 21:25:00,84.63251133923548
2016-04-04 21:26:00,86.31706396801599
2016-04-04 21:27:00,86.49684711942777
2016-04-04 21:28:00,87.75379920894648
2016-04-04 21:29:00,89.07664294517743
2016-04-04 21:30:00,91.91549839327648
2016-04-04 21:31:00,92.10054384229797
2016-04-04 21:32:00,91.78599210495763
2016-04-04 21:33:00,90.26416849474353
2016-04-04 21:34:00,89.30276823281908
2016-04-04 21:35:00,87.36055620026525
2016-04-04 21:36:00,87.50522888569763
2016-04-04 21:37:00,84.7022857668019
2016-04-04 21:38:00,83.18141173641173
2016-04-04 21:39:00,82.11377833305077
2016-04-04 21:40:00,85.27203819989533
2016-04-04 21:41:00,84.65853194424622
2016-04-04 21:42:00,84.10727763535617
2016-04-04 21:43:00,81.61406232354602
2016-04-04 21:44:00,83.44639101707116
2016-04-04 21:45:00,82.91243044772257
2016-04-04 21:46:00,84.54024944329993
2016-04-04 21:47:00,82.56741459131545
2016-04-04 21:48:00,82.16379970773993
2016-04-04 21:49:00,84.12475477979704
2016-04-04 21:50:00,87.39035473785474
2016-04-04 21:51:00,92.86680625050238
2016-04-04 21:52:00,91.96390463202678
2016-04-04 21:53:00,86.09898116240157
2016-04-04 21:54:00,85.89533662551841
2016-04-04 21:55:00,85.11284794110881
2016-04-04 21:56:00,85.02609198872786
2016-04-04 21:57:00,85.76425543542479
2016-04-04 21:58:00,84.26044607566347
2016-04-04 21:59:00,81.74669188514986
2016-04-04 22:00:00,82.46157470677055
2016-04-04 22:01:00,85.59186128526646
2016-04-04 22:02:00,85.7371555696806
2016-04-04 22:03:00,85.7181617446714
2016-04-04 22:04:00,85.68262815056691
2016-04-04 22:05:00,85.05207059011582
2016-04-04 22:06:00,83.42294453734671
2016-04-04 22:07:00,83.57990220315348
2016-04-04 22:08:00,85.67335565802958
2016-04-04 22:09:00,86.62132469885188
2016-04-04 22:10:00,87.6536924632504
2016-04-04 22:11:00,85.28152685665
2016-04-04 22:12:00,85.91861615518323
2016-04-04 22:13:00,85.24391183752357
2016-04-04 22:14:00,87.24040777945757
2016-04-04 22:15:00,86.70875778117157
2016-04-04 22:16:00,86.74011334299335
2016-04-04 22:17:00,89.95848536171117
2016-04-04 22:18:00,89.1814148584335
2016-04-04 22:19:00,89.18185425685425
2016-04-04 22:20:00,88.69660169013616
2016-04-04 22:21:00,89.2356098736346
2016-04-04 22:22:00,87.66015048830995
2016-04-04 22:23:00,88.09213348733603
2016-04-04 22:24:00,87.12727438007943
2016-04-04 22:25:00,86.929580081754
2016-04-04 22:26:00,88.50211840628508
2016-04-04 22:27:00,87.15453250453251
2016-04-04 22:28:00,88.32810256410256
2016-04-04 22:29:00,85.28599472990777
2016-04-04 22:30:00,84.34695476936857
2016-04-04 22:31:00,86.48902205788602
2016-04-04 22:32:00,84.51817391304348
2016-04-04 22:33:00,85.1638923395445
2016-04-04 22:34:00,85.14502663198314
2016-04-04 22:35:00,84.60087105165367
2016-04-04 22:36:00,84.97797162343197
2016-04-04 22:37:00,85.76245059288537
2016-04-04 22:38:00,87.99177777777778
2016-04-04 22:39:00,86.54084564860428
2016-04-04 22:40:00,81.84723253757736
2016-04-04 22:41:00,81.73115151515151
2016-04-04 22:42:00,81.56725925925926
2016-04-04 22:43:00,81.5634296400187
2016-04-04 22:44:00,80.89832298136646
2016-04-04 22:45:00,80.36383459857373
2016-04-04 22:46:00,78.39566113234591
2016-04-04 22:47:00,78.39937671024627
2016-04-04 22:48:00,77.67128270280445
2016-04-04 22:49:00,78.24836363636364
2016-04-04 22:50:00,76.9290542958186
2016-04-04 22:51:00,78.08804293634526
2016-04-04 22:52:00,81.5835
2016-04-04 22:53:00,81.88658601458602
2016-04-04 22:54:00,79.57039246984898
2016-04-04 22:55:00,77.25919169563032
2016-04-04 22:56:00,78.04747412008281
2016-04-04 22:57:00,83.09030658039279
2016-04-04 22:58:00,81.25109265734265
2016-04-04 22:59:00,80.64951085063528
2016-04-04 23:00:00,82.5917700204385
2016-04-04 23:01:00,82.29361815304469
2016-04-04 23:02:00,80.85693236714975
2016-04-04 23:03:00,79.57836244215555
2016-04-04 23:04:00,77.01370269515431
2016-04-04 23:05:00,82.75374812593704
2016-04-04 23:06:00,82.33317708861188
2016-04-04 23:07:00,76.99251207729469
2016-04-04 23:08:00,74.95255790907964
2016-04-04 23:09:00,77.15971872529344
2016-04-04 23:10:00,77.8081406248073
2016-04-04 23:11:00,78.1341770647653
2016-04-04 23:12:00,77.94777583527583
2016-04-04 23:13:00,78.6162215320911
2016-04-04 23:14:00,77.70404682274248
2016-04-04 23:15:00,76.5901130873957
2016-04-04 23:16:00,77.9336467066352
2016-04-04 23:17:00,77.45041922147901
2016-04-04 23:18:00,79.44448442445444
2016-04-04 23:19:00,79.38473990945941
2016-04-04 23:20:00,78.30172815107598
2016-04-04 23:21:00,77.7352513240919
2016-04-04 23:22:00,79.47878288378288
2016-04-04 23:23:00,77.51071914800175
2016-04-04 23:24:00,76.12574440052701
2016-04-04 23:25:00,75.69001610305958
2016-04-04 23:26:00,77.27028765920069
2016-04-04 23:27:00,77.55695985581043
2016-04-04 23:28:00,78.04401126651126
2016-04-04 23:29:00,79.20485618085618
2016-04-04 23:30:00,78.63410973084886
2016-04-04 23:31:00,82.39032634032634
2016-04-04 23:32:00,79.90619658119658
2016-04-04 23:33:00,81.31480952380953
2016-04-04 23:34:00,81.68970085470086
2016-04-04 23:35:00,78.48055531944031
2016-04-04 23:36:00,77.5901897447201
2016-04-04 23:37:00,79.01845470933365
2016-04-04 23:38:00,76.92507042774909
2016-04-04 23:39:00,81.28583333333334
2016-04-04 23:40:00,79.15460674064123
2016-04-04 23:41:00,76.53497474747475
2016-04-04 23:42:00,74.94377365163572
2016-04-04 23:43:00,77.06349206349206
2016-04-04 23:44:00,78.08613053613054
2016-04-04 23:45:00,77.22485507246377
2016-04-04 23:46:00,77.22905934343434
2016-04-04 23:47:00,74.80077294685991
2016-04-04 23:48:00,75.66050538833147
2016-04-04 23:49:00,76.21003857045837
2016-04-04 23:50:00,76.20694462542288
2016-04-04 23:51:00,73.94161200123844
2016-04-04 23:52:00,72.65561167227834
2016-04-04 23:53:00,74.53471941638608
2016-04-04 23:54:00,76.42429487179487
2016-04-04 23:55:00,76.9285113035113
2016-04-04 23:56:00,74.74048769716875
2016-04-04 23:57:00,75.06219806763285
2016-04-04 23:58:00,76.66860296513522
2016-04-04 23:59:00,76.95704106280193
2016-04-05 00:00:00,76.68005175983437
2016-04-05 00:01:00,75.95823171326795
2016-04-05 00:02:00,78.84588541425849
2016-04-05 00:03:00,79.58382067060228
2016-04-05 00:04:00,80.24601130753305
2016-04-05 00:05:00,79.22205563884724
2016-04-05 00:06:00,78.4900749411619
2016-04-05 00:07:00,78.4137707434809
2016-04-05 00:08:00,76.51594359070465
2016-04-05 00:09:00,78.2525605822445
2016-04-05 00:10:00,79.95127386703474
2016-04-05 00:11:00,79.18280113190157
2016-04-05 00:12:00,80.24576923076923
2016-04-05 00:13:00,79.00112809895418
2016-04-05 00:14:00,79.72752887295898
2016-04-05 00:15:00,81.78326449536127
2016-04-05 00:16:00,79.93277264764102
2016-04-05 00:17:00,86.23990313390314
2016-04-05 00:18:00,82.75347507564899
2016-04-05 00:19:00,83.44996286472148
2016-04-05 00:20:00,87.15389451890596
2016-04-05 00:21:00,83.35946186502709
2016-04-05 00:22:00,83.42360248447206
2016-04-05 00:23:00,81.334335839599
2016-04-05 00:24:00,84.21050175669741
2016-04-05 00:25:00,80.39694041867955
2016-04-05 00:26:00,79.26388984393434
2016-04-05 00:27:00,78.56731587909748
2016-04-05 00:28:00,77.58816734989149
2016-04-05 00:29:00,77.31376811594203
2016-04-05 00:30:00,77.0928051948052
2016-04-05 00:31:00,77.65650953984287
2016-04-05 00:32:00,76.96188311688312
2016-04-05 00:33:00,76.67234848484848
2016-04-05 00:34:00,75.17191142191142
2016-04-05 00:35:00,74.93251480320446
2016-04-05 00:36:00,75.01730158730159
2016-04-05 00:37:00,73.99636363636364
2016-04-05 00:38:00,74.4544532279315
2016-04-05 00:39:00,74.15294246815985
2016-04-05 00:40:00,73.75340631590632
2016-04-05 00:41:00,72.75630511463845
2016-04-05 00:42:00,74.45841406391278
2016-04-05 00:43:00,74.14591970121383
2016-04-05 00:44:00,71.47386083323583
2016-04-05 00:45:00,70.86285936285937
2016-04-05 00:46:00,72.35704717987328
2016-04-05 00:47:00,72.8182855121261
2016-04-05 00:48:00,73.57208552317248
2016-04-05 00:49:00,73.11990801737178
2016-04-05 00:50:00,73.01673850304284
2016-04-05 00:51:00,73.11958639186899
2016-04-05 00:52:00,73.85847312649037
2016-04-05 00:53:00,72.78232288377215
2016-04-05 00:54:00,73.02013812041162
2016-04-05 00:55:00,70.79555081863403
2016-04-05 00:56:00,70.98978393587089
2016-04-05 00:57:00,72.03928932178933
2016-04-05 00:58:00,71.62615283267458
2016-04-05 00:59:00,72.26433982683982
2016-04-05 01:00:00,72.4110726833553
2016-04-05 01:01:00,72.01422781995245
2016-04-05 01:02:00,72.0573036517964
2016-04-05 01:03:00,73.20691753929002
2016-04-05 01:04:00,71.86338340209404
2016-04-05 01:05:00,72.24648510909381
2016-04-05 01:06:00,72.20757007681404
2016-04-05 01:07:00,71.53256441970727
2016-04-05 01:08:00,71.62234673928222
2016-04-05 01:09:00,71.75784306826179
2016-04-05 01:10:00,73.00726953056146
2016-04-05 01:11:00,73.2351923076923
2016-04-05 01:12:00,71.65315962148796
2016-04-05 01:13:00,71.92318039282057
2016-04-05 01:14:00,72.84797114893388
2016-04-05 01:15:00,72.99024548950015
2016-04-05 01:16:00,74.16498964803313
2016-04-05 01:17:00,72.64835382009295
2016-04-05 01:18:00,72.25155304465649
2016-04-05 01:19:00,73.10472593338973
2016-04-05 01:20:00,73.64148920437741
2016-04-05 01:21:00,73.7684608090965
2016-04-05 01:22:00,74.47657152571598
2016-04-05 01:23:00,73.44483950228515
2016-04-05 01:24:00,72.3834150735393
2016-04-05 01:25:00,73.47435594081557
2016-04-05 01:26:00,74.29241611850307
2016-04-05 01:27:00,74.20358295599674
2016-04-05 01:28:00,72.13575798506277
2016-04-05 01:29:00,72.0300604567846
2016-04-05 01:30:00,72.09825285825285
2016-04-05 01:31:00,72.11949724993204
2016-04-05 01:32:00,72.11473544973545
2016-04-05 01:33:00,72.5358083870153
2016-04-05 01:34:00,73.97458697786183
2016-04-05 01:35:00,73.68845598845598
2016-04-05 01:36:00,72.45993991326472
2016-04-05 01:37:00,73.0541865441829
2016-04-05 01:38:00,68.58534308111948
2016-04-05 01:39:00,68.45051065911314
2016-04-05 01:40:00,67.69719339773528
2016-04-05 01:41:00,70.06953427524856
2016-04-05 01:42:00,69.06822742474917
2016-04-05 01:43:00,69.80284640558133
2016-04-05 01:44:00,69.21335403726708
2016-04-05 01:45:00,68.46086043112898
2016-04-05 01:46:00,68.12041177213591
2016-04-05 01:47:00,68.7848299319728
2016-04-05 01:48:00,68.4362987012987
2016-04-05 01:49:00,68.82633126850304
2016-04-05 01:50:00,69.06787415483068
2016-04-05 01:51:00,70.52540781969353
2016-04-05 01:52:00,68.91104867883068
2016-04-05 01:53:00,69.09132717294207
2016-04-05 01:54:00,67.54156801330714
2016-04-05 01:55:00,69.09883775644646
2016-04-05 01:56:00,68.39893896763462
2016-04-05 01:57:00,67.54357069661418
2016-04-05 01:58:00,69.21109450935538
2016-04-05 01:59:00,67.75415273132664
2016-04-05 02:00:00,69.1922995017405
2016-04-05 02:01:00,69.40637476165426
2016-04-05 02:02:00,67.88435690746036
2016-04-05 02:03:00,67.5672877846791
2016-04-05 02:04:00,66.66871135860642
2016-04-05 02:05:00,68.17127094437653
2016-04-05 02:06:00,66.61729019119356
2016-04-05 02:07:00,67.6478320852142
2016-04-05 02:08:00,68.2962146549103
2016-04-05 02:09:00,69.52171792118783
2016-04-05 02:10:00,65.56533189033189
2016-04-05 02:11:00,66.53747264123041
2016-04-05 02:12:00,66.62291817912936
2016-04-05 02:13:00,65.8977425969555
2016-04-05 02:14:00,67.58777620552608
2016-04-05 02:15:00,67.25793525315264
2016-04-05 02:16:00,66.64746718085227
2016-04-05 02:17:00,69.2936972447842
2016-04-05 02:18:00,68.3004139338922
2016-04-05 02:19:00,67.40367346938775
2016-04-05 02:20:00,68.63773896910543
2016-04-05 02:21:00,67.7642722794447
2016-04-05 02:22:00,66.21832781910743
2016-04-05 02:23:00,66.0526402743794
2016-04-05 02:24:00,65.31194805194805
2016-04-05 02:25:00,64.92503076633511
2016-04-05 02:26:00,65.67296388911295
2016-04-05 02:27:00,65.24924551638837
2016-04-05 02:28:00,66.58509163785455
2016-04-05 02:29:00,69.29244312908482
2016-04-05 02:30:00,69.17894237599708
2016-04-05 02:31:00,69.73852922439879
2016-04-05 02:32:00,68.16358221488656
2016-04-05 02:33:00,66.36371633292815
2016-04-05 02:34:00,67.68918219461698
2016-04-05 02:35:00,67.49887288694741
2016-04-05 02:36:00,68.9572801020006
2016-04-05 02:37:00,67.57688169520682
2016-04-05 02:38:00,68.22991059664973
2016-04-05 02:39:00,66.7905796205175
2016-04-05 02:40:00,66.99076053346239
2016-04-05 02:41:00,68.32927966443495
2016-04-05 02:42:00,67.62393374741201
2016-04-05 02:43:00,67.53579495039124
2016-04-05 02:44:00,68.22023257166114
2016-04-05 02:45:00,68.48364433185863
2016-04-05 02:46:00,68.86455864430619
2016-04-05 02:47:00,66.7844313557507
2016-04-05 02:48:00,65.15871693523867
2016-04-05 02:49:00,65.86809592523878
2016-04-05 02:50:00,66.95654526632788
2016-04-05 02:51:00,68.63092126433641
2016-04-05 02:52:00,69.31204807614746
2016-04-05 02:53:00,70.54673047219632
2016-04-05 02:54:00,68.13166212991415
2016-04-05 02:55:00,64.37753942592653
2016-04-05 02:56:00,66.26133235109391
2016-04-05 02:57:00,67.00546485260772
2016-04-05 02:58:00,61.453886827458255
2016-04-05 02:59:00,61.92146322736385
2016-04-05 03:00:00,62.48152261816858
2016-04-05 03:01:00,62.87550940470195
2016-04-05 03:02:00,63.040036831596936
2016-04-05 03:03:00,63.417570078597066
2016-04-05 03:04:00,63.63681292994056
2016-04-05 03:05:00,64.55161820063994
2016-04-05 03:06:00,63.44070810142239
2016-04-05 03:07:00,63.09694739784025
2016-04-05 03:08:00,62.62741008901857
2016-04-05 03:09:00,63.39368998246702
2016-04-05 03:10:00,62.119511298296906
2016-04-05 03:11:00,62.56572423435778
2016-04-05 03:12:00,63.18401944355454
2016-04-05 03:13:00,62.34264460119123
2016-04-05 03:14:00,63.23866001033702
2016-04-05 03:15:00,62.6508772257862
2016-04-05 03:16:00,62.890906906240765
2016-04-05 03:17:00,63.0708926684082
2016-04-05 03:18:00,64.0809971821225
2016-04-05 03:19:00,63.99413926229716
2016-04-05 03:20:00,63.066292486649125
2016-04-05 03:21:00,63.0805753739623
2016-04-05 03:22:00,63.23648980704453
2016-04-05 03:23:00,63.85049414210129
2016-04-05 03:24:00,62.89352038575641
2016-04-05 03:25:00,62.41933215622657
2016-04-05 03:26:00,62.52269293924467
2016-04-05 03:27:00,63.00115742457475
2016-04-05 03:28:00,64.17897170718277
2016-04-05 03:29:00,64.8480870980871
2016-04-05 03:30:00,64.89310451453308
2016-04-05 03:31:00,64.34517090052803
2016-04-05 03:32:00,62.798874458874465
2016-04-05 03:33:00,64.10419676484894
2016-04-05 03:34:00,63.24786988373945
2016-04-05 03:35:00,61.45229246943533
2016-04-05 03:36:00,62.45238095238095
2016-04-05 03:37:00,64.19221466364324
2016-04-05 03:38:00,65.36808636498077
2016-04-05 03:39:00,66.57485543442066
2016-04-05 03:40:00,68.26703550964635
2016-04-05 03:41:00,68.980910443994
2016-04-05 03:42:00,67.33037037037037
2016-04-05 03:43:00,64.4357110116774
2016-04-05 03:44:00,62.86093826696913
2016-04-05 03:45:00,62.67696791935923
2016-04-05 03:46:00,62.20625300625301
2016-04-05 03:47:00,61.943067427325296
2016-04-05 03:48:00,61.318464891446254
2016-04-05 03:49:00,60.24323011357173
2016-04-05 03:50:00,60.11231884057971
2016-04-05 03:51:00,60.58112327056426
2016-04-05 03:52:00,60.29624998879657
2016-04-05 03:53:00,60.84706276010623
2016-04-05 03:54:00,60.98980648980649
2016-04-05 03:55:00,61.28575797908096
2016-04-05 03:56:00,63.78522959183674
2016-04-05 03:57:00,61.55535294290917
2016-04-05 03:58:00,60.866301524562395
2016-04-05 03:59:00,61.63806092458266
2016-04-05 04:00:00,61.51126226341614
2016-04-05 04:01:00,61.314805330633135
2016-04-05 04:02:00,61.52817661979152
2016-04-05 04:03:00,61.68937229437229
2016-04-05 04:04:00,62.4720875347969
2016-04-05 04:05:00,64.32685550082103
2016-04-05 04:06:00,62.844234283085214
2016-04-05 04:07:00,62.91501332001332
2016-04-05 04:08:00,64.42007517173246
2016-04-05 04:09:00,63.73852541320572
2016-04-05 04:10:00,63.98061147186147
2016-04-05 04:11:00,63.38102704343113
2016-04-05 04:12:00,64.3930784621541
2016-04-05 04:13:00,64.76303506837989
2016-04-05 04:14:00,63.02466546336111
2016-04-05 04:15:00,62.909047037618464
2016-04-05 04:16:00,64.50554875611526
2016-04-05 04:17:00,62.18567879325643
2016-04-05 04:18:00,61.354843073593074
2016-04-05 04:19:00,62.08403041662508
2016-04-05 04:20:00,61.45173415611304
2016-04-05 04:21:00,61.815868768912246
2016-04-05 04:22:00,61.66972194472195
2016-04-05 04:23:00,63.46437728937729
2016-04-05 04:24:00,63.19027649769585
2016-04-05 04:25:00,61.91805360271199
2016-04-05 04:26:00,60.4388316343155
2016-04-05 04:27:00,60.48421859713785
2016-04-05 04:28:00,60.94382688165297
2016-04-05 04:29:00,61.62512561512562
2016-04-05 04:30:00,62.281291172595516
2016-04-05 04:31:00,62.221645962732914
2016-04-05 04:32:00,63.051329105676935
2016-04-05 04:33:00,63.07274372553983
2016-04-05 04:34:00,62.28252044252044
2016-04-05 04:35:00,63.75362634866383
2016-04-05 04:36:00,63.49485633414205
2016-04-05 04:37:00,62.39348565513161
2016-04-05 04:38:00,63.51124875124875
2016-04-05 04:39:00,62.377856976994906
2016-04-05 04:40:00,62.74302573203194
2016-04-05 04:41:00,63.766127946127945
2016-04-05 04:42:00,65.38144383394383
2016-04-05 04:43:00,64.13614482291901
2016-04-05 04:44:00,62.37527386858565
2016-04-05 04:45:00,63.61040928820432
2016-04-05 04:46:00,60.397608491672536
2016-04-05 04:47:00,59.92277991159978
2016-04-05 04:48:00,60.552803607738404
2016-04-05 04:49:00,61.24594402013757
2016-04-05 04:50:00,66.74905793391066
2016-04-05 04:51:00,63.733221281823766
2016-04-05 04:52:00,63.732204068333104
2016-04-05 04:53:00,62.04687184995455
2016-04-05 04:54:00,61.0845759863592
2016-04-05 04:55:00,65.39987293768083
2016-04-05 04:56:00,61.940017039412204
2016-04-05 04:57:00,62.92827815862298
2016-04-05 04:58:00,64.01710121769632
2016-04-05 04:59:00,64.16314640659468
2016-04-05 05:00:00,63.576042477108146
2016-04-05 05:01:00,62.156471281340046
2016-04-05 05:02:00,65.33640357026226
2016-04-05 05:03:00,69.16828867412308
2016-04-05 05:04:00,68.51852797464211
2016-04-05 05:05:00,68.51542086099808
2016-04-05 05:06:00,69.01823653198653
2016-04-05 05:07:00,68.84934318097362
2016-04-05 05:08:00,66.94987601418308
2016-04-05 05:09:00,65.5109811022311
2016-04-05 05:10:00,65.62138484745083
2016-04-05 05:11:00,65.81782823155106
2016-04-05 05:12:00,63.12610620912514
2016-04-05 05:13:00,63.558573220258005
2016-04-05 05:14:00,64.81631392785485
2016-04-05 05:15:00,65.12551759834369
2016-04-05 05:16:00,65.37613224637681
2016-04-05 05:17:00,65.5006737012987
2016-04-05 05:18:00,66.06526198439242
2016-04-05 05:19:00,67.30769104084321
2016-04-05 05:20:00,67.37078110295502
2016-04-05 05:21:00,67.321524427953
2016-04-05 05:22:00,66.27099970422952
2016-04-05 05:23:00,66.54383775644645
2016-04-05 05:24:00,67.18410031996989
2016-04-05 05:25:00,69.03174347158217
2016-04-05 05:26:00,71.87778934483002
2016-04-05 05:27:00,73.27304884723239
2016-04-05 05:28:00,71.84787210718888
2016-04-05 05:29:00,71.11864765669114
2016-04-05 05:30:00,70.46400623186337
2016-04-05 05:31:00,69.28071797889116
2016-04-05 05:32:00,66.35824275362319
2016-04-05 05:33:00,66.38826605250252
2016-04-05 05:34:00,66.96455601564297
2016-04-05 05:35:00,66.3552496097253
2016-04-05 05:36:00,68.36845238095238
2016-04-05 05:37:00,69.21372090553125
2016-04-05 05:38:00,68.64719082719083
2016-04-05 05:39:00,68.71987117820451
2016-04-05 05:40:00,71.04329089369412
2016-04-05 05:41:00,70.79221431910773
2016-04-05 05:42:00,67.13868614169262
2016-04-05 05:43:00,65.28588843618255
2016-04-05 05:44:00,63.63934822227818
2016-04-05 05:45:00,64.73777235531894
2016-04-05 05:46:00,65.47437360641617
2016-04-05 05:47:00,66.4025249695838
2016-04-05 05:48:00,66.58664596273292
2016-04-05 05:49:00,67.58374210483633
2016-04-05 05:50:00,67.28334877033818
2016-04-05 05:51:00,65.9365651015651
2016-04-05 05:52:00,66.25547893956546
2016-04-05 05:53:00,67.2832427975751
2016-04-05 05:54:00,67.03089522178882
2016-04-05 05:55:00,67.8843348576889
2016-04-05 05:56:00,67.95506211180124
2016-04-05 05:57:00,66.65495270774774
2016-04-05 05:58:00,67.78130577568359
2016-04-05 05:59:00,67.26845459923099
2016-04-05 06:00:00,66.53255049964196
2016-04-05 06:01:00,65.67587601839155
2016-04-05 06:02:00,66.08702898550725
2016-04-05 06:03:00,65.87034414860501
2016-04-05 06:04:00,64.57687340839514
2016-04-05 06:05:00,66.70900636463651
2016-04-05 06:06:00,66.20846122476557
2016-04-05 06:07:00,67.01929089429089
2016-04-05 06:08:00,65.94879423199299
2016-04-05 06:09:00,65.41918994700238
2016-04-05 06:10:00,66.34436853062904
2016-04-05 06:11:00,66.27748251748253
2016-04-05 06:12:00,66.24883762200533
2016-04-05 06:13:00,66.72441471571906
2016-04-05 06:14:00,67.89648263170002
2016-04-05 06:15:00,67.9472110250355
2016-04-05 06:16:00,69.0683670481807
2016-04-05 06:17:00,68.94155793873185
2016-04-05 06:18:00,67.0966772047828
2016-04-05 06:19:00,66.96970212327355
2016-04-05 06:20:00,65.70973379561615
2016-04-05 06:21:00,65.72402220967437
2016-04-05 06:22:00,67.26143784786642
2016-04-05 06:23:00,67.4609753703853
2016-04-05 06:24:00,68.70282050259009
2016-04-05 06:25:00,66.4734357577906
2016-04-05 06:26:00,65.37612257363381
2016-04-05 06:27:00,66.97027814835269
2016-04-05 06:28:00,68.74146224146224
2016-04-05 06:29:00,66.09941867656154
2016-04-05 06:30:00,67.19426878889794
2016-04-05 06:31:00,64.70315049339894
2016-04-05 06:32:00,65.55848516218082
2016-04-05 06:33:00,66.83437635577816
2016-04-05 06:34:00,67.46712824700954
2016-04-05 06:35:00,67.52538123421382
2016-04-05 06:36:00,68.02979773146029
2016-04-05 06:37:00,65.28613568396177
2016-04-05 06:38:00,66.83237048665619
2016-04-05 06:39:00,66.87675612188356
2016-04-05 06:40:00,66.30543983110486
2016-04-05 06:41:00,67.31240896358544
2016-04-05 06:42:00,69.13098525582998
2016-04-05 06:43:00,69.71976688951443
2016-04-05 06:44:00,70.19668828066344
2016-04-05 06:45:00,67.08836996336996
2016-04-05 06:46:00,67.50590084518656
2016-04-05 06:47:00,67.75157712887527
2016-04-05 06:48:00,68.660358554489
2016-04-05 06:49:00,68.60087817979122
2016-04-05 06:50:00,69.02375105685664
2016-04-05 06:51:00,68.663577508298
2016-04-05 06:52:00,67.69956203217073
2016-04-05 06:53:00,67.26467979685371
2016-04-05 06:54:00,67.4858281573499
2016-04-05 06:55:00,69.07881880024738
2016-04-05 06:56:00,68.6435003092146
2016-04-05 06:57:00,68.4065744999628
2016-04-05 06:58:00,68.16943430160822
2016-04-05 06:59:00,69.47226666248405
2016-04-05 07:00:00,67.73856030933419
2016-04-05 07:01:00,67.91588827436654
2016-04-05 07:02:00,67.6470916649488
2016-04-05 07:03:00,69.0876748050661
2016-04-05 07:04:00,69.34600291548246
2016-04-05 07:05:00,70.51637152001808
2016-04-05 07:06:00,71.98293493945668
2016-04-05 07:07:00,71.63940800400428
2016-04-05 07:08:00,71.38469454975666
2016-04-05 07:09:00,68.96789580390431
2016-04-05 07:10:00,69.13432855798261
2016-04-05 07:11:00,68.72886876322436
2016-04-05 07:12:00,68.00867309019483
2016-04-05 07:13:00,68.69738934562022
2016-04-05 07:14:00,67.38995062908107
2016-04-05 07:15:00,73.58209681196892
2016-04-05 07:16:00,73.16493506493507
2016-04-05 07:17:00,72.27179433866625
2016-04-05 07:18:00,71.50512364875077
2016-04-05 07:19:00,71.14965095291181
2016-04-05 07:20:00,71.13284235433304
2016-04-05 07:21:00,69.87390388757385
2016-04-05 07:22:00,70.56978240013954
2016-04-05 07:23:00,71.34688210340384
2016-04-05 07:24:00,71.98526592455164
2016-04-05 07:25:00,71.9883963757917
2016-04-05 07:26:00,75.21932524673119
2016-04-05 07:27:00,75.16185730867285
2016-04-05 07:28:00,74.53255819516087
2016-04-05 07:29:00,76.0461215228296
2016-04-05 07:30:00,74.55273473411721
2016-04-05 07:31:00,75.66469452074489
2016-04-05 07:32:00,73.9704587097997
2016-04-05 07:33:00,76.80134817304848
2016-04-05 07:34:00,74.30297484876314
2016-04-05 07:35:00,74.28559614559614
2016-04-05 07:36:00,72.76368366539008
2016-04-05 07:37:00,74.28773762469415
2016-04-05 07:38:00,74.27865211252309
2016-04-05 07:39:00,72.57880341880342
2016-04-05 07:40:00,73.2491035716141
2016-04-05 07:41:00,74.37156565656566
2016-04-05 07:42:00,74.56840748997796
2016-04-05 07:43:00,73.65204460059532
2016-04-05 07:44:00,76.75430253623189
2016-04-05 07:45:00,77.88785561660562
2016-04-05 07:46:00,77.40150112233445
2016-04-05 07:47:00,79.32732576602142
2016-04-05 07:48:00,76.55017288902093
2016-04-05 07:49:00,76.38757919103314
2016-04-05 07:50:00,74.8172619047619
2016-04-05 07:51:00,73.35766045548654
2016-04-05 07:52:00,74.41873866873867
2016-04-05 07:53:00,74.39564737731405
2016-04-05 07:54:00,75.85102209526762
2016-04-05 07:55:00,77.18154150197628
2016-04-05 07:56:00,76.42499502413295
2016-04-05 07:57:00,75.05835497835498
2016-04-05 07:58:00,76.15058552558553
2016-04-05 07:59:00,79.5212065233617
2016-04-05 08:00:00,80.85129570507769
2016-04-05 08:01:00,82.82402209577667
2016-04-05 08:02:00,76.54078242022304
2016-04-05 08:03:00,70.5140836940837
2016-04-05 08:04:00,76.79010218393107
2016-04-05 08:05:00,72.96587132003799
2016-04-05 08:06:00,73.85246871184371
2016-04-05 08:07:00,69.93872903916007
2016-04-05 08:08:00,69.6455362140846
2016-04-05 08:09:00,73.01207860922146
2016-04-05 08:10:00,77.04602353018502
2016-04-05 08:11:00,80.45565286163112
2016-04-05 08:12:00,80.58502847212525
2016-04-05 08:13:00,77.20990790319127
2016-04-05 08:14:00,74.31561002564798
2016-04-05 08:15:00,71.88491256483893
2016-04-05 08:16:00,74.5893064671901
2016-04-05 08:17:00,75.30124787637102
2016-04-05 08:18:00,75.72877393158
2016-04-05 08:19:00,75.15575166867869
2016-04-05 08:20:00,74.89246598639455
2016-04-05 08:21:00,76.18216445910411
2016-04-05 08:22:00,73.66491518623364
2016-04-05 08:23:00,72.93499128900571
2016-04-05 08:24:00,73.6743805241945
2016-04-05 08:25:00,72.44080582978098
2016-04-05 08:26:00,73.88014855514857
2016-04-05 08:27:00,73.00930144389771
2016-04-05 08:28:00,73.6030841954264
2016-04-05 08:29:00,74.80726533349254
2016-04-05 08:30:00,75.32085049537056
2016-04-05 08:31:00,72.65585378856767
2016-04-05 08:32:00,73.85406225589455
2016-04-05 08:33:00,75.66739358175495
2016-04-05 08:34:00,79.0095462078046
2016-04-05 08:35:00,75.4401734889358
2016-04-05 08:36:00,74.36544073909758
2016-04-05 08:37:00,73.36241076698238
2016-04-05 08:38:00,75.48599816849817
2016-04-05 08:39:00,76.41604554865424
2016-04-05 08:40:00,74.03495463588631
2016-04-05 08:41:00,72.52713250517598
2016-04-05 08:42:00,70.37714289229086
2016-04-05 08:43:00,72.22507209405501
2016-04-05 08:44:00,72.98491997016541
2016-04-05 08:45:00,73.74730682016397
2016-04-05 08:46:00,72.58713251003948
2016-04-05 08:47:00,74.417183708912
2016-04-05 08:48:00,73.8810182145815
2016-04-05 08:49:00,76.87303094708406
2016-04-05 08:50:00,77.34313319981423
2016-04-05 08:51:00,76.2396187714689
2016-04-05 08:52:00,76.90050549007984
2016-04-05 08:53:00,75.88241654850526
2016-04-05 08:54:00,75.97632458267539
2016-04-05 08:55:00,77.27628629954397
2016-04-05 08:56:00,76.45694253140809
2016-04-05 08:57:00,76.23960358213347
2016-04-05 08:58:00,77.20690813018399
2016-04-05 08:59:00,78.22778372758386
2016-04-05 09:00:00,79.42677787062166
2016-04-05 09:01:00,81.10582231205825
2016-04-05 09:02:00,77.75696283402718
2016-04-05 09:03:00,74.0795956479802
2016-04-05 09:04:00,73.50958539445936
2016-04-05 09:05:00,77.42373052205176
2016-04-05 09:06:00,76.3869847871496
2016-04-05 09:07:00,77.65504459308806
2016-04-05 09:08:00,76.71260612073112
2016-04-05 09:09:00,74.59164792413011
2016-04-05 09:10:00,73.56844038208169
2016-04-05 09:11:00,75.30281934249325
2016-04-05 09:12:00,75.02443900388405
2016-04-05 09:13:00,74.95426429413499
2016-04-05 09:14:00,75.24086004317576
2016-04-05 09:15:00,75.9839412424493
2016-04-05 09:16:00,75.00708284352142
2016-04-05 09:17:00,74.23476416955614
2016-04-05 09:18:00,76.19162498927304
2016-04-05 09:19:00,78.44067860809292
2016-04-05 09:20:00,75.15174195824939
2016-04-05 09:21:00,74.93026549599826
2016-04-05 09:22:00,74.45463101566517
2016-04-05 09:23:00,75.09847592780783
2016-04-05 09:24:00,75.6407299230144
2016-04-05 09:25:00,75.09126157731573
2016-04-05 09:26:00,76.03822153407424
2016-04-05 09:27:00,76.0087432795699
2016-04-05 09:28:00,75.18822939339243
2016-04-05 09:29:00,74.44275170481693
2016-04-05 09:30:00,74.57385180273111
2016-04-05 09:31:00,75.75459309608016
2016-04-05 09:32:00,76.10715963599397
2016-04-05 09:33:00,77.59393589263061
2016-04-05 09:34:00,77.53679593036274
2016-04-05 09:35:00,76.99167683156104
2016-04-05 09:36:00,77.44282727789827
2016-04-05 09:37:00,80.64348276910496
2016-04-05 09:38:00,79.26083557011816
2016-04-05 09:39:00,76.70779447941865
2016-04-05 09:40:00,78.46188983430362
2016-04-05 09:41:00,78.79334222769567
2016-04-05 09:42:00,79.31481611801807
2016-04-05 09:43:00,77.53158862359173
2016-04-05 09:44:00,77.47956709439629
2016-04-05 09:45:00,77.76688231123715
2016-04-05 09:46:00,78.47320630108808
2016-04-05 09:47:00,77.22116253133602
2016-04-05 09:48:00,78.69931667128711
2016-04-05 09:49:00,78.20753130945864
2016-04-05 09:50:00,76.79554446314334
2016-04-05 09:51:00,78.11293874069736
2016-04-05 09:52:00,76.78248089851776
2016-04-05 09:53:00,75.64131689034755
2016-04-05 09:54:00,76.83743386243385
2016-04-05 09:55:00,76.41522092708051
2016-04-05 09:56:00,76.32810356948288
2016-04-05 09:57:00,75.02730288345195
2016-04-05 09:58:00,76.39585034013605
2016-04-05 09:59:00,79.83510874896503
2016-04-05 10:00:00,80.76650312650312
2016-04-05 10:01:00,79.14673033356664
2016-04-05 10:02:00,79.97678875655834
2016-04-05 10:03:00,82.53765624095108
2016-04-05 10:04:00,81.05844715067732
2016-04-05 10:05:00,78.7134316442553
2016-04-05 10:06:00,77.72531162989934
2016-04-05 10:07:00,80.29283761528328
2016-04-05 10:08:00,80.31202927361325
2016-04-05 10:09:00,78.97311059311059
2016-04-05 10:10:00,79.6022221990972
2016-04-05 10:11:00,79.59138594483422
2016-04-05 10:12:00,79.51429707269381
2016-04-05 10:13:00,79.17502674459196
2016-04-05 10:14:00,78.98954685099847
2016-04-05 10:15:00,79.40939104280278
2016-04-05 10:16:00,80.01370253493324
2016-04-05 10:17:00,81.22294798113764
2016-04-05 10:18:00,81.87614152281259
2016-04-05 10:19:00,81.75860731724512
2016-04-05 10:20:00,83.60237680741992
2016-04-05 10:21:00,87.55478471307276
2016-04-05 10:22:00,87.3656346289221
2016-04-05 10:23:00,85.01146492094861
2016-04-05 10:24:00,85.12718393983296
2016-04-05 10:25:00,82.8268940449647
2016-04-05 10:26:00,79.99212574462575
2016-04-05 10:27:00,79.38430576669707
2016-04-05 10:28:00,77.96827409216297
2016-04-05 10:29:00,78.49464900333716
2016-04-05 10:30:00,78.38231860943532
2016-04-05 10:31:00,78.20476753788347
2016-04-05 10:32:00,76.98195814048304
2016-04-05 10:33:00,75.81940604373138
2016-04-05 10:34:00,76.54884117939673
2016-04-05 10:35:00,77.55381976119524
2016-04-05 10:36:00,83.93442441481689
2016-04-05 10:37:00,80.63591582333976
2016-04-05 10:38:00,80.88179867648915
2016-04-05 10:39:00,81.30004018805363
2016-04-05 10:40:00,80.9422501639896
2016-04-05 10:41:00,83.2216611063002
2016-04-05 10:42:00,82.8549049908425
2016-04-05 10:43:00,82.50604438997821
2016-04-05 10:44:00,84.33507402852592
2016-04-05 10:45:00,82.57315920031436
2016-04-05 10:46:00,80.84839661160225
2016-04-05 10:47:00,82.02671248929869
2016-04-05 10:48:00,83.27730056401931
2016-04-05 10:49:00,84.56596210252461
2016-04-05 10:50:00,83.0700175070028
2016-04-05 10:51:00,80.469833386878
2016-04-05 10:52:00,77.97400372700776
2016-04-05 10:53:00,77.46793429431361
2016-04-05 10:54:00,79.64558459740718
2016-04-05 10:55:00,80.09028496168582
2016-04-05 10:56:00,80.01963176760216
2016-04-05 10:57:00,80.15946756797564
2016-04-05 10:58:00,80.68173421997558
2016-04-05 10:59:00,79.78903543763832
2016-04-05 11:00:00,78.76118107612861
2016-04-05 11:01:00,79.10859660807952
2016-04-05 11:02:00,80.82618102383141
2016-04-05 11:03:00,80.21979211388624
2016-04-05 11:04:00,82.56121371404133
2016-04-05 11:05:00,81.87684650494433
2016-04-05 11:06:00,81.35078801406927
2016-04-05 11:07:00,79.89051900526039
2016-04-05 11:08:00,79.91640786749483
2016-04-05 11:09:00,80.66650989409142
2016-04-05 11:10:00,81.72149509803921
2016-04-05 11:11:00,82.65898693405707
2016-04-05 11:12:00,82.66680586438652
2016-04-05 11:13:00,80.37330193615908
2016-04-05 11:14:00,79.05393273393273
2016-04-05 11:15:00,80.40702906567874
2016-04-05 11:16:00,79.86078403739118
2016-04-05 11:17:00,80.88521164021164
2016-04-05 11:18:00,81.66198528443068
2016-04-05 11:19:00,80.86972208950469
2016-04-05 11:20:00,84.16881589895016
2016-04-05 11:21:00,82.88215395118621
2016-04-05 11:22:00,84.84063591580833
2016-04-05 11:23:00,81.9973325199645
2016-04-05 11:24:00,82.4994948187883
2016-04-05 11:25:00,82.30198601662887
2016-04-05 11:26:00,83.38749163879598
2016-04-05 11:27:00,82.85942760942761
2016-04-05 11:28:00,85.68174841408404
2016-04-05 11:29:00,83.72916062198671
2016-04-05 11:30:00,83.72621902941778
2016-04-05 11:31:00,82.56693925407784
2016-04-05 11:32:00,82.13768416768417
2016-04-05 11:33:00,88.2302151278257
2016-04-05 11:34:00,86.57180428913304
2016-04-05 11:35:00,83.19432315668203
2016-04-05 11:36:00,82.27027992583548
2016-04-05 11:37:00,84.74984834443492
2016-04-05 11:38:00,84.89753264393444
2016-04-05 11:39:00,84.80456649186785
2016-04-05 11:40:00,86.1266926990209
2016-04-05 11:41:00,88.33716700368875
2016-04-05 11:42:00,86.22542311488314
2016-04-05 11:43:00,86.1578344271581
2016-04-05 11:44:00,88.37984553680388
2016-04-05 11:45:00,89.59404412045541
2016-04-05 11:46:00,88.09402023347302
2016-04-05 11:47:00,88.62992207599903
2016-04-05 11:48:00,85.47852595069986
2016-04-05 11:49:00,85.1717994967995
2016-04-05 11:50:00,85.07612271821974
2016-04-05 11:51:00,83.1052833479845
2016-04-05 11:52:00,83.40935465768798
2016-04-05 11:53:00,83.06199929610905
2016-04-05 11:54:00,82.47023626579181
2016-04-05 11:55:00,84.85524537998435
2016-04-05 11:56:00,85.66754594484063
2016-04-05 11:57:00,84.98786775042815
2016-04-05 11:58:00,83.59981727085176
2016-04-05 11:59:00,83.38432233177943
2016-04-05 12:00:00,82.09548783365919
2016-04-05 12:01:00,84.31972144359118
2016-04-05 12:02:00,91.16412687741632
2016-04-05 12:03:00,85.54279189504996
2016-04-05 12:04:00,83.5102143240549
2016-04-05 12:05:00,82.15856816215549
2016-04-05 12:06:00,84.5108242557401
2016-04-05 12:07:00,86.03915266916982
2016-04-05 12:08:00,87.38356966883538
2016-04-05 12:09:00,86.17705334341808
2016-04-05 12:10:00,86.49654588467172
2016-04-05 12:11:00,84.45675761928177
2016-04-05 12:12:00,86.41752437781923
2016-04-05 12:13:00,86.61247038097113
2016-04-05 12:14:00,86.01962100621104
2016-04-05 12:15:00,86.90108669174977
2016-04-05 12:16:00,87.87883690672963
2016-04-05 12:17:00,86.71465499536464
2016-04-05 12:18:00,85.84088685066946
2016-04-05 12:19:00,84.95454992118556
2016-04-05 12:20:00,85.12522065501825
2016-04-05 12:21:00,84.5756468631781
2016-04-05 12:22:00,83.41476250087361
2016-04-05 12:23:00,85.44037714720466
2016-04-05 12:24:00,85.06354111692987
2016-04-05 12:25:00,83.39951820657302
2016-04-05 12:26:00,85.1019537789103
2016-04-05 12:27:00,85.88413674932414
2016-04-05 12:28:00,81.56687590825521
2016-04-05 12:29:00,81.0251790671769
2016-04-05 12:30:00,81.18054993137119
2016-04-05 12:31:00,81.32607796630785
2016-04-05 12:32:00,84.702866138156
2016-04-05 12:33:00,83.81650997150997
2016-04-05 12:34:00,83.24029026390346
2016-04-05 12:35:00,81.90304280479609
2016-04-05 12:36:00,83.21135121185846
2016-04-05 12:37:00,82.62268592312248
2016-04-05 12:38:00,83.6558532852011
2016-04-05 12:39:00,83.59233958026228
2016-04-05 12:40:00,85.00519414174586
2016-04-05 12:41:00,82.68157645549803
2016-04-05 12:42:00,83.54193133628617
2016-04-05 12:43:00,83.61890670525936
2016-04-05 12:44:00,85.7712400307228
2016-04-05 12:45:00,87.22009801453413
2016-04-05 12:46:00,86.80707993119287
2016-04-05 12:47:00,87.61930420894188
2016-04-05 12:48:00,87.2769909818219
2016-04-05 12:49:00,85.84153478664699
2016-04-05 12:50:00,85.10372104243305
2016-04-05 12:51:00,86.40079950395506
2016-04-05 12:52:00,85.21980538841004
2016-04-05 12:53:00,83.28203724348651
2016-04-05 12:54:00,84.94196238807349
2016-04-05 12:55:00,85.13571638238305
2016-04-05 12:56:00,87.93721876055972
2016-04-05 12:57:00,88.70232068973488
2016-04-05 12:58:00,90.14553922153489
2016-04-05 12:59:00,90.28517884462485
2016-04-05 13:00:00,89.84715153785201
2016-04-05 13:01:00,88.24906898656899
2016-04-05 13:02:00,89.21682416968723
2016-04-05 13:03:00,93.30858999551687
2016-04-05 13:04:00,93.67299965978209
2016-04-05 13:05:00,94.1211555288142
2016-04-05 13:06:00,92.33738462240632
2016-04-05 13:07:00,91.24841135499838
2016-04-05 13:08:00,91.69456288217158
2016-04-05 13:09:00,90.19480523696416
2016-04-05 13:10:00,90.7407749293504
2016-04-05 13:11:00,90.05251416245022
2016-04-05 13:12:00,87.43102738062414
2016-04-05 13:13:00,89.38369239260645
2016-04-05 13:14:00,90.22158246158247
2016-04-05 13:15:00,87.69605997866867
2016-04-05 13:16:00,85.9922915972916
2016-04-05 13:17:00,85.87166119394445
2016-04-05 13:18:00,89.67876323472787
2016-04-05 13:19:00,90.5381488507295
2016-04-05 13:20:00,91.79364462697795
2016-04-05 13:21:00,92.98071176452818
2016-04-05 13:22:00,91.82149043693272
2016-04-05 13:23:00,90.74687070733142
2016-04-05 13:24:00,93.04097061391417
2016-04-05 13:25:00,91.78409294409295
2016-04-05 13:26:00,89.82010533439137
2016-04-05 13:27:00,89.08784481929644
2016-04-05 13:28:00,87.36658296381297
2016-04-05 13:29:00,89.41043390260968
2016-04-05 13:30:00,89.80800337075699
2016-04-05 13:31:00,88.27644001194726
2016-04-05 13:32:00,87.16587098087098
2016-04-05 13:33:00,87.26704647115275
2016-04-05 13:34:00,88.52188791600557
2016-04-05 13:35:00,90.86173299718772
2016-04-05 13:36:00,90.85494153463625
2016-04-05 13:37:00,89.52271516478413
2016-04-05 13:38:00,89.08469093352916
2016-04-05 13:39:00,89.35836753917884
2016-04-05 13:40:00,90.59680232288927
2016-04-05 13:41:00,90.99588442958007
2016-04-05 13:42:00,90.62117742410845
2016-04-05 13:43:00,88.47932677414492
2016-04-05 13:44:00,90.77088133283786
2016-04-05 13:45:00,90.46454093499987
2016-04-05 13:46:00,91.74587182461438
2016-04-05 13:47:00,94.91266882162179
2016-04-05 13:48:00,91.1232375855034
2016-04-05 13:49:00,91.24357317961969
2016-04-05 13:50:00,94.47126579323897
2016-04-05 13:51:00,93.3528863827173
2016-04-05 13:52:00,89.64420612274508
2016-04-05 13:53:00,89.4961226043751
2016-04-05 13:54:00,89.72816376953887
2016-04-05 13:55:00,90.28491575122794
2016-04-05 13:56:00,89.33297997826485
2016-04-05 13:57:00,89.31445661588252
2016-04-05 13:58:00,90.93634936434897
2016-04-05 13:59:00,92.1288277577138
2016-04-05 14:00:00,93.28375171249785
2016-04-05 14:01:00,95.83996863043026
2016-04-05 14:02:00,92.69231537294338
2016-04-05 14:03:00,91.58140744596683
2016-04-05 14:04:00,89.12597288471599
2016-04-05 14:05:00,89.6516347728766
2016-04-05 14:06:00,91.74782029162463
2016-04-05 14:07:00,92.37180467950537
2016-04-05 14:08:00,92.27227299048889
2016-04-05 14:09:00,93.62151163773662
2016-04-05 14:10:00,93.14412422623944
2016-04-05 14:11:00,93.40244900697799
2016-04-05 14:12:00,91.74414670642139
2016-04-05 14:13:00,92.67542735042736
2016-04-05 14:14:00,93.68563672688805
2016-04-05 14:15:00,92.0254174431806
2016-04-05 14:16:00,91.6565734989648
2016-04-05 14:17:00,92.97778680938805
2016-04-05 14:18:00,91.88029030348962
2016-04-05 14:19:00,94.43238382025432
2016-04-05 14:20:00,93.68584493837588
2016-04-05 14:21:00,91.39530391654047
2016-04-05 14:22:00,92.35170186232989
2016-04-05 14:23:00,91.62757230021099
2016-04-05 14:24:00,90.70115726826808
2016-04-05 14:25:00,90.36917718023172
2016-04-05 14:26:00,88.21662776856309
2016-04-05 14:27:00,88.168700185928
2016-04-05 14:28:00,89.2113151205906
2016-04-05 14:29:00,90.99885136010823
2016-04-05 14:30:00,90.2140995028648
2016-04-05 14:31:00,92.5119585285275
2016-04-05 14:32:00,89.80869750460268
2016-04-05 14:33:00,87.50425133011481
2016-04-05 14:34:00,88.44093606272955
2016-04-05 14:35:00,88.48904930013626
2016-04-05 14:36:00,87.67987786368221
2016-04-05 14:37:00,89.2006569316352
2016-04-05 14:38:00,89.7601312466773
2016-04-05 14:39:00,90.00946256058896
2016-04-05 14:40:00,89.80968063901598
2016-04-05 14:41:00,89.67297848541824
2016-04-05 14:42:00,91.21050222277275
2016-04-05 14:43:00,91.8356193362638
2016-04-05 14:44:00,88.63750285303509
2016-04-05 14:45:00,89.49435600242052
2016-04-05 14:46:00,90.93695419021506
2016-04-05 14:47:00,94.3217739131023
2016-04-05 14:48:00,93.15680760910229
2016-04-05 14:49:00,92.3139192664555
2016-04-05 14:50:00,90.78912583970724
2016-04-05 14:51:00,93.95242702800482
2016-04-05 14:52:00,93.44174549730104
2016-04-05 14:53:00,93.31976202146453
2016-04-05 14:54:00,92.64524080289638
2016-04-05 14:55:00,92.57597652207056
2016-04-05 14:56:00,91.95638238573021
2016-04-05 14:57:00,90.98628146143233
2016-04-05 14:58:00,90.975085372457
2016-04-05 14:59:00,88.95735594166301
2016-04-05 15:00:00,88.06324814476989
2016-04-05 15:01:00,87.71200030567843
2016-04-05 15:02:00,91.69662000263223
2016-04-05 15:03:00,90.7135960275842
2016-04-05 15:04:00,91.38532738095239
2016-04-05 15:05:00,91.9042828739699
2016-04-05 15:06:00,70.83870967741936
2016-04-05 15:07:00,87.53571428571429
2016-04-05 15:08:00,87.70833333333333
2016-04-05 15:09:00,91.70588235294117
2016-04-05 15:10:00,92.18518518518519
2016-04-05 15:11:00,92.79166666666667
2016-04-05 15:12:00,95.71428571428571
2016-04-05 15:13:00,105.25806451612904
2016-04-05 15:14:00,95.75862068965517
2016-04-05 15:15:00,86.69565217391305
2016-04-05 15:16:00,82.20833333333333
2016-04-05 15:17:00,81.72413793103448
2016-04-05 15:18:00,88.12
2016-04-05 15:19:00,83.68
2016-04-05 15:20:00,83.44
2016-04-05 15:21:00,84.19047619047619
2016-04-05 15:22:00,83.84
2016-04-05 15:23:00,82.07692307692308
2016-04-05 15:24:00,85.26666666666667
2016-04-05 15:25:00,85.03333333333333
2016-04-05 15:26:00,83.07407407407408
2016-04-05 15:27:00,84.13636363636364
2016-04-05 15:28:00,86.83333333333333
2016-04-05 15:29:00,87.4
2016-04-05 15:30:00,87.25
2016-04-05 15:31:00,85.4
2016-04-05 15:32:00,90.0
2016-04-05 15:33:00,91.04
2016-04-05 15:34:00,89.36
2016-04-05 15:35:00,88.23076923076923
2016-04-05 15:36:00,84.35714285714286
2016-04-05 15:37:00,83.125
2016-04-05 15:38:00,83.64
2016-04-05 15:39:00,85.24
2016-04-05 15:40:00,82.45833333333333
2016-04-05 15:41:00,83.20689655172414
2016-04-05 15:42:00,90.96296296296296
2016-04-05 15:43:00,87.14285714285714
2016-04-05 15:44:00,79.36
2016-04-05 15:45:00,73.42857142857143
2016-04-05 15:46:00,72.69565217391305
2016-04-05 15:47:00,71.0
2016-04-05 15:48:00,87.14285714285714
2016-04-05 15:49:00,82.54166666666667
2016-04-05 15:50:00,73.24
2016-04-05 15:51:00,60.09090909090909
2016-04-05 15:52:00,68.08
2016-04-05 15:53:00,82.13793103448276
2016-04-05 15:54:00,82.08
2016-04-05 15:55:00,83.6875
2016-04-05 15:56:00,79.2258064516129
2016-04-05 15:57:00,78.3030303030303
2016-04-05 15:58:00,72.84375
2016-04-05 15:59:00,85.4054054054054
2016-04-05 16:00:00,82.44117647058823
2016-04-05 16:01:00,88.96551724137932
2016-04-05 16:02:00,88.52173913043478
2016-04-05 16:03:00,89.16666666666667
2016-04-05 16:04:00,93.55555555555556
2016-04-05 16:05:00,87.75
2016-04-05 16:06:00,83.64
2016-04-05 16:07:00,82.29166666666667
2016-04-05 16:08:00,83.16666666666667
2016-04-05 16:09:00,87.32142857142857
2016-04-05 16:10:00,91.8695652173913
2016-04-05 16:11:00,94.92592592592592
2016-04-05 16:12:00,96.7
2016-04-05 16:13:00,85.96875
2016-04-05 16:14:00,81.22857142857143
2016-04-05 16:15:00,75.34782608695652
2016-04-05 16:16:00,84.08
2016-04-05 16:17:00,94.22727272727273
2016-04-05 16:18:00,101.20689655172414
2016-04-05 16:19:00,104.03225806451613
2016-04-05 16:20:00,95.73076923076923
2016-04-05 16:21:00,67.9090909090909
2016-04-05 16:22:00,70.54166666666667
2016-04-05 16:23:00,75.31818181818181
2016-04-05 16:24:00,79.0
2016-04-05 16:25:00,89.53571428571429
2016-04-05 16:26:00,94.88461538461539
2016-04-05 16:27:00,92.45161290322581
2016-04-05 16:28:00,113.31428571428572
2016-04-05 16:29:00,103.96774193548387
2016-04-05 16:30:00,105.0909090909091
2016-04-05 16:31:00,101.4
2016-04-05 16:32:00,84.0
2016-04-05 16:33:00,90.57692307692308
2016-04-05 16:34:00,85.65714285714286
2016-04-05 16:35:00,91.8125
2016-04-05 16:36:00,99.06451612903226
2016-04-05 16:37:00,106.48275862068965
2016-04-05 16:38:00,107.15625
2016-04-05 16:39:00,97.7
2016-04-05 16:40:00,96.72
2016-04-05 16:41:00,91.43478260869566
2016-04-05 16:42:00,98.43478260869566
2016-04-05 16:43:00,96.73076923076923
2016-04-05 16:44:00,88.32432432432432
2016-04-05 16:45:00,87.89285714285714
2016-04-05 16:46:00,85.17857142857143
2016-04-05 16:47:00,91.10714285714286
2016-04-05 16:48:00,98.04761904761905
2016-04-05 16:49:00,99.34615384615384
2016-04-05 16:50:00,99.76190476190476
2016-04-05 16:51:00,98.33333333333333
2016-04-05 16:52:00,93.84615384615384
2016-04-05 16:53:00,93.0909090909091
2016-04-05 16:54:00,98.25806451612904
2016-04-05 16:55:00,92.8076923076923
2016-04-05 16:56:00,102.39393939393939
2016-04-05 16:57:00,105.26923076923077
2016-04-05 16:58:00,101.4074074074074
2016-04-05 16:59:00,108.29032258064517
2016-04-05 17:00:00,104.55555555555556
2016-04-05 17:01:00,102.92
2016-04-05 17:02:00,104.18518518518519
2016-04-05 17:03:00,107.0
2016-04-05 17:04:00,95.37037037037037
2016-04-05 17:05:00,88.42857142857143
2016-04-05 17:06:00,87.18181818181819
2016-04-05 17:07:00,95.6
2016-04-05 17:08:00,100.91304347826087
2016-04-05 17:09:00,102.70833333333333
2016-04-05 17:10:00,96.41176470588235
2016-04-05 17:11:00,93.71428571428571
2016-04-05 17:12:00,92.03703703703704
2016-04-05 17:13:00,92.6086956521739
2016-04-05 17:14:00,89.03703703703704
2016-04-05 17:15:00,87.07142857142857
2016-04-05 17:16:00,99.61538461538461
2016-04-05 17:17:00,93.17647058823529
2016-04-05 17:18:00,89.57142857142857
2016-04-05 17:19:00,97.56521739130434
2016-04-05 17:20:00,101.84
2016-04-05 17:21:00,103.44827586206897
2016-04-05 17:22:00,101.96296296296296
2016-04-05 17:23:00,100.03846153846153
2016-04-05 17:24:00,95.71428571428571
2016-04-05 17:25:00,96.58333333333333
2016-04-05 17:26:00,96.47826086956522
2016-04-05 17:27:00,99.14285714285714
2016-04-05 17:28:00,98.125
2016-04-05 17:29:00,97.54166666666667
2016-04-05 17:30:00,93.0
2016-04-05 17:31:00,96.36363636363636
2016-04-05 17:32:00,95.6086956521739
2016-04-05 17:33:00,96.29166666666667
2016-04-05 17:34:00,95.44
2016-04-05 17:35:00,93.8
2016-04-05 17:36:00,93.58333333333333
2016-04-05 17:37:00,94.77272727272727
2016-04-05 17:38:00,94.3913043478261
2016-04-05 17:39:00,94.28571428571429
2016-04-05 17:40:00,92.92307692307692
2016-04-05 17:41:00,91.29629629629629
2016-04-05 17:42:00,91.70833333333333
2016-04-05 17:43:00,94.20833333333333
2016-04-05 17:44:00,91.25925925925925
2016-04-05 17:45:00,95.63636363636364
2016-04-05 17:46:00,95.25
2016-04-05 17:47:00,91.64
2016-04-05 17:48:00,95.8695652173913
2016-04-05 17:49:00,95.45454545454545
2016-04-05 17:50:00,91.95454545454545
2016-04-05 17:51:00,91.95454545454545
2016-04-05 17:52:00,90.5909090909091
2016-04-05 17:53:00,88.96153846153847
2016-04-05 17:54:00,86.96296296296296
2016-04-05 17:55:00,91.47826086956522
2016-04-05 17:56:00,93.22727272727273
2016-04-05 17:57:00,94.52173913043478
2016-04-05 17:58:00,94.80952380952381
2016-04-05 17:59:00,94.66666666666667
2016-04-05 18:00:00,93.875
2016-04-05 18:01:00,91.95652173913044
2016-04-05 18:02:00,91.08
2016-04-05 18:03:00,89.83333333333333
2016-04-05 18:04:00,91.65217391304348
2016-04-05 18:05:00,90.875
2016-04-05 18:06:00,90.95652173913044
2016-04-05 18:07:00,91.65217391304348
2016-04-05 18:08:00,92.8076923076923
2016-04-05 18:09:00,94.13636363636364
2016-04-05 18:10:00,92.56
2016-04-05 18:11:00,93.28571428571429
2016-04-05 18:12:00,87.66666666666667
2016-04-05 18:13:00,85.24137931034483
2016-04-05 18:14:00,87.65217391304348
2016-04-05 18:15:00,84.03448275862068
2016-04-05 18:16:00,88.52173913043478
2016-04-05 18:17:00,89.33333333333333
2016-04-05 18:18:00,88.45454545454545
2016-04-05 18:19:00,89.6086956521739
2016-04-05 18:20:00,89.76666666666667
2016-04-05 18:21:00,91.03703703703704
2016-04-05 18:22:00,88.29166666666667
2016-04-05 18:23:00,86.07407407407408
2016-04-05 18:24:00,91.17391304347827
2016-04-05 18:25:00,91.0952380952381
2016-04-05 18:26:00,90.75
2016-04-05 18:27:00,91.2
2016-04-05 18:28:00,89.29166666666667
2016-04-05 18:29:00,88.46153846153847
2016-04-05 18:30:00,93.5625
2016-04-05 18:31:00,99.8
2016-04-05 18:32:00,107.41379310344827
2016-04-05 18:33:00,102.61538461538461
2016-04-05 18:34:00,92.63636363636364
2016-04-05 18:35:00,91.32142857142857
2016-04-05 18:36:00,86.2
2016-04-05 18:37:00,85.66666666666667
2016-04-05 18:38:00,90.34482758620689
2016-04-05 18:39:00,84.5
2016-04-05 18:40:00,86.93333333333334
2016-04-05 18:41:00,89.74074074074075
2016-04-05 18:42:00,98.07142857142857
2016-04-05 18:43:00,102.03571428571429
2016-04-05 18:44:00,101.36111111111111
2016-04-05 18:45:00,93.0
2016-04-05 18:46:00,96.3076923076923
2016-04-05 18:47:00,90.11111111111111
2016-04-05 18:48:00,85.84
2016-04-05 18:49:00,92.36363636363636
2016-04-05 18:50:00,83.61538461538461
2016-04-05 18:51:00,78.04
2016-04-05 18:52:00,84.36363636363636
2016-04-05 18:53:00,81.54054054054055
2016-04-05 18:54:00,84.88888888888889
2016-04-05 18:55:00,79.46666666666667
2016-04-05 18:56:00,74.64
2016-04-05 18:57:00,75.21739130434783
2016-04-05 18:58:00,75.92
2016-04-05 18:59:00,72.19047619047619
2016-04-05 19:00:00,68.34782608695652
2016-04-05 19:01:00,70.9047619047619
2016-04-05 19:02:00,77.14285714285714
2016-04-05 19:03:00,77.38461538461539
2016-04-05 19:04:00,74.82758620689656
2016-04-05 19:05:00,83.89285714285714
2016-04-05 19:06:00,85.48
2016-04-05 19:07:00,82.29032258064517
2016-04-05 19:08:00,82.56521739130434
2016-04-05 19:09:00,83.92857142857143
2016-04-05 19:10:00,88.56521739130434
2016-04-05 19:11:00,86.3103448275862
2016-04-05 19:12:00,81.32142857142857
2016-04-05 19:13:00,74.8
2016-04-05 19:14:00,78.52
2016-04-05 19:15:00,83.66666666666667
2016-04-05 19:16:00,80.38461538461539
2016-04-05 19:17:00,82.8
2016-04-05 19:18:00,74.13636363636364
2016-04-05 19:19:00,73.5
2016-04-05 19:20:00,72.78260869565217
2016-04-05 19:21:00,77.08
2016-04-05 19:22:00,75.0
2016-04-05 19:23:00,71.875
2016-04-05 19:24:00,78.17241379310344
2016-04-05 19:25:00,86.76470588235294
2016-04-05 19:26:00,86.04166666666667
2016-04-05 19:27:00,83.6086956521739
2016-04-05 19:28:00,78.8695652173913
2016-04-05 19:29:00,74.75
2016-04-05 19:30:00,74.83333333333333
2016-04-05 19:31:00,80.33333333333333
2016-04-05 19:32:00,82.0
2016-04-05 19:33:00,81.91304347826087
2016-04-05 19:34:00,77.28571428571429
2016-04-05 19:35:00,75.08695652173913
2016-04-05 19:36:00,73.82608695652173
2016-04-05 19:37:00,73.81818181818181
2016-04-05 19:38:00,72.61904761904762
2016-04-05 19:39:00,77.27272727272727
2016-04-05 19:40:00,88.375
2016-04-05 19:41:00,90.04761904761905
2016-04-05 19:42:00,89.28571428571429
2016-04-05 19:43:00,89.96428571428571
2016-04-05 19:44:00,91.58620689655173
2016-04-05 19:45:00,98.2258064516129
2016-04-05 19:46:00,84.17241379310344
2016-04-05 19:47:00,80.64
2016-04-05 19:48:00,78.0
2016-04-05 19:49:00,86.45833333333333
2016-04-05 19:50:00,85.88461538461539
2016-04-05 19:51:00,90.4054054054054
2016-04-05 19:52:00,103.21875
2016-04-05 19:53:00,98.26086956521739
2016-04-05 19:54:00,95.0
2016-04-05 19:55:00,97.35714285714286
2016-04-05 19:56:00,101.66666666666667
2016-04-05 19:57:00,102.33333333333333
2016-04-05 19:58:00,90.32
2016-04-05 19:59:00,86.41666666666667
2016-04-05 20:00:00,85.65217391304348
2016-04-05 20:01:00,83.18181818181819
2016-04-05 20:02:00,82.95454545454545
2016-04-05 20:03:00,79.83870967741936
2016-04-05 20:04:00,89.6
2016-04-05 20:05:00,90.52173913043478
2016-04-05 20:06:00,101.72413793103448
2016-04-05 20:07:00,104.85185185185185
2016-04-05 20:08:00,97.76923076923077
2016-04-05 20:09:00,84.82758620689656
2016-04-05 20:10:00,90.0
2016-04-05 20:11:00,85.81818181818181
2016-04-05 20:12:00,81.04166666666667
2016-04-05 20:13:00,78.04
2016-04-05 20:14:00,91.86666666666666
2016-04-05 20:15:00,99.61538461538461
2016-04-05 20:16:00,103.83333333333333
2016-04-05 20:17:00,95.11111111111111
2016-04-05 20:18:00,88.53846153846153
2016-04-05 20:19:00,90.21428571428571
2016-04-05 20:20:00,102.07142857142857
2016-04-05 20:21:00,102.0
2016-04-05 20:22:00,102.07142857142857
2016-04-05 20:23:00,94.36363636363636
2016-04-05 20:24:00,92.26923076923077
2016-04-05 20:25:00,94.04347826086956
2016-04-05 20:26:00,88.75
2016-04-05 20:27:00,79.70833333333333
2016-04-05 20:28:00,77.81481481481481
2016-04-05 20:29:00,78.4074074074074
2016-04-05 20:30:00,85.18518518518519
2016-04-05 20:31:00,97.3103448275862
2016-04-05 20:32:00,93.66666666666667
2016-04-05 20:33:00,85.85714285714286
2016-04-05 20:34:00,94.11538461538461
2016-04-05 20:35:00,92.3913043478261
2016-04-05 20:36:00,90.17391304347827
2016-04-05 20:37:00,90.33333333333333
2016-04-05 20:38:00,90.69565217391305
2016-04-05 20:39:00,82.07142857142857
2016-04-05 20:40:00,80.72727272727273
2016-04-05 20:41:00,83.91666666666667
2016-04-05 20:42:00,92.6
2016-04-05 20:43:00,91.8695652173913
2016-04-05 20:44:00,86.33333333333333
2016-04-05 20:45:00,82.76666666666667
2016-04-05 20:46:00,98.65789473684211
2016-04-05 20:47:00,97.05
2016-04-05 20:48:00,91.32432432432432
2016-04-05 20:49:00,89.19354838709677
2016-04-05 20:50:00,89.57692307692308
2016-04-05 20:51:00,93.60606060606061
2016-04-05 20:52:00,96.48484848484848
2016-04-05 20:53:00,103.26666666666667
2016-04-05 20:54:00,93.46875
2016-04-05 20:55:00,89.07692307692308
2016-04-05 20:56:00,91.0
2016-04-05 20:57:00,92.03703703703704
2016-04-05 20:58:00,94.8125
2016-04-05 20:59:00,88.96428571428571
2016-04-05 21:00:00,86.25
2016-04-05 21:01:00,85.3913043478261
2016-04-05 21:02:00,84.57142857142857
2016-04-05 21:03:00,85.0
2016-04-05 21:04:00,83.56521739130434
2016-04-05 21:05:00,83.18181818181819
2016-04-05 21:06:00,83.0
2016-04-05 21:07:00,83.9090909090909
2016-04-05 21:08:00,87.26086956521739
2016-04-05 21:09:00,88.25
2016-04-05 21:10:00,89.17391304347827
2016-04-05 21:11:00,88.73913043478261
2016-04-05 21:12:00,88.4
2016-04-05 21:13:00,91.56
2016-04-05 21:14:00,89.86363636363636
2016-04-05 21:15:00,89.43478260869566
2016-04-05 21:16:00,83.92592592592592
2016-04-05 21:17:00,87.5
2016-04-05 21:18:00,91.35
2016-04-05 21:19:00,88.88888888888889
2016-04-05 21:20:00,85.80952380952381
2016-04-05 21:21:00,89.5
2016-04-05 21:22:00,91.0
2016-04-05 21:23:00,90.78260869565217
2016-04-05 21:24:00,91.875
2016-04-05 21:25:00,91.04166666666667
2016-04-05 21:26:00,91.78260869565217
2016-04-05 21:27:00,94.4
2016-04-05 21:28:00,97.64516129032258
2016-04-05 21:29:00,88.60714285714286
2016-04-05 21:30:00,91.08
2016-04-05 21:31:00,90.96153846153847
2016-04-05 21:32:00,91.14814814814815
2016-04-05 21:33:00,88.26086956521739
2016-04-05 21:34:00,90.7
2016-04-05 21:35:00,88.16666666666667
2016-04-05 21:36:00,84.77272727272727
2016-04-05 21:37:00,82.44444444444444
2016-04-05 21:38:00,84.72727272727273
2016-04-05 21:39:00,82.08333333333333
2016-04-05 21:40:00,81.41666666666667
2016-04-05 21:41:00,87.16666666666667
2016-04-05 21:42:00,82.88888888888889
2016-04-05 21:43:00,84.15151515151516
2016-04-05 21:44:00,85.24242424242425
2016-04-05 21:45:00,87.0
2016-04-05 21:46:00,94.35483870967742
2016-04-05 21:47:00,91.92592592592592
2016-04-05 21:48:00,84.72
2016-04-05 21:49:00,94.03125
2016-04-05 21:50:00,109.0625
2016-04-05 21:51:00,113.88
2016-04-05 21:52:00,109.38461538461539
2016-04-05 21:53:00,93.3225806451613
2016-04-05 21:54:00,87.52173913043478
2016-04-05 21:55:00,85.28571428571429
2016-04-05 21:56:00,85.0
2016-04-05 21:57:00,85.9047619047619
2016-04-05 21:58:00,92.3030303030303
2016-04-05 21:59:00,90.08695652173913
2016-04-05 22:00:00,84.28
2016-04-05 22:01:00,87.93103448275862
2016-04-05 22:02:00,99.38709677419355
2016-04-05 22:03:00,102.51612903225806
2016-04-05 22:04:00,95.12
2016-04-05 22:05:00,97.76190476190476
2016-04-05 22:06:00,93.04347826086956
2016-04-05 22:07:00,90.88888888888889
2016-04-05 22:08:00,99.0
2016-04-05 22:09:00,100.63636363636364
2016-04-05 22:10:00,97.07407407407408
2016-04-05 22:11:00,98.46428571428571
2016-04-05 22:12:00,99.56666666666666
2016-04-05 22:13:00,95.51724137931035
2016-04-05 22:14:00,100.43478260869566
2016-04-05 22:15:00,102.84615384615384
2016-04-05 22:16:00,107.73333333333333
2016-04-05 22:17:00,107.54545454545455
2016-04-05 22:18:00,104.31818181818181
2016-04-05 22:19:00,102.22727272727273
2016-04-05 22:20:00,100.79166666666667
2016-04-05 22:21:00,104.14285714285714
2016-04-05 22:22:00,103.54545454545455
2016-04-05 22:23:00,94.61290322580645
2016-04-05 22:24:00,95.95454545454545
2016-04-05 22:25:00,97.34782608695652
2016-04-05 22:26:00,96.125
2016-04-05 22:27:00,101.25925925925925
2016-04-05 22:28:00,103.66666666666667
2016-04-05 22:29:00,89.73333333333333
2016-04-05 22:30:00,86.51724137931035
2016-04-05 22:31:00,95.3225806451613
2016-04-05 22:32:00,89.4
2016-04-05 22:33:00,100.83333333333333
2016-04-05 22:34:00,97.11111111111111
2016-04-05 22:35:00,89.26086956521739
2016-04-05 22:36:00,89.70833333333333
2016-04-05 22:37:00,92.91304347826087
2016-04-05 22:38:00,94.22222222222223
2016-04-05 22:39:00,92.21428571428571
2016-04-05 22:40:00,92.875
2016-04-05 22:41:00,95.13636363636364
2016-04-05 22:42:00,92.56
2016-04-05 22:43:00,92.72
2016-04-05 22:44:00,91.4
2016-04-05 22:45:00,91.52173913043478
2016-04-05 22:46:00,89.04347826086956
2016-04-05 22:47:00,91.54166666666667
2016-04-05 22:48:00,90.47826086956522
2016-04-05 22:49:00,93.27272727272727
2016-04-05 22:50:00,91.04347826086956
2016-04-05 22:51:00,88.81481481481481
2016-04-05 22:52:00,90.25
2016-04-05 22:53:00,89.07142857142857
2016-04-05 22:54:00,90.30434782608695
2016-04-05 22:55:00,89.45833333333333
2016-04-05 22:56:00,89.82608695652173
2016-04-05 22:57:00,87.75
2016-04-05 22:58:00,87.3076923076923
2016-04-05 22:59:00,88.6086956521739
2016-04-05 23:00:00,91.73913043478261
2016-04-05 23:01:00,91.625
2016-04-05 23:02:00,88.56
2016-04-05 23:03:00,82.8
2016-04-05 23:04:00,79.63636363636364
2016-04-05 23:05:00,86.48275862068965
2016-04-05 23:06:00,84.31818181818181
2016-04-05 23:07:00,83.0
2016-04-05 23:08:00,81.52173913043478
2016-04-05 23:09:00,82.08333333333333
2016-04-05 23:10:00,86.0
2016-04-05 23:11:00,84.64
2016-04-05 23:12:00,85.54545454545455
2016-04-05 23:13:00,84.8
2016-04-05 23:14:00,86.45833333333333
2016-04-05 23:15:00,85.52173913043478
2016-04-05 23:16:00,87.27272727272727
2016-04-05 23:17:00,87.45833333333333
2016-04-05 23:18:00,89.48
2016-04-05 23:19:00,88.04545454545455
2016-04-05 23:20:00,85.84
2016-04-05 23:21:00,85.63636363636364
2016-04-05 23:22:00,88.4090909090909
2016-04-05 23:23:00,82.52173913043478
2016-04-05 23:24:00,81.22727272727273
2016-04-05 23:25:00,82.0
2016-04-05 23:26:00,82.96
2016-04-05 23:27:00,88.22727272727273
2016-04-05 23:28:00,88.53846153846153
2016-04-05 23:29:00,81.5909090909091
2016-04-05 23:30:00,81.29166666666667
2016-04-05 23:31:00,84.53846153846153
2016-04-05 23:32:00,80.94444444444444
2016-04-05 23:33:00,80.16666666666667
2016-04-05 23:34:00,86.16666666666667
2016-04-05 23:35:00,87.8695652173913
2016-04-05 23:36:00,90.04545454545455
2016-04-05 23:37:00,91.64
2016-04-05 23:38:00,90.84
2016-04-05 23:39:00,92.75
2016-04-05 23:40:00,91.11111111111111
2016-04-05 23:41:00,85.25
2016-04-05 23:42:00,81.3103448275862
2016-04-05 23:43:00,83.0
2016-04-05 23:44:00,82.21739130434783
2016-04-05 23:45:00,82.70833333333333
2016-04-05 23:46:00,81.36
2016-04-05 23:47:00,80.6086956521739
2016-04-05 23:48:00,81.21739130434783
2016-04-05 23:49:00,81.1304347826087
2016-04-05 23:50:00,81.95238095238095
2016-04-05 23:51:00,81.45833333333333
2016-04-05 23:52:00,80.16666666666667
2016-04-05 23:53:00,91.5
2016-04-05 23:54:00,96.88
2016-04-05 23:55:00,91.32142857142857
2016-04-05 23:56:00,84.0952380952381
2016-04-05 23:57:00,83.29166666666667
2016-04-05 23:58:00,83.38095238095238
2016-04-05 23:59:00,85.76
2016-04-06 00:00:00,86.91304347826087
2016-04-06 00:01:00,85.20833333333333
2016-04-06 00:02:00,92.25806451612904
2016-04-06 00:03:00,94.26666666666667
2016-04-06 00:04:00,95.125
2016-04-06 00:05:00,88.6923076923077
2016-04-06 00:06:00,85.95652173913044
2016-04-06 00:07:00,84.4090909090909
2016-04-06 00:08:00,85.2
2016-04-06 00:09:00,87.20833333333333
2016-04-06 00:10:00,88.88888888888889
2016-04-06 00:11:00,89.17241379310344
2016-04-06 00:12:00,94.5
2016-04-06 00:13:00,91.21739130434783
2016-04-06 00:14:00,89.96666666666667
2016-04-06 00:15:00,94.3225806451613
2016-04-06 00:16:00,94.80645161290323
2016-04-06 00:17:00,98.68
2016-04-06 00:18:00,90.6
2016-04-06 00:19:00,87.96153846153847
2016-04-06 00:20:00,98.76315789473684
2016-04-06 00:21:00,94.53333333333333
2016-04-06 00:22:00,94.10714285714286
2016-04-06 00:23:00,84.48
2016-04-06 00:24:00,90.75757575757575
2016-04-06 00:25:00,89.33333333333333
2016-04-06 00:26:00,85.76
2016-04-06 00:27:00,88.17241379310344
2016-04-06 00:28:00,77.58816734989149
2016-04-06 00:29:00,77.31376811594203
2016-04-06 00:30:00,77.0928051948052
2016-04-06 00:31:00,89.5
2016-04-06 00:32:00,88.17857142857143
2016-04-06 00:33:00,83.54545454545455
2016-04-06 00:34:00,81.79166666666667
2016-04-06 00:35:00,80.73333333333333
2016-04-06 00:36:00,80.5
2016-04-06 00:37:00,82.08
2016-04-06 00:38:00,86.0
2016-04-06 00:39:00,84.16666666666667
2016-04-06 00:40:00,83.35714285714286
2016-04-06 00:41:00,77.03333333333333
2016-04-06 00:42:00,78.6470588235294
2016-04-06 00:43:00,72.17647058823529
2016-04-06 00:44:00,77.54054054054055
2016-04-06 00:45:00,79.61538461538461
2016-04-06 00:46:00,80.4
2016-04-06 00:47:00,81.86363636363636
2016-04-06 00:48:00,76.125
2016-04-06 00:49:00,79.66666666666667
2016-04-06 00:50:00,73.33333333333333
2016-04-06 00:51:00,69.6
2016-04-06 00:52:00,72.27586206896552
2016-04-06 00:53:00,70.32142857142857
2016-04-06 00:54:00,72.12903225806451
2016-04-06 00:55:00,68.96296296296296
2016-04-06 00:56:00,71.66666666666667
2016-04-06 00:57:00,74.33333333333333
2016-04-06 00:58:00,71.0909090909091
2016-04-06 00:59:00,71.6086956521739
2016-04-06 01:00:00,70.04347826086956
2016-04-06 01:01:00,69.25925925925925
2016-04-06 01:02:00,68.51851851851852
2016-04-06 01:03:00,74.96774193548387
2016-04-06 01:04:00,72.6
2016-04-06 01:05:00,70.16666666666667
2016-04-06 01:06:00,72.83333333333333
2016-04-06 01:07:00,74.11111111111111
2016-04-06 01:08:00,79.19354838709677
2016-04-06 01:09:00,76.84
2016-04-06 01:10:00,78.39285714285714
2016-04-06 01:11:00,82.0
2016-04-06 01:12:00,84.89655172413794
2016-04-06 01:13:00,79.75
2016-04-06 01:14:00,81.95833333333333
2016-04-06 01:15:00,85.12
2016-04-06 01:16:00,89.0
2016-04-06 01:17:00,85.3
2016-04-06 01:18:00,83.5
2016-04-06 01:19:00,82.78125
2016-04-06 01:20:00,84.32142857142857
2016-04-06 01:21:00,84.20588235294117
2016-04-06 01:22:00,83.44
2016-04-06 01:23:00,80.08
2016-04-06 01:24:00,80.65217391304348
2016-04-06 01:25:00,82.46153846153847
2016-04-06 01:26:00,83.4074074074074
2016-04-06 01:27:00,78.16666666666667
2016-04-06 01:28:00,76.6896551724138
2016-04-06 01:29:00,79.60606060606061
2016-04-06 01:30:00,82.22222222222223
2016-04-06 01:31:00,77.18518518518519
2016-04-06 01:32:00,76.14814814814815
2016-04-06 01:33:00,82.41666666666667
2016-04-06 01:34:00,88.73913043478261
2016-04-06 01:35:00,88.77272727272727
2016-04-06 01:36:00,88.04347826086956
2016-04-06 01:37:00,80.96666666666667
2016-04-06 01:38:00,72.07142857142857
2016-04-06 01:39:00,76.0
2016-04-06 01:40:00,77.42857142857143
2016-04-06 01:41:00,80.0
2016-04-06 01:42:00,81.0
2016-04-06 01:43:00,80.82608695652173
2016-04-06 01:44:00,77.75
2016-04-06 01:45:00,74.91304347826087
2016-04-06 01:46:00,70.03703703703704
2016-04-06 01:47:00,75.35714285714286
2016-04-06 01:48:00,75.63636363636364
2016-04-06 01:49:00,73.25
2016-04-06 01:50:00,71.95652173913044
2016-04-06 01:51:00,78.65517241379311
2016-04-06 01:52:00,80.53846153846153
2016-04-06 01:53:00,81.47826086956522
2016-04-06 01:54:00,74.93333333333334
2016-04-06 01:55:00,84.66666666666667
2016-04-06 01:56:00,77.28
2016-04-06 01:57:00,75.26666666666667
2016-04-06 01:58:00,78.8076923076923
2016-04-06 01:59:00,74.8076923076923
2016-04-06 02:00:00,83.18181818181819
2016-04-06 02:01:00,85.29629629629629
2016-04-06 02:02:00,79.68181818181819
2016-04-06 02:03:00,75.34782608695652
2016-04-06 02:04:00,76.62068965517241
2016-04-06 02:05:00,80.0
2016-04-06 02:06:00,72.17241379310344
2016-04-06 02:07:00,79.33333333333333
2016-04-06 02:08:00,79.52173913043478
2016-04-06 02:09:00,77.93103448275862
2016-04-06 02:10:00,74.0
2016-04-06 02:11:00,74.375
2016-04-06 02:12:00,75.06666666666666
2016-04-06 02:13:00,71.0
2016-04-06 02:14:00,72.19047619047619
2016-04-06 02:15:00,74.84
2016-04-06 02:16:00,72.42857142857143
2016-04-06 02:17:00,73.375
2016-04-06 02:18:00,77.12
2016-04-06 02:19:00,80.72
2016-04-06 02:20:00,83.95833333333333
2016-04-06 02:21:00,83.4
2016-04-06 02:22:00,80.10344827586206
2016-04-06 02:23:00,79.6
2016-04-06 02:24:00,79.2
2016-04-06 02:25:00,83.93333333333334
2016-04-06 02:26:00,87.4
2016-04-06 02:27:00,80.10714285714286
2016-04-06 02:28:00,85.96551724137932
2016-04-06 02:29:00,89.6
2016-04-06 02:30:00,93.95652173913044
2016-04-06 02:31:00,91.45833333333333
2016-04-06 02:32:00,88.53846153846153
2016-04-06 02:33:00,88.0
2016-04-06 02:34:00,89.625
2016-04-06 02:35:00,90.73076923076923
2016-04-06 02:36:00,84.51851851851852
2016-04-06 02:37:00,86.12
2016-04-06 02:38:00,86.91304347826087
2016-04-06 02:39:00,81.22222222222223
2016-04-06 02:40:00,87.92857142857143
2016-04-06 02:41:00,93.88
2016-04-06 02:42:00,90.16666666666667
2016-04-06 02:43:00,92.57142857142857
2016-04-06 02:44:00,90.4074074074074
2016-04-06 02:45:00,85.3076923076923
2016-04-06 02:46:00,84.11538461538461
2016-04-06 02:47:00,89.0
2016-04-06 02:48:00,82.04
2016-04-06 02:49:00,83.70833333333333
2016-04-06 02:50:00,88.58333333333333
2016-04-06 02:51:00,89.95833333333333
2016-04-06 02:52:00,86.28571428571429
2016-04-06 02:53:00,86.69565217391305
2016-04-06 02:54:00,83.33333333333333
2016-04-06 02:55:00,84.84615384615384
2016-04-06 02:56:00,87.18518518518519
2016-04-06 02:57:00,83.85714285714286
2016-04-06 02:58:00,72.76
2016-04-06 02:59:00,70.39393939393939
2016-04-06 03:00:00,70.42307692307692
2016-04-06 03:01:00,72.43333333333334
2016-04-06 03:02:00,70.15151515151516
2016-04-06 03:03:00,72.54166666666667
2016-04-06 03:04:00,76.17391304347827
2016-04-06 03:05:00,81.52
2016-04-06 03:06:00,73.4
2016-04-06 03:07:00,65.33333333333333
2016-04-06 03:08:00,65.41666666666667
2016-04-06 03:09:00,63.904761904761905
2016-04-06 03:10:00,62.90909090909091
2016-04-06 03:11:00,65.25
2016-04-06 03:12:00,61.708333333333336
2016-04-06 03:13:00,61.95454545454545
2016-04-06 03:14:00,62.77272727272727
2016-04-06 03:15:00,62.57142857142857
2016-04-06 03:16:00,63.17391304347826
2016-04-06 03:17:00,62.56521739130435
2016-04-06 03:18:00,62.68181818181818
2016-04-06 03:19:00,63.77272727272727
2016-04-06 03:20:00,64.28571428571429
2016-04-06 03:21:00,64.95238095238095
2016-04-06 03:22:00,63.43478260869565
2016-04-06 03:23:00,64.61904761904762
2016-04-06 03:24:00,64.0909090909091
2016-04-06 03:25:00,63.40909090909091
2016-04-06 03:26:00,63.72727272727273
2016-04-06 03:27:00,65.04545454545455
2016-04-06 03:28:00,64.56521739130434
2016-04-06 03:29:00,64.0
2016-04-06 03:30:00,64.38095238095238
2016-04-06 03:31:00,64.8
2016-04-06 03:32:00,64.68181818181819
2016-04-06 03:33:00,64.75
2016-04-06 03:34:00,65.10714285714286
2016-04-06 03:35:00,64.3076923076923
2016-04-06 03:36:00,62.958333333333336
2016-04-06 03:37:00,62.57142857142857
2016-04-06 03:38:00,63.714285714285715
2016-04-06 03:39:00,64.30434782608695
2016-04-06 03:40:00,63.09090909090909
2016-04-06 03:41:00,63.26086956521739
2016-04-06 03:42:00,64.04761904761905
2016-04-06 03:43:00,64.22727272727273
2016-04-06 03:44:00,63.81818181818182
2016-04-06 03:45:00,64.43478260869566
2016-04-06 03:46:00,64.72727272727273
2016-04-06 03:47:00,65.0
2016-04-06 03:48:00,64.9090909090909
2016-04-06 03:49:00,64.23809523809524
2016-04-06 03:50:00,63.73913043478261
2016-04-06 03:51:00,63.82608695652174
2016-04-06 03:52:00,64.04761904761905
2016-04-06 03:53:00,64.33333333333333
2016-04-06 03:54:00,65.81818181818181
2016-04-06 03:55:00,65.125
2016-04-06 03:56:00,63.458333333333336
2016-04-06 03:57:00,64.36363636363636
2016-04-06 03:58:00,63.63636363636363
2016-04-06 03:59:00,63.73913043478261
2016-04-06 04:00:00,64.1304347826087
2016-04-06 04:01:00,63.130434782608695
2016-04-06 04:02:00,64.65217391304348
2016-04-06 04:03:00,63.36
2016-04-06 04:04:00,65.58333333333333
2016-04-06 04:05:00,68.07142857142857
2016-04-06 04:06:00,71.6
2016-04-06 04:07:00,68.39393939393939
2016-04-06 04:08:00,75.2258064516129
2016-04-06 04:09:00,71.55882352941177
2016-04-06 04:10:00,70.97142857142858
2016-04-06 04:11:00,64.61111111111111
2016-04-06 04:12:00,69.3529411764706
2016-04-06 04:13:00,73.10344827586206
2016-04-06 04:14:00,63.44
2016-04-06 04:15:00,66.85714285714286
2016-04-06 04:16:00,67.24137931034483
2016-04-06 04:17:00,64.78260869565217
2016-04-06 04:18:00,64.66666666666667
2016-04-06 04:19:00,65.34782608695652
2016-04-06 04:20:00,63.708333333333336
2016-04-06 04:21:00,63.86363636363637
2016-04-06 04:22:00,66.1923076923077
2016-04-06 04:23:00,70.61538461538461
2016-04-06 04:24:00,66.08
2016-04-06 04:25:00,63.88461538461539
2016-04-06 04:26:00,59.125
2016-04-06 04:27:00,62.95652173913044
2016-04-06 04:28:00,64.08695652173913
2016-04-06 04:29:00,65.0909090909091
2016-04-06 04:30:00,66.95454545454545
2016-04-06 04:31:00,68.72
2016-04-06 04:32:00,70.91304347826087
2016-04-06 04:33:00,69.36
2016-04-06 04:34:00,67.0
2016-04-06 04:35:00,70.56
2016-04-06 04:36:00,73.625
2016-04-06 04:37:00,74.66666666666667
2016-04-06 04:38:00,74.77272727272727
2016-04-06 04:39:00,75.25
2016-04-06 04:40:00,75.16
2016-04-06 04:41:00,74.92
2016-04-06 04:42:00,75.24
2016-04-06 04:43:00,73.96
2016-04-06 04:44:00,75.25925925925925
2016-04-06 04:45:00,77.96296296296296
2016-04-06 04:46:00,77.04
2016-04-06 04:47:00,76.21739130434783
2016-04-06 04:48:00,75.77777777777777
2016-04-06 04:49:00,76.9090909090909
2016-04-06 04:50:00,81.1
2016-04-06 04:51:00,75.77142857142857
2016-04-06 04:52:00,74.81818181818181
2016-04-06 04:53:00,72.76315789473684
2016-04-06 04:54:00,71.45161290322581
2016-04-06 04:55:00,77.80555555555556
2016-04-06 04:56:00,67.06451612903226
2016-04-06 04:57:00,69.0
2016-04-06 04:58:00,71.51724137931035
2016-04-06 04:59:00,73.52
2016-04-06 05:00:00,72.78571428571429
2016-04-06 05:01:00,69.06451612903226
2016-04-06 05:02:00,72.51851851851852
2016-04-06 05:03:00,73.1923076923077
2016-04-06 05:04:00,73.23333333333333
2016-04-06 05:05:00,74.91304347826087
2016-04-06 05:06:00,75.29166666666667
2016-04-06 05:07:00,74.1304347826087
2016-04-06 05:08:00,74.84615384615384
2016-04-06 05:09:00,76.52
2016-04-06 05:10:00,76.03448275862068
2016-04-06 05:11:00,79.5
2016-04-06 05:12:00,63.25806451612903
2016-04-06 05:13:00,62.666666666666664
2016-04-06 05:14:00,63.82608695652174
2016-04-06 05:15:00,65.0
2016-04-06 05:16:00,66.07692307692308
2016-04-06 05:17:00,65.92
2016-04-06 05:18:00,65.70833333333333
2016-04-06 05:19:00,66.91304347826087
2016-04-06 05:20:00,65.44
2016-04-06 05:21:00,66.04166666666667
2016-04-06 05:22:00,66.0
2016-04-06 05:23:00,66.24
2016-04-06 05:24:00,68.4090909090909
2016-04-06 05:25:00,68.28
2016-04-06 05:26:00,70.07692307692308
2016-04-06 05:27:00,68.30434782608695
2016-04-06 05:28:00,67.36363636363636
2016-04-06 05:29:00,68.25
2016-04-06 05:30:00,68.1923076923077
2016-04-06 05:31:00,78.1470588235294
2016-04-06 05:32:00,66.28125
2016-04-06 05:33:00,65.41379310344827
2016-04-06 05:34:00,67.13333333333334
2016-04-06 05:35:00,69.26470588235294
2016-04-06 05:36:00,68.925
2016-04-06 05:37:00,70.96551724137932
2016-04-06 05:38:00,70.05405405405405
2016-04-06 05:39:00,68.25
2016-04-06 05:40:00,70.6774193548387
2016-04-06 05:41:00,67.75
2016-04-06 05:42:00,70.19148936170212
2016-04-06 05:43:00,72.0
2016-04-06 05:44:00,66.35897435897436
2016-04-06 05:45:00,66.71428571428571
2016-04-06 05:46:00,72.04878048780488
2016-04-06 05:47:00,69.66666666666667
2016-04-06 05:48:00,65.33333333333333
2016-04-06 05:49:00,72.29032258064517
2016-04-06 05:50:00,67.34782608695652
2016-04-06 05:51:00,65.45454545454545
2016-04-06 05:52:00,65.54166666666667
2016-04-06 05:53:00,64.76190476190476
2016-04-06 05:54:00,65.14285714285714
2016-04-06 05:55:00,64.6086956521739
2016-04-06 05:56:00,65.25
2016-04-06 05:57:00,65.70833333333333
2016-04-06 05:58:00,65.79166666666667
2016-04-06 05:59:00,66.44
2016-04-06 06:00:00,66.25
2016-04-06 06:01:00,65.68
2016-04-06 06:02:00,64.04166666666667
2016-04-06 06:03:00,67.83333333333333
2016-04-06 06:04:00,65.26086956521739
2016-04-06 06:05:00,65.72727272727273
2016-04-06 06:06:00,66.17391304347827
2016-04-06 06:07:00,66.83333333333333
2016-04-06 06:08:00,66.04347826086956
2016-04-06 06:09:00,66.0909090909091
2016-04-06 06:10:00,67.66666666666667
2016-04-06 06:11:00,68.04545454545455
2016-04-06 06:12:00,67.57142857142857
2016-04-06 06:13:00,67.69565217391305
2016-04-06 06:14:00,68.3913043478261
2016-04-06 06:15:00,68.19047619047619
2016-04-06 06:16:00,68.47826086956522
2016-04-06 06:17:00,68.91304347826087
2016-04-06 06:18:00,68.21739130434783
2016-04-06 06:19:00,68.0952380952381
2016-04-06 06:20:00,67.54545454545455
2016-04-06 06:21:00,68.72
2016-04-06 06:22:00,69.68181818181819
2016-04-06 06:23:00,70.33333333333333
2016-04-06 06:24:00,76.51515151515152
2016-04-06 06:25:00,74.87096774193549
2016-04-06 06:26:00,66.82608695652173
2016-04-06 06:27:00,65.65384615384616
2016-04-06 06:28:00,64.85185185185185
2016-04-06 06:29:00,65.54545454545455
2016-04-06 06:30:00,66.30434782608695
2016-04-06 06:31:00,66.30434782608695
2016-04-06 06:32:00,64.92857142857143
2016-04-06 06:33:00,65.61538461538461
2016-04-06 06:34:00,67.88
2016-04-06 06:35:00,68.34482758620689
2016-04-06 06:36:00,71.0625
2016-04-06 06:37:00,67.73333333333333
2016-04-06 06:38:00,69.06666666666666
2016-04-06 06:39:00,69.60606060606061
2016-04-06 06:40:00,67.44827586206897
2016-04-06 06:41:00,64.5
2016-04-06 06:42:00,66.78571428571429
2016-04-06 06:43:00,73.15625
2016-04-06 06:44:00,81.42857142857143
2016-04-06 06:45:00,61.26923076923077
2016-04-06 06:46:00,59.72727272727273
2016-04-06 06:47:00,60.78260869565217
2016-04-06 06:48:00,62.36363636363637
2016-04-06 06:49:00,61.95652173913044
2016-04-06 06:50:00,64.04
2016-04-06 06:51:00,64.69565217391305
2016-04-06 06:52:00,64.125
2016-04-06 06:53:00,65.6923076923077
2016-04-06 06:54:00,65.625
2016-04-06 06:55:00,67.20833333333333
2016-04-06 06:56:00,67.79166666666667
2016-04-06 06:57:00,67.20833333333333
2016-04-06 06:58:00,68.26086956521739
2016-04-06 06:59:00,69.65217391304348
2016-04-06 07:00:00,70.0952380952381
2016-04-06 07:01:00,69.26086956521739
2016-04-06 07:02:00,70.75
2016-04-06 07:03:00,70.9090909090909
2016-04-06 07:04:00,72.23809523809524
2016-04-06 07:05:00,71.5
2016-04-06 07:06:00,70.73913043478261
2016-04-06 07:07:00,72.14285714285714
2016-04-06 07:08:00,72.43478260869566
2016-04-06 07:09:00,76.17857142857143
2016-04-06 07:10:00,71.68
2016-04-06 07:11:00,71.33333333333333
2016-04-06 07:12:00,72.17391304347827
2016-04-06 07:13:00,73.6086956521739
2016-04-06 07:14:00,73.5
2016-04-06 07:15:00,87.82352941176471
2016-04-06 07:16:00,93.24
2016-04-06 07:17:00,82.2
2016-04-06 07:18:00,80.4090909090909
2016-04-06 07:19:00,86.36666666666666
2016-04-06 07:20:00,81.96
2016-04-06 07:21:00,75.625
2016-04-06 07:22:00,80.81481481481481
2016-04-06 07:23:00,83.30434782608695
2016-04-06 07:24:00,90.21428571428571
2016-04-06 07:25:00,89.09375
2016-04-06 07:26:00,83.44444444444444
2016-04-06 07:27:00,86.95652173913044
2016-04-06 07:28:00,86.90322580645162
2016-04-06 07:29:00,89.85714285714286
2016-04-06 07:30:00,80.70967741935483
2016-04-06 07:31:00,84.24137931034483
2016-04-06 07:32:00,83.61764705882354
2016-04-06 07:33:00,82.82142857142857
2016-04-06 07:34:00,82.6086956521739
2016-04-06 07:35:00,77.44
2016-04-06 07:36:00,78.16666666666667
2016-04-06 07:37:00,79.13636363636364
2016-04-06 07:38:00,75.90322580645162
2016-04-06 07:39:00,73.33333333333333
2016-04-06 07:40:00,78.7741935483871
2016-04-06 07:41:00,83.04
2016-04-06 07:42:00,84.80952380952381
2016-04-06 07:43:00,79.37037037037037
2016-04-06 07:44:00,84.5
2016-04-06 07:45:00,79.66666666666667
2016-04-06 07:46:00,72.03703703703704
2016-04-06 07:47:00,76.6923076923077
2016-04-06 07:48:00,75.4375
2016-04-06 07:49:00,77.8125
2016-04-06 07:50:00,75.23333333333333
2016-04-06 07:51:00,76.10714285714286
2016-04-06 07:52:00,73.15384615384616
2016-04-06 07:53:00,69.07407407407408
2016-04-06 07:54:00,77.26470588235294
2016-04-06 07:55:00,85.16
2016-04-06 07:56:00,80.20689655172414
2016-04-06 07:57:00,75.64285714285714
2016-04-06 07:58:00,75.33333333333333
2016-04-06 07:59:00,78.875
2016-04-06 08:00:00,74.38888888888889
2016-04-06 08:01:00,72.89655172413794
2016-04-06 08:02:00,74.0
2016-04-06 08:03:00,76.18518518518519
2016-04-06 08:04:00,74.69565217391305
2016-04-06 08:05:00,72.74074074074075
2016-04-06 08:06:00,74.84375
2016-04-06 08:07:00,70.76666666666667
2016-04-06 08:08:00,73.08333333333333
2016-04-06 08:09:00,72.74074074074075
2016-04-06 08:10:00,76.14814814814815
2016-04-06 08:11:00,77.47826086956522
2016-04-06 08:12:00,79.70967741935483
2016-04-06 08:13:00,73.72413793103448
2016-04-06 08:14:00,75.05882352941177
2016-04-06 08:15:00,77.56521739130434
2016-04-06 08:16:00,76.5909090909091
2016-04-06 08:17:00,74.6896551724138
2016-04-06 08:18:00,75.64
2016-04-06 08:19:00,73.53125
2016-04-06 08:20:00,73.67857142857143
2016-04-06 08:21:00,74.33333333333333
2016-04-06 08:22:00,73.56
2016-04-06 08:23:00,72.91428571428571
2016-04-06 08:24:00,70.08
2016-04-06 08:25:00,69.28571428571429
2016-04-06 08:26:00,74.14814814814815
2016-04-06 08:27:00,76.52
2016-04-06 08:28:00,75.26923076923077
2016-04-06 08:29:00,74.51851851851852
2016-04-06 08:30:00,75.93333333333334
2016-04-06 08:31:00,72.53846153846153
2016-04-06 08:32:00,75.92307692307692
2016-04-06 08:33:00,73.58333333333333
2016-04-06 08:34:00,76.60714285714286
2016-04-06 08:35:00,73.89655172413794
2016-04-06 08:36:00,73.03703703703704
2016-04-06 08:37:00,73.92592592592592
2016-04-06 08:38:00,78.2
2016-04-06 08:39:00,73.25714285714285
2016-04-06 08:40:00,79.88888888888889
2016-04-06 08:41:00,69.92
2016-04-06 08:42:00,67.37037037037037
2016-04-06 08:43:00,72.54166666666667
2016-04-06 08:44:00,72.66666666666667
2016-04-06 08:45:00,72.44444444444444
2016-04-06 08:46:00,71.55555555555556
2016-04-06 08:47:00,72.82758620689656
2016-04-06 08:48:00,76.36
2016-04-06 08:49:00,79.64285714285714
2016-04-06 08:50:00,80.81481481481481
2016-04-06 08:51:00,76.3103448275862
2016-04-06 08:52:00,74.0
2016-04-06 08:53:00,72.48
2016-04-06 08:54:00,74.34615384615384
2016-04-06 08:55:00,78.04347826086956
2016-04-06 08:56:00,71.20588235294117
2016-04-06 08:57:00,71.6
2016-04-06 08:58:00,77.03846153846153
2016-04-06 08:59:00,70.64285714285714
2016-04-06 09:00:00,73.0
2016-04-06 09:01:00,70.62068965517241
2016-04-06 09:02:00,76.35714285714286
2016-04-06 09:03:00,73.84615384615384
2016-04-06 09:04:00,70.07142857142857
2016-04-06 09:05:00,71.09677419354838
2016-04-06 09:06:00,67.92307692307692
2016-04-06 09:07:00,69.13333333333334
2016-04-06 09:08:00,69.03703703703704
2016-04-06 09:09:00,69.11538461538461
2016-04-06 09:10:00,69.82608695652173
2016-04-06 09:11:00,73.17857142857143
2016-04-06 09:12:00,75.03846153846153
2016-04-06 09:13:00,72.24137931034483
2016-04-06 09:14:00,74.41666666666667
2016-04-06 09:15:00,79.44
2016-04-06 09:16:00,74.76
2016-04-06 09:17:00,68.28571428571429
2016-04-06 09:18:00,70.62962962962963
2016-04-06 09:19:00,71.48148148148148
2016-04-06 09:20:00,69.6086956521739
2016-04-06 09:21:00,72.96551724137932
2016-04-06 09:22:00,72.34615384615384
2016-04-06 09:23:00,73.20833333333333
2016-04-06 09:24:00,74.39393939393939
2016-04-06 09:25:00,75.27586206896552
2016-04-06 09:26:00,73.96296296296296
2016-04-06 09:27:00,71.25
2016-04-06 09:28:00,67.14285714285714
2016-04-06 09:29:00,70.11538461538461
2016-04-06 09:30:00,78.73076923076923
2016-04-06 09:31:00,74.54166666666667
2016-04-06 09:32:00,74.78260869565217
2016-04-06 09:33:00,81.04
2016-04-06 09:34:00,74.75862068965517
2016-04-06 09:35:00,71.78571428571429
2016-04-06 09:36:00,71.16
2016-04-06 09:37:00,73.04347826086956
2016-04-06 09:38:00,69.79166666666667
2016-04-06 09:39:00,66.0952380952381
2016-04-06 09:40:00,71.3103448275862
2016-04-06 09:41:00,77.0
2016-04-06 09:42:00,74.4074074074074
2016-04-06 09:43:00,73.07142857142857
2016-04-06 09:44:00,71.33333333333333
2016-04-06 09:45:00,75.66666666666667
2016-04-06 09:46:00,75.67857142857143
2016-04-06 09:47:00,74.6969696969697
2016-04-06 09:48:00,79.83333333333333
2016-04-06 09:49:00,79.76
2016-04-06 09:50:00,79.6923076923077
2016-04-06 09:51:00,78.36
2016-04-06 09:52:00,80.46666666666667
2016-04-06 09:53:00,80.57575757575758
2016-04-06 09:54:00,80.26666666666667
2016-04-06 09:55:00,78.7741935483871
2016-04-06 09:56:00,80.10344827586206
2016-04-06 09:57:00,77.38461538461539
2016-04-06 09:58:00,77.35714285714286
2016-04-06 09:59:00,82.17241379310344
2016-04-06 10:00:00,79.33333333333333
2016-04-06 10:01:00,74.5
2016-04-06 10:02:00,79.125
2016-04-06 10:03:00,81.90625
2016-04-06 10:04:00,78.03703703703704
2016-04-06 10:05:00,78.625
2016-04-06 10:06:00,73.21428571428571
2016-04-06 10:07:00,75.44
2016-04-06 10:08:00,70.6086956521739
2016-04-06 10:09:00,79.88461538461539
2016-04-06 10:10:00,81.11538461538461
2016-04-06 10:11:00,74.21428571428571
2016-04-06 10:12:00,68.92857142857143
2016-04-06 10:13:00,66.92592592592592
2016-04-06 10:14:00,71.1
2016-04-06 10:15:00,68.56521739130434
2016-04-06 10:16:00,72.75
2016-04-06 10:17:00,71.46666666666667
2016-04-06 10:18:00,69.17241379310344
2016-04-06 10:19:00,69.73333333333333
2016-04-06 10:20:00,77.58620689655173
2016-04-06 10:21:00,73.70370370370371
2016-04-06 10:22:00,78.17241379310344
2016-04-06 10:23:00,75.91666666666667
2016-04-06 10:24:00,80.65714285714286
2016-04-06 10:25:00,77.44444444444444
2016-04-06 10:26:00,74.41666666666667
2016-04-06 10:27:00,77.32
2016-04-06 10:28:00,78.82142857142857
2016-04-06 10:29:00,82.82608695652173
2016-04-06 10:30:00,69.5
2016-04-06 10:31:00,74.73333333333333
2016-04-06 10:32:00,74.03846153846153
2016-04-06 10:33:00,69.0
2016-04-06 10:34:00,69.45833333333333
2016-04-06 10:35:00,71.07407407407408
2016-04-06 10:36:00,75.20833333333333
2016-04-06 10:37:00,78.22727272727273
2016-04-06 10:38:00,78.21739130434783
2016-04-06 10:39:00,83.65517241379311
2016-04-06 10:40:00,84.81818181818181
2016-04-06 10:41:00,87.37037037037037
2016-04-06 10:42:00,85.88461538461539
2016-04-06 10:43:00,91.6470588235294
2016-04-06 10:44:00,90.83870967741936
2016-04-06 10:45:00,78.3103448275862
2016-04-06 10:46:00,75.62962962962963
2016-04-06 10:47:00,80.68
2016-04-06 10:48:00,79.35714285714286
2016-04-06 10:49:00,80.21875
2016-04-06 10:50:00,71.36666666666666
2016-04-06 10:51:00,70.16666666666667
2016-04-06 10:52:00,70.42307692307692
2016-04-06 10:53:00,79.68
2016-04-06 10:54:00,80.33333333333333
2016-04-06 10:55:00,79.76666666666667
2016-04-06 10:56:00,75.3103448275862
2016-04-06 10:57:00,79.44
2016-04-06 10:58:00,78.8695652173913
2016-04-06 10:59:00,81.53571428571429
2016-04-06 11:00:00,79.16
2016-04-06 11:01:00,81.81818181818181
2016-04-06 11:02:00,83.82608695652173
2016-04-06 11:03:00,82.65517241379311
2016-04-06 11:04:00,78.96428571428571
2016-04-06 11:05:00,73.56666666666666
2016-04-06 11:06:00,73.39285714285714
2016-04-06 11:07:00,76.4074074074074
2016-04-06 11:08:00,78.34615384615384
2016-04-06 11:09:00,79.0
2016-04-06 11:10:00,75.16
2016-04-06 11:11:00,78.0
2016-04-06 11:12:00,84.25806451612904
2016-04-06 11:13:00,76.56
2016-04-06 11:14:00,72.24
2016-04-06 11:15:00,76.64285714285714
2016-04-06 11:16:00,78.5
2016-04-06 11:17:00,81.37037037037037
2016-04-06 11:18:00,78.04166666666667
2016-04-06 11:19:00,73.52
2016-04-06 11:20:00,78.88
2016-04-06 11:21:00,78.18518518518519
2016-04-06 11:22:00,81.0
2016-04-06 11:23:00,74.59375
2016-04-06 11:24:00,71.87878787878788
2016-04-06 11:25:00,70.95833333333333
2016-04-06 11:26:00,77.48
2016-04-06 11:27:00,76.62962962962963
2016-04-06 11:28:00,74.9047619047619
2016-04-06 11:29:00,77.92307692307692
2016-04-06 11:30:00,74.04347826086956
2016-04-06 11:31:00,75.26086956521739
2016-04-06 11:32:00,74.73333333333333
2016-04-06 11:33:00,79.06896551724138
2016-04-06 11:34:00,80.03225806451613
2016-04-06 11:35:00,75.03571428571429
2016-04-06 11:36:00,78.1923076923077
2016-04-06 11:37:00,79.80645161290323
2016-04-06 11:38:00,75.03448275862068
2016-04-06 11:39:00,77.93333333333334
2016-04-06 11:40:00,81.25
2016-04-06 11:41:00,81.73913043478261
2016-04-06 11:42:00,81.66666666666667
2016-04-06 11:43:00,80.14814814814815
2016-04-06 11:44:00,80.17241379310344
2016-04-06 11:45:00,83.34375
2016-04-06 11:46:00,80.5
2016-04-06 11:47:00,80.37037037037037
2016-04-06 11:48:00,78.91304347826087
2016-04-06 11:49:00,83.04166666666667
2016-04-06 11:50:00,78.09677419354838
2016-04-06 11:51:00,74.75
2016-04-06 11:52:00,74.73333333333333
2016-04-06 11:53:00,77.48387096774194
2016-04-06 11:54:00,80.15625
2016-04-06 11:55:00,79.1923076923077
2016-04-06 11:56:00,82.62962962962963
2016-04-06 11:57:00,81.14285714285714
2016-04-06 11:58:00,77.95833333333333
2016-04-06 11:59:00,77.26086956521739
2016-04-06 12:00:00,80.0
2016-04-06 12:01:00,84.61904761904762
2016-04-06 12:02:00,89.86666666666666
2016-04-06 12:03:00,77.74285714285715
2016-04-06 12:04:00,68.32142857142857
2016-04-06 12:05:00,71.44444444444444
2016-04-06 12:06:00,75.92857142857143
2016-04-06 12:07:00,78.96774193548387
2016-04-06 12:08:00,76.4
2016-04-06 12:09:00,74.5625
2016-04-06 12:10:00,80.08333333333333
2016-04-06 12:11:00,76.18518518518519
2016-04-06 12:12:00,84.20689655172414
2016-04-06 12:13:00,79.93103448275862
2016-04-06 12:14:00,75.92307692307692
2016-04-06 12:15:00,81.11538461538461
2016-04-06 12:16:00,80.72
2016-04-06 12:17:00,78.34615384615384
2016-04-06 12:18:00,80.91666666666667
2016-04-06 12:19:00,79.60606060606061
2016-04-06 12:20:00,80.63636363636364
2016-04-06 12:21:00,79.79310344827586
2016-04-06 12:22:00,77.25
2016-04-06 12:23:00,75.0
2016-04-06 12:24:00,86.33333333333333
2016-04-06 12:25:00,84.58333333333333
2016-04-06 12:26:00,90.36666666666666
2016-04-06 12:27:00,77.74074074074075
2016-04-06 12:28:00,70.25
2016-04-06 12:29:00,73.2258064516129
2016-04-06 12:30:00,75.26666666666667
2016-04-06 12:31:00,71.85714285714286
2016-04-06 12:32:00,75.64
2016-04-06 12:33:00,78.08333333333333
2016-04-06 12:34:00,78.60714285714286
2016-04-06 12:35:00,74.93103448275862
2016-04-06 12:36:00,75.21428571428571
2016-04-06 12:37:00,72.29629629629629
2016-04-06 12:38:00,76.66666666666667
2016-04-06 12:39:00,77.1
2016-04-06 12:40:00,79.24137931034483
2016-04-06 12:41:00,78.52941176470588
2016-04-06 12:42:00,79.7741935483871
2016-04-06 12:43:00,77.37037037037037
2016-04-06 12:44:00,75.375
2016-04-06 12:45:00,73.92307692307692
2016-04-06 12:46:00,80.25
2016-04-06 12:47:00,83.9090909090909
2016-04-06 12:48:00,79.6086956521739
2016-04-06 12:49:00,82.76
2016-04-06 12:50:00,90.375
2016-04-06 12:51:00,96.91428571428571
2016-04-06 12:52:00,79.0
2016-04-06 12:53:00,78.5
2016-04-06 12:54:00,80.88888888888889
2016-04-06 12:55:00,85.73076923076923
2016-04-06 12:56:00,90.16666666666667
2016-04-06 12:57:00,89.63636363636364
2016-04-06 12:58:00,92.70588235294117
2016-04-06 12:59:00,93.32
2016-04-06 13:00:00,90.23809523809524
2016-04-06 13:01:00,90.0
2016-04-06 13:02:00,91.72413793103448
2016-04-06 13:03:00,93.76666666666667
2016-04-06 13:04:00,92.14814814814815
2016-04-06 13:05:00,94.3030303030303
2016-04-06 13:06:00,96.4074074074074
2016-04-06 13:07:00,95.89655172413794
2016-04-06 13:08:00,96.6086956521739
2016-04-06 13:09:00,86.03448275862068
2016-04-06 13:10:00,85.0
2016-04-06 13:11:00,88.34782608695652
2016-04-06 13:12:00,87.57142857142857
2016-04-06 13:13:00,84.9090909090909
2016-04-06 13:14:00,83.0
2016-04-06 13:15:00,81.8695652173913
2016-04-06 13:16:00,80.57142857142857
2016-04-06 13:17:00,82.25
2016-04-06 13:18:00,89.77272727272727
2016-04-06 13:19:00,91.23809523809524
2016-04-06 13:20:00,88.57692307692308
2016-04-06 13:21:00,85.66666666666667
2016-04-06 13:22:00,84.1923076923077
2016-04-06 13:23:00,82.64
2016-04-06 13:24:00,85.28
2016-04-06 13:25:00,82.5
2016-04-06 13:26:00,84.0
2016-04-06 13:27:00,86.5
2016-04-06 13:28:00,86.3913043478261
2016-04-06 13:29:00,85.0
2016-04-06 13:30:00,85.0
2016-04-06 13:31:00,84.41666666666667
2016-04-06 13:32:00,84.38461538461539
2016-04-06 13:33:00,81.29166666666667
2016-04-06 13:34:00,78.0
2016-04-06 13:35:00,82.39285714285714
2016-04-06 13:36:00,84.1304347826087
2016-04-06 13:37:00,84.36
2016-04-06 13:38:00,82.77272727272727
2016-04-06 13:39:00,83.75
2016-04-06 13:40:00,84.03846153846153
2016-04-06 13:41:00,84.79166666666667
2016-04-06 13:42:00,84.03030303030303
2016-04-06 13:43:00,81.0
2016-04-06 13:44:00,85.4
2016-04-06 13:45:00,84.04347826086956
2016-04-06 13:46:00,83.8695652173913
2016-04-06 13:47:00,83.16
2016-04-06 13:48:00,87.10714285714286
2016-04-06 13:49:00,88.41666666666667
2016-04-06 13:50:00,83.375
2016-04-06 13:51:00,82.81818181818181
2016-04-06 13:52:00,82.26086956521739
2016-04-06 13:53:00,84.18518518518519
2016-04-06 13:54:00,93.03571428571429
2016-04-06 13:55:00,100.6
2016-04-06 13:56:00,94.17391304347827
2016-04-06 13:57:00,91.69565217391305
2016-04-06 13:58:00,89.44
2016-04-06 13:59:00,88.54545454545455
2016-04-06 14:00:00,86.79166666666667
2016-04-06 14:01:00,84.5
2016-04-06 14:02:00,83.58333333333333
2016-04-06 14:03:00,84.75862068965517
2016-04-06 14:04:00,81.0
2016-04-06 14:05:00,91.61764705882354
2016-04-06 14:06:00,92.85714285714286
2016-04-06 14:07:00,91.30434782608695
2016-04-06 14:08:00,91.48
2016-04-06 14:09:00,88.1304347826087
2016-04-06 14:10:00,93.77777777777777
2016-04-06 14:11:00,91.3913043478261
2016-04-06 14:12:00,87.73913043478261
2016-04-06 14:13:00,90.5
2016-04-06 14:14:00,91.3913043478261
2016-04-06 14:15:00,93.29166666666667
2016-04-06 14:16:00,90.69565217391305
2016-04-06 14:17:00,90.08695652173913
2016-04-06 14:18:00,89.8695652173913
2016-04-06 14:19:00,91.6
2016-04-06 14:20:00,90.10526315789474
2016-04-06 14:21:00,91.33333333333333
2016-04-06 14:22:00,89.4
2016-04-06 14:23:00,84.08695652173913
2016-04-06 14:24:00,83.34782608695652
2016-04-06 14:25:00,91.24
2016-04-06 14:26:00,91.34782608695652
2016-04-06 14:27:00,94.25
2016-04-06 14:28:00,92.84
2016-04-06 14:29:00,95.1304347826087
2016-04-06 14:30:00,89.56666666666666
2016-04-06 14:31:00,89.65217391304348
2016-04-06 14:32:00,89.27272727272727
2016-04-06 14:33:00,87.52380952380952
2016-04-06 14:34:00,85.76923076923077
2016-04-06 14:35:00,87.42307692307692
2016-04-06 14:36:00,86.16
2016-04-06 14:37:00,87.65217391304348
2016-04-06 14:38:00,86.54545454545455
2016-04-06 14:39:00,86.87096774193549
2016-04-06 14:40:00,84.0
2016-04-06 14:41:00,87.45161290322581
2016-04-06 14:42:00,89.17391304347827
2016-04-06 14:43:00,91.10714285714286
2016-04-06 14:44:00,89.91304347826087
2016-04-06 14:45:00,87.28
2016-04-06 14:46:00,87.17391304347827
2016-04-06 14:47:00,91.6923076923077
2016-04-06 14:48:00,92.0
2016-04-06 14:49:00,90.14285714285714
2016-04-06 14:50:00,90.18181818181819
2016-04-06 14:51:00,88.65217391304348
2016-04-06 14:52:00,87.375
2016-04-06 14:53:00,89.20833333333333
2016-04-06 14:54:00,93.19047619047619
2016-04-06 14:55:00,98.74074074074075
2016-04-06 14:56:00,91.95638238573021
2016-04-06 14:57:00,90.98628146143233
2016-04-06 14:58:00,90.975085372457
2016-04-06 14:59:00,88.95735594166301
2016-04-06 15:00:00,88.06324814476989
2016-04-06 15:01:00,87.71200030567843
2016-04-06 15:02:00,91.69662000263223
2016-04-06 15:03:00,90.7135960275842
2016-04-06 15:04:00,91.38532738095239
2016-04-06 15:05:00,91.9042828739699
2016-04-06 15:06:00,88.0731580593968
2016-04-06 15:07:00,90.24506910159084
2016-04-06 15:08:00,90.96112188868662
2016-04-06 15:09:00,91.85073753192391
2016-04-06 15:10:00,92.72698974260184
2016-04-06 15:11:00,91.84003741839273
2016-04-06 15:12:00,91.94529814148171
2016-04-06 15:13:00,95.77793309438471
2016-04-06 15:14:00,95.73106293237305
2016-04-06 15:15:00,93.2089586515432
2016-04-06 15:16:00,90.00236403692925
2016-04-06 15:17:00,87.52
2016-04-06 15:18:00,99.10344827586206
2016-04-06 15:19:00,94.3225806451613
2016-04-06 15:20:00,94.0
2016-04-06 15:21:00,99.05555555555556
2016-04-06 15:22:00,95.73684210526316
2016-04-06 15:23:00,100.47368421052632
2016-04-06 15:24:00,103.40625
2016-04-06 15:25:00,99.0
2016-04-06 15:26:00,96.73076923076923
2016-04-06 15:27:00,95.24
2016-04-06 15:28:00,88.32142857142857
2016-04-06 15:29:00,93.16666666666667
2016-04-06 15:30:00,95.1304347826087
2016-04-06 15:31:00,94.29166666666667
2016-04-06 15:32:00,92.92
2016-04-06 15:33:00,97.37931034482759
2016-04-06 15:34:00,117.15384615384616
2016-04-06 15:35:00,107.15625
2016-04-06 15:36:00,97.8076923076923
2016-04-06 15:37:00,97.70833333333333
2016-04-06 15:38:00,99.48275862068965
2016-04-06 15:39:00,93.84
2016-04-06 15:40:00,94.20833333333333
2016-04-06 15:41:00,94.72
2016-04-06 15:42:00,94.48648648648648
2016-04-06 15:43:00,96.27586206896552
2016-04-06 15:44:00,97.04761904761905
2016-04-06 15:45:00,93.46153846153847
2016-04-06 15:46:00,96.73913043478261
2016-04-06 15:47:00,96.25
2016-04-06 15:48:00,104.0909090909091
2016-04-06 15:49:00,112.27027027027027
2016-04-06 15:50:00,109.32352941176471
2016-04-06 15:51:00,109.11538461538461
2016-04-06 15:52:00,108.07692307692308
2016-04-06 15:53:00,112.27272727272727
2016-04-06 15:54:00,123.26086956521739
2016-04-06 15:55:00,116.3
2016-04-06 15:56:00,107.55555555555556
2016-04-06 15:57:00,101.09677419354838
2016-04-06 15:58:00,98.25
2016-04-06 15:59:00,89.66666666666667
2016-04-06 16:00:00,74.375
2016-04-06 16:01:00,75.19354838709677
2016-04-06 16:02:00,88.37931034482759
2016-04-06 16:03:00,97.54545454545455
2016-04-06 16:04:00,97.42857142857143
2016-04-06 16:05:00,95.73913043478261
2016-04-06 16:06:00,95.0
2016-04-06 16:07:00,95.0
2016-04-06 16:08:00,95.0
2016-04-06 16:09:00,95.0
2016-04-06 16:10:00,95.0
2016-04-06 16:11:00,94.0
2016-04-06 16:12:00,94.0
2016-04-06 16:13:00,94.80952380952381
2016-04-06 16:14:00,95.0
2016-04-06 16:15:00,95.0
2016-04-06 16:16:00,93.22727272727273
2016-04-06 16:17:00,93.0
2016-04-06 16:18:00,92.18181818181819
2016-04-06 16:19:00,92.0
2016-04-06 16:20:00,92.0
2016-04-06 16:21:00,91.4090909090909
2016-04-06 16:22:00,91.0
2016-04-06 16:23:00,90.68181818181819
2016-04-06 16:24:00,90.0
2016-04-06 16:25:00,89.77272727272727
2016-04-06 16:26:00,86.21739130434783
2016-04-06 16:27:00,84.33333333333333
2016-04-06 16:28:00,86.0
2016-04-06 16:29:00,85.08695652173913
2016-04-06 16:30:00,83.0
2016-04-06 16:31:00,83.0
2016-04-06 16:32:00,83.0
2016-04-06 16:33:00,83.04545454545455
2016-04-06 16:34:00,83.85714285714286
2016-04-06 16:35:00,84.0
2016-04-06 16:36:00,84.28571428571429
2016-04-06 16:37:00,83.77272727272727
2016-04-06 16:38:00,82.0
2016-04-06 16:39:00,81.76190476190476
2016-04-06 16:40:00,81.0
2016-04-06 16:41:00,81.0
2016-04-06 16:42:00,79.63636363636364
2016-04-06 16:43:00,79.22727272727273
2016-04-06 16:44:00,82.56521739130434
2016-04-06 16:45:00,83.63636363636364
2016-04-06 16:46:00,84.0
2016-04-06 16:47:00,84.0
2016-04-06 16:48:00,83.13636363636364
2016-04-06 16:49:00,83.52380952380952
2016-04-06 16:50:00,90.65625
2016-04-06 16:51:00,93.33333333333333
2016-04-06 16:52:00,89.91304347826087
2016-04-06 16:53:00,86.18181818181819
2016-04-06 16:54:00,83.95454545454545
2016-04-06 16:55:00,85.79166666666667
2016-04-06 16:56:00,85.77272727272727
2016-04-06 16:57:00,79.73333333333333
2016-04-06 16:58:00,91.05263157894737
2016-04-06 16:59:00,109.15625
2016-04-06 17:00:00,99.3030303030303
2016-04-06 17:01:00,95.34375
2016-04-06 17:02:00,93.92857142857143
2016-04-06 17:03:00,83.96666666666667
2016-04-06 17:04:00,90.5
2016-04-06 17:05:00,92.96969696969697
2016-04-06 17:06:00,84.44827586206897
2016-04-06 17:07:00,92.03703703703704
2016-04-06 17:08:00,95.6
2016-04-06 17:09:00,100.63636363636364
2016-04-06 17:10:00,95.69565217391305
2016-04-06 17:11:00,93.30434782608695
2016-04-06 17:12:00,92.69565217391305
2016-04-06 17:13:00,94.56521739130434
2016-04-06 17:14:00,90.13636363636364
2016-04-06 17:15:00,88.25925925925925
2016-04-06 17:16:00,98.57142857142857
2016-04-06 17:17:00,95.2258064516129
2016-04-06 17:18:00,92.58333333333333
2016-04-06 17:19:00,92.9047619047619
2016-04-06 17:20:00,91.3125
2016-04-06 17:21:00,90.6923076923077
2016-04-06 17:22:00,87.08695652173913
2016-04-06 17:23:00,93.92857142857143
2016-04-06 17:24:00,95.26923076923077
2016-04-06 17:25:00,93.56521739130434
2016-04-06 17:26:00,94.16666666666667
2016-04-06 17:27:00,98.2
2016-04-06 17:28:00,100.17241379310344
2016-04-06 17:29:00,95.6896551724138
2016-04-06 17:30:00,91.63636363636364
2016-04-06 17:31:00,91.44827586206897
2016-04-06 17:32:00,96.43478260869566
2016-04-06 17:33:00,92.33333333333333
2016-04-06 17:34:00,88.28571428571429
2016-04-06 17:35:00,88.36842105263158
2016-04-06 17:36:00,87.0
2016-04-06 17:37:00,85.52173913043478
2016-04-06 17:38:00,89.20833333333333
2016-04-06 17:39:00,95.53846153846153
2016-04-06 17:40:00,97.5909090909091
2016-04-06 17:41:00,96.12
2016-04-06 17:42:00,95.57692307692308
2016-04-06 17:43:00,97.04
2016-04-06 17:44:00,91.3076923076923
2016-04-06 17:45:00,97.29032258064517
2016-04-06 17:46:00,98.6774193548387
2016-04-06 17:47:00,90.70967741935483
2016-04-06 17:48:00,100.87878787878788
2016-04-06 17:49:00,93.74285714285715
2016-04-06 17:50:00,81.0
2016-04-06 17:51:00,92.66666666666667
2016-04-06 17:52:00,98.91666666666667
2016-04-06 17:53:00,95.77777777777777
2016-04-06 17:54:00,96.08333333333333
2016-04-06 17:55:00,97.88461538461539
2016-04-06 17:56:00,93.22857142857143
2016-04-06 17:57:00,105.42307692307692
2016-04-06 17:58:00,100.11764705882354
2016-04-06 17:59:00,93.18518518518519
2016-04-06 18:00:00,93.04761904761905
2016-04-06 18:01:00,93.95454545454545
2016-04-06 18:02:00,103.62068965517241
2016-04-06 18:03:00,109.38461538461539
2016-04-06 18:04:00,110.15625
2016-04-06 18:05:00,108.52173913043478
2016-04-06 18:06:00,95.82758620689656
2016-04-06 18:07:00,90.45454545454545
2016-04-06 18:08:00,89.5
2016-04-06 18:09:00,86.15384615384616
2016-04-06 18:10:00,84.84615384615384
2016-04-06 18:11:00,90.16666666666667
2016-04-06 18:12:00,101.29411764705883
2016-04-06 18:13:00,100.82352941176471
2016-04-06 18:14:00,98.35135135135135
2016-04-06 18:15:00,99.02941176470588
2016-04-06 18:16:00,96.44117647058823
2016-04-06 18:17:00,91.36363636363636
2016-04-06 18:18:00,90.27272727272727
2016-04-06 18:19:00,89.47619047619048
2016-04-06 18:20:00,94.58823529411765
2016-04-06 18:21:00,97.83333333333333
2016-04-06 18:22:00,92.72
2016-04-06 18:23:00,88.46153846153847
2016-04-06 18:24:00,88.14285714285714
2016-04-06 18:25:00,91.3076923076923
2016-04-06 18:26:00,89.8695652173913
2016-04-06 18:27:00,95.17857142857143
2016-04-06 18:28:00,98.0
2016-04-06 18:29:00,96.6086956521739
2016-04-06 18:30:00,95.22727272727273
2016-04-06 18:31:00,92.79166666666667
2016-04-06 18:32:00,88.91666666666667
2016-04-06 18:33:00,86.68181818181819
2016-04-06 18:34:00,84.95833333333333
2016-04-06 18:35:00,83.1923076923077
2016-04-06 18:36:00,84.11111111111111
2016-04-06 18:37:00,91.29166666666667
2016-04-06 18:38:00,95.91666666666667
2016-04-06 18:39:00,91.56521739130434
2016-04-06 18:40:00,91.13636363636364
2016-04-06 18:41:00,92.65384615384616
2016-04-06 18:42:00,95.36363636363636
2016-04-06 18:43:00,97.44827586206897
2016-04-06 18:44:00,94.52631578947368
2016-04-06 18:45:00,102.1923076923077
2016-04-06 18:46:00,102.10714285714286
2016-04-06 18:47:00,92.28
2016-04-06 18:48:00,91.77777777777777
2016-04-06 18:49:00,84.29166666666667
2016-04-06 18:50:00,86.37037037037037
2016-04-06 18:51:00,87.34782608695652
2016-04-06 18:52:00,90.5
2016-04-06 18:53:00,85.65217391304348
2016-04-06 18:54:00,86.54545454545455
2016-04-06 18:55:00,87.33333333333333
2016-04-06 18:56:00,91.88
2016-04-06 18:57:00,99.35483870967742
2016-04-06 18:58:00,95.18518518518519
2016-04-06 18:59:00,93.3
2016-04-06 19:00:00,96.78571428571429
2016-04-06 19:01:00,93.19354838709677
2016-04-06 19:02:00,85.64
2016-04-06 19:03:00,86.92592592592592
2016-04-06 19:04:00,83.41666666666667
2016-04-06 19:05:00,85.92592592592592
2016-04-06 19:06:00,82.85185185185185
2016-04-06 19:07:00,83.625
2016-04-06 19:08:00,81.22727272727273
2016-04-06 19:09:00,81.78260869565217
2016-04-06 19:10:00,88.75
2016-04-06 19:11:00,92.25925925925925
2016-04-06 19:12:00,87.33333333333333
2016-04-06 19:13:00,86.0
2016-04-06 19:14:00,88.4
2016-04-06 19:15:00,88.0
2016-04-06 19:16:00,86.48275862068965
2016-04-06 19:17:00,86.0
2016-04-06 19:18:00,89.375
2016-04-06 19:19:00,95.78260869565217
2016-04-06 19:20:00,94.375
2016-04-06 19:21:00,90.16666666666667
2016-04-06 19:22:00,93.82608695652173
2016-04-06 19:23:00,86.48387096774194
2016-04-06 19:24:00,81.95652173913044
2016-04-06 19:25:00,85.04545454545455
2016-04-06 19:26:00,87.80952380952381
2016-04-06 19:27:00,87.0
2016-04-06 19:28:00,86.23809523809524
2016-04-06 19:29:00,87.88461538461539
2016-04-06 19:30:00,86.0
2016-04-06 19:31:00,90.08
2016-04-06 19:32:00,90.63636363636364
2016-04-06 19:33:00,90.21739130434783
2016-04-06 19:34:00,89.17391304347827
2016-04-06 19:35:00,89.78260869565217
2016-04-06 19:36:00,89.5
2016-04-06 19:37:00,91.28
2016-04-06 19:38:00,91.125
2016-04-06 19:39:00,83.70370370370371
2016-04-06 19:40:00,83.65217391304348
2016-04-06 19:41:00,82.17391304347827
2016-04-06 19:42:00,86.03703703703704
2016-04-06 19:43:00,91.32
2016-04-06 19:44:00,94.81481481481481
2016-04-06 19:45:00,98.07142857142857
2016-04-06 19:46:00,90.95833333333333
2016-04-06 19:47:00,91.75862068965517
2016-04-06 19:48:00,98.82608695652173
2016-04-06 19:49:00,94.52380952380952
2016-04-06 19:50:00,98.77777777777777
2016-04-06 19:51:00,95.95238095238095
2016-04-06 19:52:00,93.47826086956522
2016-04-06 19:53:00,92.54545454545455
2016-04-06 19:54:00,91.55555555555556
2016-04-06 19:55:00,91.6086956521739
2016-04-06 19:56:00,92.1304347826087
2016-04-06 19:57:00,88.23809523809524
2016-04-06 19:58:00,88.52173913043478
2016-04-06 19:59:00,89.29166666666667
2016-04-06 20:00:00,98.5
2016-04-06 20:01:00,103.76923076923077
2016-04-06 20:02:00,104.5
2016-04-06 20:03:00,111.35483870967742
2016-04-06 20:04:00,103.44444444444444
2016-04-06 20:05:00,102.70370370370371
2016-04-06 20:06:00,106.81818181818181
2016-04-06 20:07:00,108.29629629629629
2016-04-06 20:08:00,105.09677419354838
2016-04-06 20:09:00,98.66666666666667
2016-04-06 20:10:00,97.1304347826087
2016-04-06 20:11:00,94.77272727272727
2016-04-06 20:12:00,96.65217391304348
2016-04-06 20:13:00,92.44
2016-04-06 20:14:00,72.95833333333333
2016-04-06 20:15:00,83.9047619047619
2016-04-06 20:16:00,82.72
2016-04-06 20:17:00,85.53846153846153
2016-04-06 20:18:00,95.46428571428571
2016-04-06 20:19:00,96.18181818181819
2016-04-06 20:20:00,94.29166666666667
2016-04-06 20:21:00,93.04761904761905
2016-04-06 20:22:00,92.45833333333333
2016-04-06 20:23:00,91.57142857142857
2016-04-06 20:24:00,89.36363636363636
2016-04-06 20:25:00,89.43478260869566
2016-04-06 20:26:00,93.25
2016-04-06 20:27:00,101.93939393939394
2016-04-06 20:28:00,101.79166666666667
2016-04-06 20:29:00,104.61538461538461
2016-04-06 20:30:00,102.48148148148148
2016-04-06 20:31:00,101.34782608695652
2016-04-06 20:32:00,96.86666666666666
2016-04-06 20:33:00,95.24
2016-04-06 20:34:00,99.91304347826087
2016-04-06 20:35:00,93.34482758620689
2016-04-06 20:36:00,94.72
2016-04-06 20:37:00,96.43478260869566
2016-04-06 20:38:00,92.32
2016-04-06 20:39:00,96.83333333333333
2016-04-06 20:40:00,100.11111111111111
2016-04-06 20:41:00,93.16129032258064
2016-04-06 20:42:00,94.9375
2016-04-06 20:43:00,92.56
2016-04-06 20:44:00,90.54166666666667
2016-04-06 20:45:00,95.14285714285714
2016-04-06 20:46:00,104.16666666666667
2016-04-06 20:47:00,102.69565217391305
2016-04-06 20:48:00,101.2
2016-04-06 20:49:00,94.91304347826087
2016-04-06 20:50:00,96.08695652173913
2016-04-06 20:51:00,95.56521739130434
2016-04-06 20:52:00,103.18518518518519
2016-04-06 20:53:00,108.1
2016-04-06 20:54:00,112.30434782608695
2016-04-06 20:55:00,109.26086956521739
2016-04-06 20:56:00,109.13636363636364
2016-04-06 20:57:00,110.78260869565217
2016-04-06 20:58:00,107.6086956521739
2016-04-06 20:59:00,98.07692307692308
2016-04-06 21:00:00,98.625
2016-04-06 21:01:00,99.0
2016-04-06 21:02:00,99.04166666666667
2016-04-06 21:03:00,101.625
2016-04-06 21:04:00,103.08695652173913
2016-04-06 21:05:00,98.16666666666667
2016-04-06 21:06:00,100.67857142857143
2016-04-06 21:07:00,97.75
2016-04-06 21:08:00,96.72413793103448
2016-04-06 21:09:00,122.4
2016-04-06 21:10:00,116.65517241379311
2016-04-06 21:11:00,107.13333333333334
2016-04-06 21:12:00,110.92592592592592
2016-04-06 21:13:00,106.95454545454545
2016-04-06 21:14:00,103.65217391304348
2016-04-06 21:15:00,97.375
2016-04-06 21:16:00,97.0
2016-04-06 21:17:00,103.08
2016-04-06 21:18:00,103.16
2016-04-06 21:19:00,101.22222222222223
2016-04-06 21:20:00,100.26086956521739
2016-04-06 21:21:00,100.5
2016-04-06 21:22:00,100.97297297297297
2016-04-06 21:23:00,98.75
2016-04-06 21:24:00,96.82142857142857
2016-04-06 21:25:00,89.57692307692308
2016-04-06 21:26:00,84.33333333333333
2016-04-06 21:27:00,81.72727272727273
2016-04-06 21:28:00,83.4
2016-04-06 21:29:00,83.625
2016-04-06 21:30:00,88.68
2016-04-06 21:31:00,88.65217391304348
2016-04-06 21:32:00,90.5
2016-04-06 21:33:00,91.92307692307692
2016-04-06 21:34:00,96.08695652173913
2016-04-06 21:35:00,93.3076923076923
2016-04-06 21:36:00,92.04545454545455
2016-04-06 21:37:00,92.61538461538461
2016-04-06 21:38:00,93.23809523809524
2016-04-06 21:39:00,92.3913043478261
2016-04-06 21:40:00,94.54166666666667
2016-04-06 21:41:00,91.77272727272727
2016-04-06 21:42:00,90.5
2016-04-06 21:43:00,93.375
2016-04-06 21:44:00,91.13636363636364
2016-04-06 21:45:00,92.04761904761905
2016-04-06 21:46:00,94.08695652173913
2016-04-06 21:47:00,93.25
2016-04-06 21:48:00,92.3913043478261
2016-04-06 21:49:00,94.34782608695652
2016-04-06 21:50:00,93.5909090909091
2016-04-06 21:51:00,94.75
2016-04-06 21:52:00,93.81818181818181
2016-04-06 21:53:00,93.08695652173913
2016-04-06 21:54:00,93.22727272727273
2016-04-06 21:55:00,92.96
2016-04-06 21:56:00,91.21739130434783
2016-04-06 21:57:00,93.41666666666667
2016-04-06 21:58:00,92.79166666666667
2016-04-06 21:59:00,89.95652173913044
2016-04-06 22:00:00,90.5
2016-04-06 22:01:00,96.36363636363636
2016-04-06 22:02:00,92.52
2016-04-06 22:03:00,92.18181818181819
2016-04-06 22:04:00,92.3913043478261
2016-04-06 22:05:00,92.47619047619048
2016-04-06 22:06:00,91.1304347826087
2016-04-06 22:07:00,92.92
2016-04-06 22:08:00,94.4090909090909
2016-04-06 22:09:00,93.95833333333333
2016-04-06 22:10:00,92.25
2016-04-06 22:11:00,94.0
2016-04-06 22:12:00,94.43478260869566
2016-04-06 22:13:00,96.26086956521739
2016-04-06 22:14:00,97.74193548387096
2016-04-06 22:15:00,97.51851851851852
2016-04-06 22:16:00,102.41379310344827
2016-04-06 22:17:00,104.18518518518519
2016-04-06 22:18:00,108.39285714285714
2016-04-06 22:19:00,105.32142857142857
2016-04-06 22:20:00,101.95238095238095
2016-04-06 22:21:00,101.48275862068965
2016-04-06 22:22:00,93.96551724137932
2016-04-06 22:23:00,97.0
2016-04-06 22:24:00,94.54838709677419
2016-04-06 22:25:00,92.83333333333333
2016-04-06 22:26:00,102.08333333333333
2016-04-06 22:27:00,87.15453250453251
2016-04-06 22:28:00,88.32810256410256
2016-04-06 22:29:00,85.28599472990777
2016-04-06 22:30:00,84.34695476936857
2016-04-06 22:31:00,86.48902205788602
2016-04-06 22:32:00,84.51817391304348
2016-04-06 22:33:00,85.1638923395445
2016-04-06 22:34:00,85.14502663198314
2016-04-06 22:35:00,84.60087105165367
2016-04-06 22:36:00,84.97797162343197
2016-04-06 22:37:00,85.76245059288537
2016-04-06 22:38:00,87.99177777777778
2016-04-06 22:39:00,86.54084564860428
2016-04-06 22:40:00,81.84723253757736
2016-04-06 22:41:00,81.73115151515151
2016-04-06 22:42:00,81.56725925925926
2016-04-06 22:43:00,81.5634296400187
2016-04-06 22:44:00,80.89832298136646
2016-04-06 22:45:00,80.36383459857373
2016-04-06 22:46:00,78.39566113234591
2016-04-06 22:47:00,78.39937671024627
2016-04-06 22:48:00,77.67128270280445
2016-04-06 22:49:00,78.24836363636364
2016-04-06 22:50:00,76.9290542958186
2016-04-06 22:51:00,78.08804293634526
2016-04-06 22:52:00,81.5835
2016-04-06 22:53:00,81.88658601458602
2016-04-06 22:54:00,79.57039246984898
2016-04-06 22:55:00,77.25919169563032
2016-04-06 22:56:00,78.04747412008281
2016-04-06 22:57:00,83.09030658039279
2016-04-06 22:58:00,81.25109265734265
2016-04-06 22:59:00,80.64951085063528
2016-04-06 23:00:00,82.5917700204385
2016-04-06 23:01:00,82.29361815304469
2016-04-06 23:02:00,80.85693236714975
2016-04-06 23:03:00,79.57836244215555
2016-04-06 23:04:00,77.01370269515431
2016-04-06 23:05:00,82.75374812593704
2016-04-06 23:06:00,82.33317708861188
2016-04-06 23:07:00,76.99251207729469
2016-04-06 23:08:00,74.95255790907964
2016-04-06 23:09:00,77.15971872529344
2016-04-06 23:10:00,77.8081406248073
2016-04-06 23:11:00,78.1341770647653
2016-04-06 23:12:00,77.94777583527583
2016-04-06 23:13:00,78.6162215320911
2016-04-06 23:14:00,77.70404682274248
2016-04-06 23:15:00,76.5901130873957
2016-04-06 23:16:00,77.9336467066352
2016-04-06 23:17:00,77.45041922147901
2016-04-06 23:18:00,79.44448442445444
2016-04-06 23:19:00,79.38473990945941
2016-04-06 23:20:00,78.30172815107598
2016-04-06 23:21:00,77.7352513240919
2016-04-06 23:22:00,79.47878288378288
2016-04-06 23:23:00,77.51071914800175
2016-04-06 23:24:00,76.12574440052701
2016-04-06 23:25:00,75.69001610305958
2016-04-06 23:26:00,77.27028765920069
2016-04-06 23:27:00,77.55695985581043
2016-04-06 23:28:00,78.04401126651126
2016-04-06 23:29:00,79.20485618085618
2016-04-06 23:30:00,78.63410973084886
2016-04-06 23:31:00,82.39032634032634
2016-04-06 23:32:00,79.90619658119658
2016-04-06 23:33:00,81.31480952380953
2016-04-06 23:34:00,81.68970085470086
2016-04-06 23:35:00,78.48055531944031
2016-04-06 23:36:00,77.5901897447201
2016-04-06 23:37:00,79.01845470933365
2016-04-06 23:38:00,76.92507042774909
2016-04-06 23:39:00,81.28583333333334
2016-04-06 23:40:00,79.15460674064123
2016-04-06 23:41:00,76.53497474747475
2016-04-06 23:42:00,74.94377365163572
2016-04-06 23:43:00,77.06349206349206
2016-04-06 23:44:00,78.08613053613054
2016-04-06 23:45:00,77.22485507246377
2016-04-06 23:46:00,77.22905934343434
2016-04-06 23:47:00,74.80077294685991
2016-04-06 23:48:00,75.66050538833147
2016-04-06 23:49:00,76.21003857045837
2016-04-06 23:50:00,76.20694462542288
2016-04-06 23:51:00,73.94161200123844
2016-04-06 23:52:00,72.65561167227834
2016-04-06 23:53:00,74.53471941638608
2016-04-06 23:54:00,76.42429487179487
2016-04-06 23:55:00,76.9285113035113
2016-04-06 23:56:00,74.74048769716875
2016-04-06 23:57:00,75.06219806763285
2016-04-06 23:58:00,76.66860296513522
2016-04-06 23:59:00,76.95704106280193
2016-04-07 00:00:00,76.68005175983437
2016-04-07 00:01:00,75.95823171326795
2016-04-07 00:02:00,78.84588541425849
2016-04-07 00:03:00,79.58382067060228
2016-04-07 00:04:00,80.24601130753305
2016-04-07 00:05:00,79.22205563884724
2016-04-07 00:06:00,78.4900749411619
2016-04-07 00:07:00,78.4137707434809
2016-04-07 00:08:00,76.51594359070465
2016-04-07 00:09:00,78.2525605822445
2016-04-07 00:10:00,79.95127386703474
2016-04-07 00:11:00,79.18280113190157
2016-04-07 00:12:00,80.24576923076923
2016-04-07 00:13:00,79.00112809895418
2016-04-07 00:14:00,79.72752887295898
2016-04-07 00:15:00,81.78326449536127
2016-04-07 00:16:00,79.93277264764102
2016-04-07 00:17:00,86.23990313390314
2016-04-07 00:18:00,82.75347507564899
2016-04-07 00:19:00,83.44996286472148
2016-04-07 00:20:00,87.15389451890596
2016-04-07 00:21:00,83.35946186502709
2016-04-07 00:22:00,83.42360248447206
2016-04-07 00:23:00,81.334335839599
2016-04-07 00:24:00,84.21050175669741
2016-04-07 00:25:00,80.39694041867955
2016-04-07 00:26:00,79.26388984393434
2016-04-07 00:27:00,78.56731587909748
2016-04-07 00:28:00,77.58816734989149
2016-04-07 00:29:00,77.31376811594203
2016-04-07 00:30:00,77.0928051948052
2016-04-07 00:31:00,77.65650953984287
2016-04-07 00:32:00,76.96188311688312
2016-04-07 00:33:00,76.67234848484848
2016-04-07 00:34:00,75.17191142191142
2016-04-07 00:35:00,74.93251480320446
2016-04-07 00:36:00,75.01730158730159
2016-04-07 00:37:00,73.99636363636364
2016-04-07 00:38:00,74.4544532279315
2016-04-07 00:39:00,74.15294246815985
2016-04-07 00:40:00,73.75340631590632
2016-04-07 00:41:00,72.75630511463845
2016-04-07 00:42:00,74.45841406391278
2016-04-07 00:43:00,74.14591970121383
2016-04-07 00:44:00,71.47386083323583
2016-04-07 00:45:00,70.86285936285937
2016-04-07 00:46:00,72.35704717987328
2016-04-07 00:47:00,72.8182855121261
2016-04-07 00:48:00,73.57208552317248
2016-04-07 00:49:00,73.11990801737178
2016-04-07 00:50:00,73.01673850304284
2016-04-07 00:51:00,73.11958639186899
2016-04-07 00:52:00,73.85847312649037
2016-04-07 00:53:00,72.78232288377215
2016-04-07 00:54:00,73.02013812041162
2016-04-07 00:55:00,70.79555081863403
2016-04-07 00:56:00,70.98978393587089
2016-04-07 00:57:00,72.03928932178933
2016-04-07 00:58:00,71.62615283267458
2016-04-07 00:59:00,72.26433982683982
2016-04-07 01:00:00,72.4110726833553
2016-04-07 01:01:00,72.01422781995245
2016-04-07 01:02:00,72.0573036517964
2016-04-07 01:03:00,73.20691753929002
2016-04-07 01:04:00,71.86338340209404
2016-04-07 01:05:00,72.24648510909381
2016-04-07 01:06:00,72.20757007681404
2016-04-07 01:07:00,71.53256441970727
2016-04-07 01:08:00,71.62234673928222
2016-04-07 01:09:00,71.75784306826179
2016-04-07 01:10:00,73.00726953056146
2016-04-07 01:11:00,73.2351923076923
2016-04-07 01:12:00,71.65315962148796
2016-04-07 01:13:00,71.92318039282057
2016-04-07 01:14:00,72.84797114893388
2016-04-07 01:15:00,72.99024548950015
2016-04-07 01:16:00,74.16498964803313
2016-04-07 01:17:00,72.64835382009295
2016-04-07 01:18:00,72.25155304465649
2016-04-07 01:19:00,73.10472593338973
2016-04-07 01:20:00,73.64148920437741
2016-04-07 01:21:00,73.7684608090965
2016-04-07 01:22:00,74.47657152571598
2016-04-07 01:23:00,73.44483950228515
2016-04-07 01:24:00,72.3834150735393
2016-04-07 01:25:00,73.47435594081557
2016-04-07 01:26:00,74.29241611850307
2016-04-07 01:27:00,74.20358295599674
2016-04-07 01:28:00,72.13575798506277
2016-04-07 01:29:00,72.0300604567846
2016-04-07 01:30:00,72.09825285825285
2016-04-07 01:31:00,72.11949724993204
2016-04-07 01:32:00,72.11473544973545
2016-04-07 01:33:00,72.5358083870153
2016-04-07 01:34:00,73.97458697786183
2016-04-07 01:35:00,73.68845598845598
2016-04-07 01:36:00,72.45993991326472
2016-04-07 01:37:00,73.0541865441829
2016-04-07 01:38:00,68.58534308111948
2016-04-07 01:39:00,68.45051065911314
2016-04-07 01:40:00,67.69719339773528
2016-04-07 01:41:00,70.06953427524856
2016-04-07 01:42:00,69.06822742474917
2016-04-07 01:43:00,69.80284640558133
2016-04-07 01:44:00,69.21335403726708
2016-04-07 01:45:00,68.46086043112898
2016-04-07 01:46:00,68.12041177213591
2016-04-07 01:47:00,68.7848299319728
2016-04-07 01:48:00,68.4362987012987
2016-04-07 01:49:00,68.82633126850304
2016-04-07 01:50:00,69.06787415483068
2016-04-07 01:51:00,70.52540781969353
2016-04-07 01:52:00,68.91104867883068
2016-04-07 01:53:00,69.09132717294207
2016-04-07 01:54:00,67.54156801330714
2016-04-07 01:55:00,69.09883775644646
2016-04-07 01:56:00,68.39893896763462
2016-04-07 01:57:00,67.54357069661418
2016-04-07 01:58:00,69.21109450935538
2016-04-07 01:59:00,67.75415273132664
2016-04-07 02:00:00,69.1922995017405
2016-04-07 02:01:00,69.40637476165426
2016-04-07 02:02:00,67.88435690746036
2016-04-07 02:03:00,67.5672877846791
2016-04-07 02:04:00,66.66871135860642
2016-04-07 02:05:00,68.17127094437653
2016-04-07 02:06:00,66.61729019119356
2016-04-07 02:07:00,67.6478320852142
2016-04-07 02:08:00,68.2962146549103
2016-04-07 02:09:00,69.52171792118783
2016-04-07 02:10:00,65.56533189033189
2016-04-07 02:11:00,66.53747264123041
2016-04-07 02:12:00,66.62291817912936
2016-04-07 02:13:00,65.8977425969555
2016-04-07 02:14:00,67.58777620552608
2016-04-07 02:15:00,67.25793525315264
2016-04-07 02:16:00,66.64746718085227
2016-04-07 02:17:00,69.2936972447842
2016-04-07 02:18:00,68.3004139338922
2016-04-07 02:19:00,67.40367346938775
2016-04-07 02:20:00,68.63773896910543
2016-04-07 02:21:00,67.7642722794447
2016-04-07 02:22:00,66.21832781910743
2016-04-07 02:23:00,66.0526402743794
2016-04-07 02:24:00,65.31194805194805
2016-04-07 02:25:00,64.92503076633511
2016-04-07 02:26:00,65.67296388911295
2016-04-07 02:27:00,65.24924551638837
2016-04-07 02:28:00,66.58509163785455
2016-04-07 02:29:00,69.29244312908482
2016-04-07 02:30:00,69.17894237599708
2016-04-07 02:31:00,69.73852922439879
2016-04-07 02:32:00,68.16358221488656
2016-04-07 02:33:00,66.36371633292815
2016-04-07 02:34:00,67.68918219461698
2016-04-07 02:35:00,67.49887288694741
2016-04-07 02:36:00,68.9572801020006
2016-04-07 02:37:00,67.57688169520682
2016-04-07 02:38:00,68.22991059664973
2016-04-07 02:39:00,66.7905796205175
2016-04-07 02:40:00,66.99076053346239
2016-04-07 02:41:00,68.32927966443495
2016-04-07 02:42:00,67.62393374741201
2016-04-07 02:43:00,67.53579495039124
2016-04-07 02:44:00,68.22023257166114
2016-04-07 02:45:00,68.48364433185863
2016-04-07 02:46:00,68.86455864430619
2016-04-07 02:47:00,66.7844313557507
2016-04-07 02:48:00,65.15871693523867
2016-04-07 02:49:00,65.86809592523878
2016-04-07 02:50:00,66.95654526632788
2016-04-07 02:51:00,68.63092126433641
2016-04-07 02:52:00,69.31204807614746
2016-04-07 02:53:00,70.54673047219632
2016-04-07 02:54:00,68.13166212991415
2016-04-07 02:55:00,64.37753942592653
2016-04-07 02:56:00,66.26133235109391
2016-04-07 02:57:00,67.00546485260772
2016-04-07 02:58:00,61.453886827458255
2016-04-07 02:59:00,61.92146322736385
2016-04-07 03:00:00,62.48152261816858
2016-04-07 03:01:00,62.87550940470195
2016-04-07 03:02:00,63.040036831596936
2016-04-07 03:03:00,63.417570078597066
2016-04-07 03:04:00,63.63681292994056
2016-04-07 03:05:00,64.55161820063994
2016-04-07 03:06:00,63.44070810142239
2016-04-07 03:07:00,63.09694739784025
2016-04-07 03:08:00,62.62741008901857
2016-04-07 03:09:00,63.39368998246702
2016-04-07 03:10:00,62.119511298296906
2016-04-07 03:11:00,62.56572423435778
2016-04-07 03:12:00,63.18401944355454
2016-04-07 03:13:00,62.34264460119123
2016-04-07 03:14:00,63.23866001033702
2016-04-07 03:15:00,62.6508772257862
2016-04-07 03:16:00,62.890906906240765
2016-04-07 03:17:00,63.0708926684082
2016-04-07 03:18:00,64.0809971821225
2016-04-07 03:19:00,63.99413926229716
2016-04-07 03:20:00,63.066292486649125
2016-04-07 03:21:00,63.0805753739623
2016-04-07 03:22:00,63.23648980704453
2016-04-07 03:23:00,63.85049414210129
2016-04-07 03:24:00,62.89352038575641
2016-04-07 03:25:00,62.41933215622657
2016-04-07 03:26:00,62.52269293924467
2016-04-07 03:27:00,63.00115742457475
2016-04-07 03:28:00,64.17897170718277
2016-04-07 03:29:00,64.8480870980871
2016-04-07 03:30:00,64.89310451453308
2016-04-07 03:31:00,64.34517090052803
2016-04-07 03:32:00,62.798874458874465
2016-04-07 03:33:00,64.10419676484894
2016-04-07 03:34:00,63.24786988373945
2016-04-07 03:35:00,61.45229246943533
2016-04-07 03:36:00,62.45238095238095
2016-04-07 03:37:00,64.19221466364324
2016-04-07 03:38:00,65.36808636498077
2016-04-07 03:39:00,66.57485543442066
2016-04-07 03:40:00,68.26703550964635
2016-04-07 03:41:00,68.980910443994
2016-04-07 03:42:00,67.33037037037037
2016-04-07 03:43:00,64.4357110116774
2016-04-07 03:44:00,62.86093826696913
2016-04-07 03:45:00,62.67696791935923
2016-04-07 03:46:00,62.20625300625301
2016-04-07 03:47:00,61.943067427325296
2016-04-07 03:48:00,61.318464891446254
2016-04-07 03:49:00,60.24323011357173
2016-04-07 03:50:00,60.11231884057971
2016-04-07 03:51:00,60.58112327056426
2016-04-07 03:52:00,60.29624998879657
2016-04-07 03:53:00,60.84706276010623
2016-04-07 03:54:00,60.98980648980649
2016-04-07 03:55:00,61.28575797908096
2016-04-07 03:56:00,63.78522959183674
2016-04-07 03:57:00,61.55535294290917
2016-04-07 03:58:00,60.866301524562395
2016-04-07 03:59:00,61.63806092458266
2016-04-07 04:00:00,61.51126226341614
2016-04-07 04:01:00,61.314805330633135
2016-04-07 04:02:00,61.52817661979152
2016-04-07 04:03:00,61.68937229437229
2016-04-07 04:04:00,62.4720875347969
2016-04-07 04:05:00,64.32685550082103
2016-04-07 04:06:00,62.844234283085214
2016-04-07 04:07:00,62.91501332001332
2016-04-07 04:08:00,64.42007517173246
2016-04-07 04:09:00,63.73852541320572
2016-04-07 04:10:00,63.98061147186147
2016-04-07 04:11:00,63.38102704343113
2016-04-07 04:12:00,64.3930784621541
2016-04-07 04:13:00,64.76303506837989
2016-04-07 04:14:00,63.02466546336111
2016-04-07 04:15:00,62.909047037618464
2016-04-07 04:16:00,64.50554875611526
2016-04-07 04:17:00,62.18567879325643
2016-04-07 04:18:00,61.354843073593074
2016-04-07 04:19:00,62.08403041662508
2016-04-07 04:20:00,61.45173415611304
2016-04-07 04:21:00,61.815868768912246
2016-04-07 04:22:00,61.66972194472195
2016-04-07 04:23:00,63.46437728937729
2016-04-07 04:24:00,63.19027649769585
2016-04-07 04:25:00,61.91805360271199
2016-04-07 04:26:00,60.4388316343155
2016-04-07 04:27:00,60.48421859713785
2016-04-07 04:28:00,60.94382688165297
2016-04-07 04:29:00,61.62512561512562
2016-04-07 04:30:00,62.281291172595516
2016-04-07 04:31:00,62.221645962732914
2016-04-07 04:32:00,63.051329105676935
2016-04-07 04:33:00,63.07274372553983
2016-04-07 04:34:00,62.28252044252044
2016-04-07 04:35:00,63.75362634866383
2016-04-07 04:36:00,63.49485633414205
2016-04-07 04:37:00,62.39348565513161
2016-04-07 04:38:00,63.51124875124875
2016-04-07 04:39:00,62.377856976994906
2016-04-07 04:40:00,62.74302573203194
2016-04-07 04:41:00,63.766127946127945
2016-04-07 04:42:00,65.38144383394383
2016-04-07 04:43:00,64.13614482291901
2016-04-07 04:44:00,62.37527386858565
2016-04-07 04:45:00,63.61040928820432
2016-04-07 04:46:00,60.397608491672536
2016-04-07 04:47:00,59.92277991159978
2016-04-07 04:48:00,60.552803607738404
2016-04-07 04:49:00,61.24594402013757
2016-04-07 04:50:00,66.74905793391066
2016-04-07 04:51:00,63.733221281823766
2016-04-07 04:52:00,63.732204068333104
2016-04-07 04:53:00,62.04687184995455
2016-04-07 04:54:00,61.0845759863592
2016-04-07 04:55:00,65.39987293768083
2016-04-07 04:56:00,61.940017039412204
2016-04-07 04:57:00,62.92827815862298
2016-04-07 04:58:00,64.01710121769632
2016-04-07 04:59:00,64.16314640659468
2016-04-07 05:00:00,63.576042477108146
2016-04-07 05:01:00,62.156471281340046
2016-04-07 05:02:00,65.33640357026226
2016-04-07 05:03:00,69.16828867412308
2016-04-07 05:04:00,68.51852797464211
2016-04-07 05:05:00,68.51542086099808
2016-04-07 05:06:00,69.01823653198653
2016-04-07 05:07:00,68.84934318097362
2016-04-07 05:08:00,66.94987601418308
2016-04-07 05:09:00,65.5109811022311
2016-04-07 05:10:00,65.62138484745083
2016-04-07 05:11:00,65.81782823155106
2016-04-07 05:12:00,63.12610620912514
2016-04-07 05:13:00,63.558573220258005
2016-04-07 05:14:00,64.81631392785485
2016-04-07 05:15:00,65.12551759834369
2016-04-07 05:16:00,65.37613224637681
2016-04-07 05:17:00,65.5006737012987
2016-04-07 05:18:00,66.06526198439242
2016-04-07 05:19:00,67.30769104084321
2016-04-07 05:20:00,67.37078110295502
2016-04-07 05:21:00,67.321524427953
2016-04-07 05:22:00,66.27099970422952
2016-04-07 05:23:00,66.54383775644645
2016-04-07 05:24:00,67.18410031996989
2016-04-07 05:25:00,69.03174347158217
2016-04-07 05:26:00,71.87778934483002
2016-04-07 05:27:00,73.27304884723239
2016-04-07 05:28:00,71.84787210718888
2016-04-07 05:29:00,71.11864765669114
2016-04-07 05:30:00,70.46400623186337
2016-04-07 05:31:00,69.28071797889116
2016-04-07 05:32:00,66.35824275362319
2016-04-07 05:33:00,66.38826605250252
2016-04-07 05:34:00,66.96455601564297
2016-04-07 05:35:00,66.3552496097253
2016-04-07 05:36:00,68.36845238095238
2016-04-07 05:37:00,69.21372090553125
2016-04-07 05:38:00,68.64719082719083
2016-04-07 05:39:00,68.71987117820451
2016-04-07 05:40:00,71.04329089369412
2016-04-07 05:41:00,70.79221431910773
2016-04-07 05:42:00,67.13868614169262
2016-04-07 05:43:00,65.28588843618255
2016-04-07 05:44:00,63.63934822227818
2016-04-07 05:45:00,64.73777235531894
2016-04-07 05:46:00,65.47437360641617
2016-04-07 05:47:00,66.4025249695838
2016-04-07 05:48:00,66.58664596273292
2016-04-07 05:49:00,67.58374210483633
2016-04-07 05:50:00,67.28334877033818
2016-04-07 05:51:00,65.9365651015651
2016-04-07 05:52:00,66.25547893956546
2016-04-07 05:53:00,67.2832427975751
2016-04-07 05:54:00,67.03089522178882
2016-04-07 05:55:00,67.8843348576889
2016-04-07 05:56:00,67.95506211180124
2016-04-07 05:57:00,66.65495270774774
2016-04-07 05:58:00,67.78130577568359
2016-04-07 05:59:00,67.26845459923099
2016-04-07 06:00:00,66.53255049964196
2016-04-07 06:01:00,65.67587601839155
2016-04-07 06:02:00,66.08702898550725
2016-04-07 06:03:00,65.87034414860501
2016-04-07 06:04:00,64.57687340839514
2016-04-07 06:05:00,66.70900636463651
2016-04-07 06:06:00,66.20846122476557
2016-04-07 06:07:00,67.01929089429089
2016-04-07 06:08:00,65.94879423199299
2016-04-07 06:09:00,65.41918994700238
2016-04-07 06:10:00,66.34436853062904
2016-04-07 06:11:00,66.27748251748253
2016-04-07 06:12:00,66.24883762200533
2016-04-07 06:13:00,66.72441471571906
2016-04-07 06:14:00,67.89648263170002
2016-04-07 06:15:00,67.9472110250355
2016-04-07 06:16:00,69.0683670481807
2016-04-07 06:17:00,68.94155793873185
2016-04-07 06:18:00,67.0966772047828
2016-04-07 06:19:00,66.96970212327355
2016-04-07 06:20:00,65.70973379561615
2016-04-07 06:21:00,65.72402220967437
2016-04-07 06:22:00,67.26143784786642
2016-04-07 06:23:00,67.4609753703853
2016-04-07 06:24:00,68.70282050259009
2016-04-07 06:25:00,66.4734357577906
2016-04-07 06:26:00,65.37612257363381
2016-04-07 06:27:00,66.97027814835269
2016-04-07 06:28:00,68.74146224146224
2016-04-07 06:29:00,66.09941867656154
2016-04-07 06:30:00,67.19426878889794
2016-04-07 06:31:00,64.70315049339894
2016-04-07 06:32:00,65.55848516218082
2016-04-07 06:33:00,66.83437635577816
2016-04-07 06:34:00,67.46712824700954
2016-04-07 06:35:00,67.52538123421382
2016-04-07 06:36:00,68.02979773146029
2016-04-07 06:37:00,65.28613568396177
2016-04-07 06:38:00,66.83237048665619
2016-04-07 06:39:00,66.87675612188356
2016-04-07 06:40:00,66.30543983110486
2016-04-07 06:41:00,67.31240896358544
2016-04-07 06:42:00,69.13098525582998
2016-04-07 06:43:00,69.71976688951443
2016-04-07 06:44:00,70.19668828066344
2016-04-07 06:45:00,67.08836996336996
2016-04-07 06:46:00,67.50590084518656
2016-04-07 06:47:00,67.75157712887527
2016-04-07 06:48:00,68.660358554489
2016-04-07 06:49:00,68.60087817979122
2016-04-07 06:50:00,69.02375105685664
2016-04-07 06:51:00,68.663577508298
2016-04-07 06:52:00,67.69956203217073
2016-04-07 06:53:00,67.26467979685371
2016-04-07 06:54:00,67.4858281573499
2016-04-07 06:55:00,69.07881880024738
2016-04-07 06:56:00,68.6435003092146
2016-04-07 06:57:00,68.4065744999628
2016-04-07 06:58:00,68.16943430160822
2016-04-07 06:59:00,69.47226666248405
2016-04-07 07:00:00,67.73856030933419
2016-04-07 07:01:00,67.91588827436654
2016-04-07 07:02:00,67.6470916649488
2016-04-07 07:03:00,69.0876748050661
2016-04-07 07:04:00,69.34600291548246
2016-04-07 07:05:00,70.51637152001808
2016-04-07 07:06:00,71.98293493945668
2016-04-07 07:07:00,71.63940800400428
2016-04-07 07:08:00,71.38469454975666
2016-04-07 07:09:00,68.96789580390431
2016-04-07 07:10:00,69.13432855798261
2016-04-07 07:11:00,68.72886876322436
2016-04-07 07:12:00,68.00867309019483
2016-04-07 07:13:00,68.69738934562022
2016-04-07 07:14:00,67.38995062908107
2016-04-07 07:15:00,73.58209681196892
2016-04-07 07:16:00,73.16493506493507
2016-04-07 07:17:00,72.27179433866625
2016-04-07 07:18:00,71.50512364875077
2016-04-07 07:19:00,71.14965095291181
2016-04-07 07:20:00,71.13284235433304
2016-04-07 07:21:00,69.87390388757385
2016-04-07 07:22:00,70.56978240013954
2016-04-07 07:23:00,71.34688210340384
2016-04-07 07:24:00,71.98526592455164
2016-04-07 07:25:00,71.9883963757917
2016-04-07 07:26:00,75.21932524673119
2016-04-07 07:27:00,75.16185730867285
2016-04-07 07:28:00,74.53255819516087
2016-04-07 07:29:00,76.0461215228296
2016-04-07 07:30:00,74.55273473411721
2016-04-07 07:31:00,75.66469452074489
2016-04-07 07:32:00,73.9704587097997
2016-04-07 07:33:00,76.80134817304848
2016-04-07 07:34:00,74.30297484876314
2016-04-07 07:35:00,74.28559614559614
2016-04-07 07:36:00,72.76368366539008
2016-04-07 07:37:00,74.28773762469415
2016-04-07 07:38:00,74.27865211252309
2016-04-07 07:39:00,72.57880341880342
2016-04-07 07:40:00,73.2491035716141
2016-04-07 07:41:00,74.37156565656566
2016-04-07 07:42:00,74.56840748997796
2016-04-07 07:43:00,73.65204460059532
2016-04-07 07:44:00,76.75430253623189
2016-04-07 07:45:00,77.88785561660562
2016-04-07 07:46:00,77.40150112233445
2016-04-07 07:47:00,79.32732576602142
2016-04-07 07:48:00,76.55017288902093
2016-04-07 07:49:00,76.38757919103314
2016-04-07 07:50:00,74.8172619047619
2016-04-07 07:51:00,73.35766045548654
2016-04-07 07:52:00,74.41873866873867
2016-04-07 07:53:00,74.39564737731405
2016-04-07 07:54:00,75.85102209526762
2016-04-07 07:55:00,77.18154150197628
2016-04-07 07:56:00,76.42499502413295
2016-04-07 07:57:00,75.05835497835498
2016-04-07 07:58:00,76.15058552558553
2016-04-07 07:59:00,79.5212065233617
2016-04-07 08:00:00,80.85129570507769
2016-04-07 08:01:00,82.82402209577667
2016-04-07 08:02:00,76.54078242022304
2016-04-07 08:03:00,70.5140836940837
2016-04-07 08:04:00,76.79010218393107
2016-04-07 08:05:00,72.96587132003799
2016-04-07 08:06:00,73.85246871184371
2016-04-07 08:07:00,69.93872903916007
2016-04-07 08:08:00,69.6455362140846
2016-04-07 08:09:00,73.01207860922146
2016-04-07 08:10:00,77.04602353018502
2016-04-07 08:11:00,80.45565286163112
2016-04-07 08:12:00,80.58502847212525
2016-04-07 08:13:00,77.20990790319127
2016-04-07 08:14:00,74.31561002564798
2016-04-07 08:15:00,71.88491256483893
2016-04-07 08:16:00,74.5893064671901
2016-04-07 08:17:00,75.30124787637102
2016-04-07 08:18:00,75.72877393158
2016-04-07 08:19:00,75.15575166867869
2016-04-07 08:20:00,74.89246598639455
2016-04-07 08:21:00,76.18216445910411
2016-04-07 08:22:00,73.66491518623364
2016-04-07 08:23:00,72.93499128900571
2016-04-07 08:24:00,73.6743805241945
2016-04-07 08:25:00,72.44080582978098
2016-04-07 08:26:00,73.88014855514857
2016-04-07 08:27:00,73.00930144389771
2016-04-07 08:28:00,73.6030841954264
2016-04-07 08:29:00,74.80726533349254
2016-04-07 08:30:00,75.32085049537056
2016-04-07 08:31:00,72.65585378856767
2016-04-07 08:32:00,73.85406225589455
2016-04-07 08:33:00,75.66739358175495
2016-04-07 08:34:00,79.0095462078046
2016-04-07 08:35:00,75.4401734889358
2016-04-07 08:36:00,74.36544073909758
2016-04-07 08:37:00,73.36241076698238
2016-04-07 08:38:00,75.48599816849817
2016-04-07 08:39:00,76.41604554865424
2016-04-07 08:40:00,74.03495463588631
2016-04-07 08:41:00,72.52713250517598
2016-04-07 08:42:00,70.37714289229086
2016-04-07 08:43:00,72.22507209405501
2016-04-07 08:44:00,72.98491997016541
2016-04-07 08:45:00,73.74730682016397
2016-04-07 08:46:00,72.58713251003948
2016-04-07 08:47:00,74.417183708912
2016-04-07 08:48:00,73.8810182145815
2016-04-07 08:49:00,76.87303094708406
2016-04-07 08:50:00,77.34313319981423
2016-04-07 08:51:00,76.2396187714689
2016-04-07 08:52:00,76.90050549007984
2016-04-07 08:53:00,75.88241654850526
2016-04-07 08:54:00,75.97632458267539
2016-04-07 08:55:00,77.27628629954397
2016-04-07 08:56:00,76.45694253140809
2016-04-07 08:57:00,76.23960358213347
2016-04-07 08:58:00,77.20690813018399
2016-04-07 08:59:00,78.22778372758386
2016-04-07 09:00:00,79.42677787062166
2016-04-07 09:01:00,81.10582231205825
2016-04-07 09:02:00,77.75696283402718
2016-04-07 09:03:00,74.0795956479802
2016-04-07 09:04:00,73.50958539445936
2016-04-07 09:05:00,77.42373052205176
2016-04-07 09:06:00,76.3869847871496
2016-04-07 09:07:00,77.65504459308806
2016-04-07 09:08:00,76.71260612073112
2016-04-07 09:09:00,74.59164792413011
2016-04-07 09:10:00,73.56844038208169
2016-04-07 09:11:00,75.30281934249325
2016-04-07 09:12:00,75.02443900388405
2016-04-07 09:13:00,74.95426429413499
2016-04-07 09:14:00,75.24086004317576
2016-04-07 09:15:00,75.9839412424493
2016-04-07 09:16:00,75.00708284352142
2016-04-07 09:17:00,74.23476416955614
2016-04-07 09:18:00,76.19162498927304
2016-04-07 09:19:00,78.44067860809292
2016-04-07 09:20:00,75.15174195824939
2016-04-07 09:21:00,74.93026549599826
2016-04-07 09:22:00,74.45463101566517
2016-04-07 09:23:00,75.09847592780783
2016-04-07 09:24:00,75.6407299230144
2016-04-07 09:25:00,75.09126157731573
2016-04-07 09:26:00,76.03822153407424
2016-04-07 09:27:00,76.0087432795699
2016-04-07 09:28:00,75.18822939339243
2016-04-07 09:29:00,74.44275170481693
2016-04-07 09:30:00,74.57385180273111
2016-04-07 09:31:00,75.75459309608016
2016-04-07 09:32:00,76.10715963599397
2016-04-07 09:33:00,77.59393589263061
2016-04-07 09:34:00,77.53679593036274
2016-04-07 09:35:00,76.99167683156104
2016-04-07 09:36:00,77.44282727789827
2016-04-07 09:37:00,80.64348276910496
2016-04-07 09:38:00,79.26083557011816
2016-04-07 09:39:00,76.70779447941865
2016-04-07 09:40:00,78.46188983430362
2016-04-07 09:41:00,78.79334222769567
2016-04-07 09:42:00,79.31481611801807
2016-04-07 09:43:00,77.53158862359173
2016-04-07 09:44:00,77.47956709439629
2016-04-07 09:45:00,77.76688231123715
2016-04-07 09:46:00,78.47320630108808
2016-04-07 09:47:00,77.22116253133602
2016-04-07 09:48:00,78.69931667128711
2016-04-07 09:49:00,78.20753130945864
2016-04-07 09:50:00,76.79554446314334
2016-04-07 09:51:00,78.11293874069736
2016-04-07 09:52:00,76.78248089851776
2016-04-07 09:53:00,75.64131689034755
2016-04-07 09:54:00,76.83743386243385
2016-04-07 09:55:00,76.41522092708051
2016-04-07 09:56:00,76.32810356948288
2016-04-07 09:57:00,75.02730288345195
2016-04-07 09:58:00,76.39585034013605
2016-04-07 09:59:00,79.83510874896503
2016-04-07 10:00:00,80.76650312650312
2016-04-07 10:01:00,79.14673033356664
2016-04-07 10:02:00,79.97678875655834
2016-04-07 10:03:00,102.42857142857143
2016-04-07 10:04:00,99.41176470588235
2016-04-07 10:05:00,81.42857142857143
2016-04-07 10:06:00,73.75862068965517
2016-04-07 10:07:00,82.0
2016-04-07 10:08:00,77.0909090909091
2016-04-07 10:09:00,71.46666666666667
2016-04-07 10:10:00,71.6
2016-04-07 10:11:00,71.96428571428571
2016-04-07 10:12:00,72.29166666666667
2016-04-07 10:13:00,72.47826086956522
2016-04-07 10:14:00,74.64
2016-04-07 10:15:00,75.88461538461539
2016-04-07 10:16:00,71.58064516129032
2016-04-07 10:17:00,68.38461538461539
2016-04-07 10:18:00,68.88
2016-04-07 10:19:00,76.3225806451613
2016-04-07 10:20:00,72.92307692307692
2016-04-07 10:21:00,73.55555555555556
2016-04-07 10:22:00,75.9
2016-04-07 10:23:00,77.5
2016-04-07 10:24:00,78.81818181818181
2016-04-07 10:25:00,76.83333333333333
2016-04-07 10:26:00,73.48
2016-04-07 10:27:00,69.33333333333333
2016-04-07 10:28:00,76.14814814814815
2016-04-07 10:29:00,78.625
2016-04-07 10:30:00,82.63636363636364
2016-04-07 10:31:00,77.5
2016-04-07 10:32:00,73.67857142857143
2016-04-07 10:33:00,78.21428571428571
2016-04-07 10:34:00,70.3076923076923
2016-04-07 10:35:00,72.3103448275862
2016-04-07 10:36:00,77.96153846153847
2016-04-07 10:37:00,68.55555555555556
2016-04-07 10:38:00,67.0
2016-04-07 10:39:00,73.36363636363636
2016-04-07 10:40:00,75.66666666666667
2016-04-07 10:41:00,79.08333333333333
2016-04-07 10:42:00,70.63333333333334
2016-04-07 10:43:00,68.125
2016-04-07 10:44:00,84.28
2016-04-07 10:45:00,84.31818181818181
2016-04-07 10:46:00,75.125
2016-04-07 10:47:00,75.0
2016-04-07 10:48:00,75.0
2016-04-07 10:49:00,74.85714285714286
2016-04-07 10:50:00,75.28571428571429
2016-04-07 10:51:00,67.4
2016-04-07 10:52:00,62.833333333333336
2016-04-07 10:53:00,67.64
2016-04-07 10:54:00,75.75
2016-04-07 10:55:00,75.28
2016-04-07 10:56:00,73.75
2016-04-07 10:57:00,68.51851851851852
2016-04-07 10:58:00,70.52
2016-04-07 10:59:00,71.6086956521739
2016-04-07 11:00:00,69.47826086956522
2016-04-07 11:01:00,71.0909090909091
2016-04-07 11:02:00,75.27586206896552
2016-04-07 11:03:00,67.26086956521739
2016-04-07 11:04:00,68.48
2016-04-07 11:05:00,76.81818181818181
2016-04-07 11:06:00,82.16666666666667
2016-04-07 11:07:00,83.95454545454545
2016-04-07 11:08:00,81.81818181818181
2016-04-07 11:09:00,80.0
2016-04-07 11:10:00,85.625
2016-04-07 11:11:00,86.6086956521739
2016-04-07 11:12:00,81.42307692307692
2016-04-07 11:13:00,77.8
2016-04-07 11:14:00,84.57692307692308
2016-04-07 11:15:00,82.0
2016-04-07 11:16:00,84.0
2016-04-07 11:17:00,85.70833333333333
2016-04-07 11:18:00,84.57142857142857
2016-04-07 11:19:00,85.84
2016-04-07 11:20:00,87.37037037037037
2016-04-07 11:21:00,90.92
2016-04-07 11:22:00,91.22727272727273
2016-04-07 11:23:00,87.43478260869566
2016-04-07 11:24:00,87.47826086956522
2016-04-07 11:25:00,86.16666666666667
2016-04-07 11:26:00,84.34782608695652
2016-04-07 11:27:00,90.36
2016-04-07 11:28:00,91.9090909090909
2016-04-07 11:29:00,88.76
2016-04-07 11:30:00,94.25
2016-04-07 11:31:00,85.53571428571429
2016-04-07 11:32:00,80.33333333333333
2016-04-07 11:33:00,84.73333333333333
2016-04-07 11:34:00,89.71875
2016-04-07 11:35:00,87.04166666666667
2016-04-07 11:36:00,87.81481481481481
2016-04-07 11:37:00,86.53846153846153
2016-04-07 11:38:00,84.8076923076923
2016-04-07 11:39:00,80.95652173913044
2016-04-07 11:40:00,83.36363636363636
2016-04-07 11:41:00,84.67857142857143
2016-04-07 11:42:00,84.82608695652173
2016-04-07 11:43:00,88.83333333333333
2016-04-07 11:44:00,88.74193548387096
2016-04-07 11:45:00,90.76666666666667
2016-04-07 11:46:00,93.24
2016-04-07 11:47:00,96.26086956521739
2016-04-07 11:48:00,95.26666666666667
2016-04-07 11:49:00,95.38461538461539
2016-04-07 11:50:00,97.0
2016-04-07 11:51:00,95.82142857142857
2016-04-07 11:52:00,93.0
2016-04-07 11:53:00,90.61290322580645
2016-04-07 11:54:00,92.46875
2016-04-07 11:55:00,93.39285714285714
2016-04-07 11:56:00,96.08695652173913
2016-04-07 11:57:00,86.91666666666667
2016-04-07 11:58:00,89.3076923076923
2016-04-07 11:59:00,93.72413793103448
2016-04-07 12:00:00,87.65217391304348
2016-04-07 12:01:00,96.64
2016-04-07 12:02:00,106.64516129032258
2016-04-07 12:03:00,90.29032258064517
2016-04-07 12:04:00,93.60714285714286
2016-04-07 12:05:00,89.55172413793103
2016-04-07 12:06:00,92.75
2016-04-07 12:07:00,92.85185185185185
2016-04-07 12:08:00,92.53846153846153
2016-04-07 12:09:00,93.125
2016-04-07 12:10:00,94.57142857142857
2016-04-07 12:11:00,95.2
2016-04-07 12:12:00,94.44444444444444
2016-04-07 12:13:00,95.875
2016-04-07 12:14:00,95.20833333333333
2016-04-07 12:15:00,94.48
2016-04-07 12:16:00,95.78378378378379
2016-04-07 12:17:00,91.37931034482759
2016-04-07 12:18:00,94.04166666666667
2016-04-07 12:19:00,93.6774193548387
2016-04-07 12:20:00,93.33333333333333
2016-04-07 12:21:00,93.4
2016-04-07 12:22:00,91.85185185185185
2016-04-07 12:23:00,93.26086956521739
2016-04-07 12:24:00,92.5
2016-04-07 12:25:00,90.91666666666667
2016-04-07 12:26:00,90.46153846153847
2016-04-07 12:27:00,97.38709677419355
2016-04-07 12:28:00,88.03030303030303
2016-04-07 12:29:00,81.03703703703704
2016-04-07 12:30:00,76.70370370370371
2016-04-07 12:31:00,77.6
2016-04-07 12:32:00,79.95652173913044
2016-04-07 12:33:00,81.25
2016-04-07 12:34:00,81.58620689655173
2016-04-07 12:35:00,76.65517241379311
2016-04-07 12:36:00,79.28
2016-04-07 12:37:00,80.15625
2016-04-07 12:38:00,92.5
2016-04-07 12:39:00,77.48571428571428
2016-04-07 12:40:00,75.2
2016-04-07 12:41:00,77.0
2016-04-07 12:42:00,83.0
2016-04-07 12:43:00,84.0
2016-04-07 12:44:00,87.91666666666667
2016-04-07 12:45:00,89.77272727272727
2016-04-07 12:46:00,86.8076923076923
2016-04-07 12:47:00,87.77777777777777
2016-04-07 12:48:00,86.75
2016-04-07 12:49:00,89.88888888888889
2016-04-07 12:50:00,86.08333333333333
2016-04-07 12:51:00,81.04
2016-04-07 12:52:00,82.34482758620689
2016-04-07 12:53:00,80.88461538461539
2016-04-07 12:54:00,85.36
2016-04-07 12:55:00,86.51851851851852
2016-04-07 12:56:00,90.36363636363636
2016-04-07 12:57:00,91.0
2016-04-07 12:58:00,90.21875
2016-04-07 12:59:00,90.07142857142857
2016-04-07 13:00:00,90.47826086956522
2016-04-07 13:01:00,87.61538461538461
2016-04-07 13:02:00,82.48387096774194
2016-04-07 13:03:00,77.09677419354838
2016-04-07 13:04:00,85.16
2016-04-07 13:05:00,83.5
2016-04-07 13:06:00,78.07142857142857
2016-04-07 13:07:00,77.48387096774194
2016-04-07 13:08:00,75.79166666666667
2016-04-07 13:09:00,77.76
2016-04-07 13:10:00,74.91666666666667
2016-04-07 13:11:00,80.02941176470588
2016-04-07 13:12:00,78.57692307692308
2016-04-07 13:13:00,78.1923076923077
2016-04-07 13:14:00,81.84
2016-04-07 13:15:00,80.0
2016-04-07 13:16:00,80.1
2016-04-07 13:17:00,77.80555555555556
2016-04-07 13:18:00,79.16129032258064
2016-04-07 13:19:00,80.64285714285714
2016-04-07 13:20:00,82.96428571428571
2016-04-07 13:21:00,87.16666666666667
2016-04-07 13:22:00,85.34615384615384
2016-04-07 13:23:00,88.65625
2016-04-07 13:24:00,83.96774193548387
2016-04-07 13:25:00,92.63636363636364
2016-04-07 13:26:00,96.25
2016-04-07 13:27:00,89.86486486486487
2016-04-07 13:28:00,87.84
2016-04-07 13:29:00,85.26923076923077
2016-04-07 13:30:00,78.26086956521739
2016-04-07 13:31:00,74.17391304347827
2016-04-07 13:32:00,73.3
2016-04-07 13:33:00,72.29166666666667
2016-04-07 13:34:00,80.0
2016-04-07 13:35:00,85.76
2016-04-07 13:36:00,85.47826086956522
2016-04-07 13:37:00,80.875
2016-04-07 13:38:00,80.5
2016-04-07 13:39:00,81.8
2016-04-07 13:40:00,84.31818181818181
2016-04-07 13:41:00,82.9047619047619
2016-04-07 13:42:00,82.63636363636364
2016-04-07 13:43:00,83.30434782608695
2016-04-07 13:44:00,83.76190476190476
2016-04-07 13:45:00,84.57142857142857
2016-04-07 13:46:00,87.23809523809524
2016-04-07 13:47:00,87.8695652173913
2016-04-07 13:48:00,87.65217391304348
2016-04-07 13:49:00,88.36
2016-04-07 13:50:00,92.51851851851852
2016-04-07 13:51:00,92.84615384615384
2016-04-07 13:52:00,90.54166666666667
2016-04-07 13:53:00,93.73076923076923
2016-04-07 13:54:00,93.75862068965517
2016-04-07 13:55:00,85.86666666666666
2016-04-07 13:56:00,84.10344827586206
2016-04-07 13:57:00,85.41935483870968
2016-04-07 13:58:00,87.8
2016-04-07 13:59:00,95.74074074074075
2016-04-07 14:00:00,88.10344827586206
2016-04-07 14:01:00,92.03225806451613
2016-04-07 14:02:00,88.75
2016-04-07 14:03:00,87.4090909090909
2016-04-07 14:04:00,86.18181818181819
2016-04-07 14:05:00,87.0
2016-04-07 14:06:00,86.30434782608695
2016-04-07 14:07:00,91.5
2016-04-07 14:08:00,97.13793103448276
2016-04-07 14:09:00,92.38461538461539
2016-04-07 14:10:00,87.0
2016-04-07 14:11:00,89.8125
2016-04-07 14:12:00,93.51851851851852
2016-04-07 14:13:00,88.60714285714286
2016-04-07 14:14:00,87.39285714285714
2016-04-07 14:15:00,85.96
2016-04-07 14:16:00,85.8
2016-04-07 14:17:00,85.16
2016-04-07 14:18:00,83.23076923076923
2016-04-07 14:19:00,98.72
2016-04-07 14:20:00,95.875
2016-04-07 14:21:00,85.46428571428571
2016-04-07 14:22:00,84.5909090909091
2016-04-07 14:23:00,83.0
2016-04-07 14:24:00,83.3913043478261
2016-04-07 14:25:00,87.95652173913044
2016-04-07 14:26:00,77.66666666666667
2016-04-07 14:27:00,74.31818181818181
2016-04-07 14:28:00,86.70967741935483
2016-04-07 14:29:00,104.0
2016-04-07 14:30:00,95.73076923076923
2016-04-07 14:31:00,100.74193548387096
2016-04-07 14:32:00,89.3103448275862
2016-04-07 14:33:00,86.84615384615384
2016-04-07 14:34:00,90.25
2016-04-07 14:35:00,84.62962962962963
2016-04-07 14:36:00,83.5909090909091
2016-04-07 14:37:00,83.13636363636364
2016-04-07 14:38:00,83.36363636363636
2016-04-07 14:39:00,81.07692307692308
2016-04-07 14:40:00,85.34782608695652
2016-04-07 14:41:00,92.88
2016-04-07 14:42:00,97.3076923076923
2016-04-07 14:43:00,90.65384615384616
2016-04-07 14:44:00,62.666666666666664
2016-04-07 14:45:00,63.035714285714285
2016-04-07 14:46:00,82.875
2016-04-07 14:47:00,96.76
2016-04-07 14:48:00,94.69565217391305
2016-04-07 14:49:00,92.47826086956522
2016-04-07 14:50:00,85.10714285714286
2016-04-07 14:51:00,96.08823529411765
2016-04-07 14:52:00,96.78571428571429
2016-04-07 14:53:00,91.73076923076923
2016-04-07 14:54:00,91.56
2016-04-07 14:55:00,90.5909090909091
2016-04-07 14:56:00,91.29166666666667
2016-04-07 14:57:00,88.55172413793103
2016-04-07 14:58:00,86.27586206896552
2016-04-07 14:59:00,75.4
2016-04-07 15:00:00,75.5
2016-04-07 15:01:00,77.76666666666667
2016-04-07 15:02:00,79.03333333333333
2016-04-07 15:03:00,81.6470588235294
2016-04-07 15:04:00,88.4
2016-04-07 15:05:00,87.15384615384616
2016-04-07 15:06:00,84.375
2016-04-07 15:07:00,82.96
2016-04-07 15:08:00,89.90322580645162
2016-04-07 15:09:00,96.11538461538461
2016-04-07 15:10:00,104.38461538461539
2016-04-07 15:11:00,88.10344827586206
2016-04-07 15:12:00,91.0
2016-04-07 15:13:00,95.5
2016-04-07 15:14:00,92.28
2016-04-07 15:15:00,96.52
2016-04-07 15:16:00,92.33333333333333
2016-04-07 15:17:00,96.55172413793103
2016-04-07 15:18:00,88.65217391304348
2016-04-07 15:19:00,85.5
2016-04-07 15:20:00,94.75
2016-04-07 15:21:00,102.0
2016-04-07 15:22:00,97.37931034482759
2016-04-07 15:23:00,98.69444444444444
2016-04-07 15:24:00,107.21428571428571
2016-04-07 15:25:00,104.33333333333333
2016-04-07 15:26:00,90.88461538461539
2016-04-07 15:27:00,86.81818181818181
2016-04-07 15:28:00,92.29629629629629
2016-04-07 15:29:00,98.04545454545455
2016-04-07 15:30:00,98.78260869565217
2016-04-07 15:31:00,97.5
2016-04-07 15:32:00,93.95238095238095
2016-04-07 15:33:00,91.95238095238095
2016-04-07 15:34:00,87.125
2016-04-07 15:35:00,90.28571428571429
2016-04-07 15:36:00,90.65217391304348
2016-04-07 15:37:00,90.89285714285714
2016-04-07 15:38:00,90.0
2016-04-07 15:39:00,93.8076923076923
2016-04-07 15:40:00,91.0
2016-04-07 15:41:00,92.70833333333333
2016-04-07 15:42:00,94.84
2016-04-07 15:43:00,96.96153846153847
2016-04-07 15:44:00,97.65384615384616
2016-04-07 15:45:00,98.95833333333333
2016-04-07 15:46:00,101.31818181818181
2016-04-07 15:47:00,98.39285714285714
2016-04-07 15:48:00,92.96296296296296
2016-04-07 15:49:00,92.64
2016-04-07 15:50:00,91.8695652173913
2016-04-07 15:51:00,91.56521739130434
2016-04-07 15:52:00,89.92592592592592
2016-04-07 15:53:00,91.72727272727273
2016-04-07 15:54:00,92.54545454545455
2016-04-07 15:55:00,91.69565217391305
2016-04-07 15:56:00,89.6086956521739
2016-04-07 15:57:00,87.83333333333333
2016-04-07 15:58:00,89.08
2016-04-07 15:59:00,90.29166666666667
2016-04-07 16:00:00,90.0952380952381
2016-04-07 16:01:00,89.68181818181819
2016-04-07 16:02:00,89.0
2016-04-07 16:03:00,90.73076923076923
2016-04-07 16:04:00,95.0
2016-04-07 16:05:00,86.65625
2016-04-07 16:06:00,84.95652173913044
2016-04-07 16:07:00,90.15384615384616
2016-04-07 16:08:00,89.76923076923077
2016-04-07 16:09:00,83.73333333333333
2016-04-07 16:10:00,87.71428571428571
2016-04-07 16:11:00,85.64516129032258
2016-04-07 16:12:00,86.04347826086956
2016-04-07 16:13:00,88.6
2016-04-07 16:14:00,85.0
2016-04-07 16:15:00,82.16666666666667
2016-04-07 16:16:00,80.28571428571429
2016-04-07 16:17:00,86.27272727272727
2016-04-07 16:18:00,87.0
2016-04-07 16:19:00,87.27272727272727
2016-04-07 16:20:00,86.13793103448276
2016-04-07 16:21:00,84.4
2016-04-07 16:22:00,85.34615384615384
2016-04-07 16:23:00,92.70370370370371
2016-04-07 16:24:00,87.36
2016-04-07 16:25:00,86.80952380952381
2016-04-07 16:26:00,89.0
2016-04-07 16:27:00,92.44444444444444
2016-04-07 16:28:00,97.61904761904762
2016-04-07 16:29:00,93.41666666666667
2016-04-07 16:30:00,88.82608695652173
2016-04-07 16:31:00,86.69565217391305
2016-04-07 16:32:00,89.25
2016-04-07 16:33:00,90.25
2016-04-07 16:34:00,86.78260869565217
2016-04-07 16:35:00,84.18181818181819
2016-04-07 16:36:00,86.63636363636364
2016-04-07 16:37:00,92.21739130434783
2016-04-07 16:38:00,95.91666666666667
2016-04-07 16:39:00,101.33333333333333
2016-04-07 16:40:00,92.39473684210526
2016-04-07 16:41:00,83.25806451612904
2016-04-07 16:42:00,86.11111111111111
2016-04-07 16:43:00,91.125
2016-04-07 16:44:00,89.58333333333333
2016-04-07 16:45:00,95.92
2016-04-07 16:46:00,97.4
2016-04-07 16:47:00,95.45833333333333
2016-04-07 16:48:00,97.44827586206897
2016-04-07 16:49:00,99.71875
2016-04-07 16:50:00,99.57142857142857
2016-04-07 16:51:00,99.3076923076923
2016-04-07 16:52:00,103.28571428571429
2016-04-07 16:53:00,102.47222222222223
2016-04-07 16:54:00,103.11111111111111
2016-04-07 16:55:00,101.67647058823529
2016-04-07 16:56:00,113.76
2016-04-07 16:57:00,111.08
2016-04-07 16:58:00,97.91666666666667
2016-04-07 16:59:00,100.17241379310344
2016-04-07 17:00:00,103.18181818181819
2016-04-07 17:01:00,102.5
2016-04-07 17:02:00,99.85185185185185
2016-04-07 17:03:00,102.26923076923077
2016-04-07 17:04:00,95.54166666666667
2016-04-07 17:05:00,99.70833333333333
2016-04-07 17:06:00,100.25
2016-04-07 17:07:00,97.53846153846153
2016-04-07 17:08:00,112.3076923076923
2016-04-07 17:09:00,113.21212121212122
2016-04-07 17:10:00,109.88
2016-04-07 17:11:00,101.96969696969697
2016-04-07 17:12:00,97.65625
2016-04-07 17:13:00,100.13333333333334
2016-04-07 17:14:00,104.8
2016-04-07 17:15:00,108.16666666666667
2016-04-07 17:16:00,100.25
2016-04-07 17:17:00,93.48
2016-04-07 17:18:00,92.55882352941177
2016-04-07 17:19:00,89.45833333333333
2016-04-07 17:20:00,85.125
2016-04-07 17:21:00,83.41666666666667
2016-04-07 17:22:00,87.625
2016-04-07 17:23:00,88.58333333333333
2016-04-07 17:24:00,93.1304347826087
2016-04-07 17:25:00,91.16
2016-04-07 17:26:00,84.6969696969697
2016-04-07 17:27:00,86.03448275862068
2016-04-07 17:28:00,92.68
2016-04-07 17:29:00,90.3103448275862
2016-04-07 17:30:00,89.92
2016-04-07 17:31:00,91.26923076923077
2016-04-07 17:32:00,88.65217391304348
2016-04-07 17:33:00,87.5
2016-04-07 17:34:00,89.16666666666667
2016-04-07 17:35:00,90.20833333333333
2016-04-07 17:36:00,93.68
2016-04-07 17:37:00,87.37037037037037
2016-04-07 17:38:00,91.88888888888889
2016-04-07 17:39:00,84.47058823529412
2016-04-07 17:40:00,87.42307692307692
2016-04-07 17:41:00,88.76
2016-04-07 17:42:00,92.16
2016-04-07 17:43:00,90.18181818181819
2016-04-07 17:44:00,90.95454545454545
2016-04-07 17:45:00,92.56521739130434
2016-04-07 17:46:00,92.71428571428571
2016-04-07 17:47:00,95.04166666666667
2016-04-07 17:48:00,92.96
2016-04-07 17:49:00,89.15384615384616
2016-04-07 17:50:00,93.14285714285714
2016-04-07 17:51:00,96.88888888888889
2016-04-07 17:52:00,87.875
2016-04-07 17:53:00,87.625
2016-04-07 17:54:00,85.92307692307692
2016-04-07 17:55:00,85.48148148148148
2016-04-07 17:56:00,87.7
2016-04-07 17:57:00,87.78571428571429
2016-04-07 17:58:00,85.375
2016-04-07 17:59:00,83.95652173913044
2016-04-07 18:00:00,79.8695652173913
2016-04-07 18:01:00,80.04761904761905
2016-04-07 18:02:00,92.53571428571429
2016-04-07 18:03:00,95.56
2016-04-07 18:04:00,99.48484848484848
2016-04-07 18:05:00,95.37931034482759
2016-04-07 18:06:00,101.78787878787878
2016-04-07 18:07:00,97.64
2016-04-07 18:08:00,92.0
2016-04-07 18:09:00,92.5
2016-04-07 18:10:00,89.52173913043478
2016-04-07 18:11:00,92.64
2016-04-07 18:12:00,91.76
2016-04-07 18:13:00,95.32142857142857
2016-04-07 18:14:00,92.23076923076923
2016-04-07 18:15:00,82.04
2016-04-07 18:16:00,79.92307692307692
2016-04-07 18:17:00,81.35714285714286
2016-04-07 18:18:00,85.33333333333333
2016-04-07 18:19:00,88.79166666666667
2016-04-07 18:20:00,86.73076923076923
2016-04-07 18:21:00,81.07142857142857
2016-04-07 18:22:00,79.15384615384616
2016-04-07 18:23:00,78.75
2016-04-07 18:24:00,80.46153846153847
2016-04-07 18:25:00,81.53571428571429
2016-04-07 18:26:00,81.38461538461539
2016-04-07 18:27:00,85.625
2016-04-07 18:28:00,85.82142857142857
2016-04-07 18:29:00,84.96153846153847
2016-04-07 18:30:00,76.62068965517241
2016-04-07 18:31:00,76.82142857142857
2016-04-07 18:32:00,76.54545454545455
2016-04-07 18:33:00,77.47619047619048
2016-04-07 18:34:00,83.56
2016-04-07 18:35:00,81.86666666666666
2016-04-07 18:36:00,83.4074074074074
2016-04-07 18:37:00,93.17647058823529
2016-04-07 18:38:00,101.14285714285714
2016-04-07 18:39:00,101.54545454545455
2016-04-07 18:40:00,97.42307692307692
2016-04-07 18:41:00,95.72222222222223
2016-04-07 18:42:00,100.72
2016-04-07 18:43:00,100.36363636363636
2016-04-07 18:44:00,99.6
2016-04-07 18:45:00,99.80645161290323
2016-04-07 18:46:00,90.25
2016-04-07 18:47:00,98.6
2016-04-07 18:48:00,95.97435897435898
2016-04-07 18:49:00,111.86666666666666
2016-04-07 18:50:00,111.04545454545455
2016-04-07 18:51:00,109.0
2016-04-07 18:52:00,104.26923076923077
2016-04-07 18:53:00,97.36
2016-04-07 18:54:00,94.95454545454545
2016-04-07 18:55:00,95.45833333333333
2016-04-07 18:56:00,91.8
2016-04-07 18:57:00,93.1923076923077
2016-04-07 18:58:00,99.76
2016-04-07 18:59:00,99.67647058823529
2016-04-07 19:00:00,104.1304347826087
2016-04-07 19:01:00,101.96153846153847
2016-04-07 19:02:00,93.45454545454545
2016-04-07 19:03:00,84.57142857142857
2016-04-07 19:04:00,87.16666666666667
2016-04-07 19:05:00,90.5
2016-04-07 19:06:00,87.37931034482759
2016-04-07 19:07:00,89.08695652173913
2016-04-07 19:08:00,87.03571428571429
2016-04-07 19:09:00,90.4
2016-04-07 19:10:00,85.83333333333333
2016-04-07 19:11:00,87.86666666666666
2016-04-07 19:12:00,89.57692307692308
2016-04-07 19:13:00,90.79166666666667
2016-04-07 19:14:00,87.5925925925926
2016-04-07 19:15:00,84.24
2016-04-07 19:16:00,87.25925925925925
2016-04-07 19:17:00,93.29629629629629
2016-04-07 19:18:00,91.875
2016-04-07 19:19:00,83.55555555555556
2016-04-07 19:20:00,82.64
2016-04-07 19:21:00,84.04347826086956
2016-04-07 19:22:00,83.29629629629629
2016-04-07 19:23:00,82.14285714285714
2016-04-07 19:24:00,82.95238095238095
2016-04-07 19:25:00,83.95238095238095
2016-04-07 19:26:00,86.52173913043478
2016-04-07 19:27:00,90.70370370370371
2016-04-07 19:28:00,93.68181818181819
2016-04-07 19:29:00,92.5909090909091
2016-04-07 19:30:00,91.69565217391305
2016-04-07 19:31:00,91.1304347826087
2016-04-07 19:32:00,89.9047619047619
2016-04-07 19:33:00,88.45833333333333
2016-04-07 19:34:00,94.44444444444444
2016-04-07 19:35:00,96.6086956521739
2016-04-07 19:36:00,90.17241379310344
2016-04-07 19:37:00,88.22222222222223
2016-04-07 19:38:00,91.82608695652173
2016-04-07 19:39:00,89.70833333333333
2016-04-07 19:40:00,94.28
2016-04-07 19:41:00,91.52173913043478
2016-04-07 19:42:00,90.8
2016-04-07 19:43:00,91.07142857142857
2016-04-07 19:44:00,87.62068965517241
2016-04-07 19:45:00,88.21428571428571
2016-04-07 19:46:00,91.16666666666667
2016-04-07 19:47:00,89.78125
2016-04-07 19:48:00,90.0
2016-04-07 19:49:00,92.23076923076923
2016-04-07 19:50:00,91.19047619047619
2016-04-07 19:51:00,90.37037037037037
2016-04-07 19:52:00,94.88
2016-04-07 19:53:00,86.85714285714286
2016-04-07 19:54:00,83.3
2016-04-07 19:55:00,86.25925925925925
2016-04-07 19:56:00,92.53333333333333
2016-04-07 19:57:00,91.70588235294117
2016-04-07 19:58:00,93.29629629629629
2016-04-07 19:59:00,88.38095238095238
2016-04-07 20:00:00,85.31818181818181
2016-04-07 20:01:00,84.63636363636364
2016-04-07 20:02:00,92.51724137931035
2016-04-07 20:03:00,93.71428571428571
2016-04-07 20:04:00,87.57692307692308
2016-04-07 20:05:00,93.27586206896552
2016-04-07 20:06:00,96.09375
2016-04-07 20:07:00,91.75
2016-04-07 20:08:00,83.41935483870968
2016-04-07 20:09:00,85.0
2016-04-07 20:10:00,85.0
2016-04-07 20:11:00,84.26086956521739
2016-04-07 20:12:00,81.21739130434783
2016-04-07 20:13:00,80.19047619047619
2016-04-07 20:14:00,80.75
2016-04-07 20:15:00,81.42857142857143
2016-04-07 20:16:00,89.15384615384616
2016-04-07 20:17:00,92.9090909090909
2016-04-07 20:18:00,94.28571428571429
2016-04-07 20:19:00,95.6
2016-04-07 20:20:00,95.13333333333334
2016-04-07 20:21:00,69.35714285714286
2016-04-07 20:22:00,84.0
2016-04-07 20:23:00,94.6896551724138
2016-04-07 20:24:00,93.46666666666667
2016-04-07 20:25:00,90.66666666666667
2016-04-07 20:26:00,91.68
2016-04-07 20:27:00,93.46666666666667
2016-04-07 20:28:00,96.55555555555556
2016-04-07 20:29:00,93.08
2016-04-07 20:30:00,83.54166666666667
2016-04-07 20:31:00,84.0
2016-04-07 20:32:00,93.91666666666667
2016-04-07 20:33:00,90.67857142857143
2016-04-07 20:34:00,89.82142857142857
2016-04-07 20:35:00,83.48148148148148
2016-04-07 20:36:00,79.14285714285714
2016-04-07 20:37:00,81.04347826086956
2016-04-07 20:38:00,86.84
2016-04-07 20:39:00,95.71875
2016-04-07 20:40:00,97.62962962962963
2016-04-07 20:41:00,88.63333333333334
2016-04-07 20:42:00,85.20833333333333
2016-04-07 20:43:00,89.44117647058823
2016-04-07 20:44:00,97.37931034482759
2016-04-07 20:45:00,100.26666666666667
2016-04-07 20:46:00,99.72413793103448
2016-04-07 20:47:00,100.48387096774194
2016-04-07 20:48:00,101.34615384615384
2016-04-07 20:49:00,91.5925925925926
2016-04-07 20:50:00,81.24137931034483
2016-04-07 20:51:00,93.0
2016-04-07 20:52:00,90.73333333333333
2016-04-07 20:53:00,92.48
2016-04-07 20:54:00,82.92307692307692
2016-04-07 20:55:00,81.29166666666667
2016-04-07 20:56:00,78.88461538461539
2016-04-07 20:57:00,78.33333333333333
2016-04-07 20:58:00,84.88888888888889
2016-04-07 20:59:00,97.96
2016-04-07 21:00:00,98.04545454545455
2016-04-07 21:01:00,96.85185185185185
2016-04-07 21:02:00,97.55555555555556
2016-04-07 21:03:00,90.28
2016-04-07 21:04:00,85.48
2016-04-07 21:05:00,84.64285714285714
2016-04-07 21:06:00,80.91666666666667
2016-04-07 21:07:00,82.14285714285714
2016-04-07 21:08:00,92.1875
2016-04-07 21:09:00,94.18518518518519
2016-04-07 21:10:00,88.68
2016-04-07 21:11:00,89.41379310344827
2016-04-07 21:12:00,95.57575757575758
2016-04-07 21:13:00,93.66666666666667
2016-04-07 21:14:00,91.61538461538461
2016-04-07 21:15:00,89.89655172413794
2016-04-07 21:16:00,97.18518518518519
2016-04-07 21:17:00,92.9375
2016-04-07 21:18:00,89.6995796267225
2016-04-07 21:19:00,90.16768630364375
2016-04-07 21:20:00,91.09821379092101
2016-04-07 21:21:00,91.62071262071262
2016-04-07 21:22:00,90.98232651462465
2016-04-07 21:23:00,70.33333333333333
2016-04-07 21:24:00,80.18181818181819
2016-04-07 21:25:00,81.0
2016-04-07 21:26:00,81.0
2016-04-07 21:27:00,81.0
2016-04-07 21:28:00,81.0
2016-04-07 21:29:00,89.07664294517743
2016-04-07 21:30:00,91.91549839327648
2016-04-07 21:31:00,92.10054384229797
2016-04-07 21:32:00,91.78599210495763
2016-04-07 21:33:00,90.26416849474353
2016-04-07 21:34:00,89.30276823281908
2016-04-07 21:35:00,70.0
2016-04-07 21:36:00,70.0
2016-04-07 21:37:00,70.0
2016-04-07 21:38:00,70.0
2016-04-07 21:39:00,70.0
2016-04-07 21:40:00,85.27203819989533
2016-04-07 21:41:00,84.65853194424622
2016-04-07 21:42:00,84.10727763535617
2016-04-07 21:43:00,64.66666666666667
2016-04-07 21:44:00,64.0
2016-04-07 21:45:00,64.0
2016-04-07 21:46:00,60.0
2016-04-07 21:47:00,56.0
2016-04-07 21:48:00,57.68181818181818
2016-04-07 21:49:00,60.0
2016-04-07 21:50:00,62.4
2016-04-07 21:51:00,92.86680625050238
2016-04-07 21:52:00,91.96390463202678
2016-04-07 21:53:00,86.09898116240157
2016-04-07 21:54:00,85.89533662551841
2016-04-07 21:55:00,85.11284794110881
2016-04-07 21:56:00,85.02609198872786
2016-04-07 21:57:00,85.76425543542479
2016-04-07 21:58:00,84.26044607566347
2016-04-07 21:59:00,81.74669188514986
2016-04-07 22:00:00,82.46157470677055
2016-04-07 22:01:00,85.59186128526646
2016-04-07 22:02:00,85.7371555696806
2016-04-07 22:03:00,85.7181617446714
2016-04-07 22:04:00,85.68262815056691
2016-04-07 22:05:00,85.05207059011582
2016-04-07 22:06:00,83.42294453734671
2016-04-07 22:07:00,83.57990220315348
2016-04-07 22:08:00,85.67335565802958
2016-04-07 22:09:00,86.62132469885188
2016-04-07 22:10:00,87.6536924632504
2016-04-07 22:11:00,85.28152685665
2016-04-07 22:12:00,85.91861615518323
2016-04-07 22:13:00,85.24391183752357
2016-04-07 22:14:00,87.24040777945757
2016-04-07 22:15:00,86.70875778117157
2016-04-07 22:16:00,86.74011334299335
2016-04-07 22:17:00,89.95848536171117
2016-04-07 22:18:00,89.1814148584335
2016-04-07 22:19:00,89.18185425685425
2016-04-07 22:20:00,88.69660169013616
2016-04-07 22:21:00,89.2356098736346
2016-04-07 22:22:00,87.66015048830995
2016-04-07 22:23:00,88.09213348733603
2016-04-07 22:24:00,87.12727438007943
2016-04-07 22:25:00,86.929580081754
2016-04-07 22:26:00,88.50211840628508
2016-04-07 22:27:00,87.15453250453251
2016-04-07 22:28:00,88.32810256410256
2016-04-07 22:29:00,85.28599472990777
2016-04-07 22:30:00,84.34695476936857
2016-04-07 22:31:00,86.48902205788602
2016-04-07 22:32:00,84.51817391304348
2016-04-07 22:33:00,85.1638923395445
2016-04-07 22:34:00,85.14502663198314
2016-04-07 22:35:00,84.60087105165367
2016-04-07 22:36:00,84.97797162343197
2016-04-07 22:37:00,85.76245059288537
2016-04-07 22:38:00,87.99177777777778
2016-04-07 22:39:00,86.54084564860428
2016-04-07 22:40:00,81.84723253757736
2016-04-07 22:41:00,81.73115151515151
2016-04-07 22:42:00,81.56725925925926
2016-04-07 22:43:00,81.5634296400187
2016-04-07 22:44:00,80.89832298136646
2016-04-07 22:45:00,80.36383459857373
2016-04-07 22:46:00,78.39566113234591
2016-04-07 22:47:00,78.39937671024627
2016-04-07 22:48:00,77.67128270280445
2016-04-07 22:49:00,78.24836363636364
2016-04-07 22:50:00,76.9290542958186
2016-04-07 22:51:00,78.08804293634526
2016-04-07 22:52:00,81.5835
2016-04-07 22:53:00,81.88658601458602
2016-04-07 22:54:00,79.57039246984898
2016-04-07 22:55:00,77.25919169563032
2016-04-07 22:56:00,78.04747412008281
2016-04-07 22:57:00,83.09030658039279
2016-04-07 22:58:00,81.25109265734265
2016-04-07 22:59:00,80.64951085063528
2016-04-07 23:00:00,82.5917700204385
2016-04-07 23:01:00,82.29361815304469
2016-04-07 23:02:00,80.85693236714975
2016-04-07 23:03:00,79.57836244215555
2016-04-07 23:04:00,77.01370269515431
2016-04-07 23:05:00,82.75374812593704
2016-04-07 23:06:00,82.33317708861188
2016-04-07 23:07:00,76.99251207729469
2016-04-07 23:08:00,74.95255790907964
2016-04-07 23:09:00,77.15971872529344
2016-04-07 23:10:00,77.8081406248073
2016-04-07 23:11:00,78.1341770647653
2016-04-07 23:12:00,77.94777583527583
2016-04-07 23:13:00,78.6162215320911
2016-04-07 23:14:00,77.70404682274248
2016-04-07 23:15:00,76.5901130873957
2016-04-07 23:16:00,77.9336467066352
2016-04-07 23:17:00,77.45041922147901
2016-04-07 23:18:00,79.44448442445444
2016-04-07 23:19:00,79.38473990945941
2016-04-07 23:20:00,78.30172815107598
2016-04-07 23:21:00,77.7352513240919
2016-04-07 23:22:00,79.47878288378288
2016-04-07 23:23:00,77.51071914800175
2016-04-07 23:24:00,76.12574440052701
2016-04-07 23:25:00,75.69001610305958
2016-04-07 23:26:00,77.27028765920069
2016-04-07 23:27:00,77.55695985581043
2016-04-07 23:28:00,78.04401126651126
2016-04-07 23:29:00,79.20485618085618
2016-04-07 23:30:00,78.63410973084886
2016-04-07 23:31:00,82.39032634032634
2016-04-07 23:32:00,79.90619658119658
2016-04-07 23:33:00,81.31480952380953
2016-04-07 23:34:00,81.68970085470086
2016-04-07 23:35:00,78.48055531944031
2016-04-07 23:36:00,77.5901897447201
2016-04-07 23:37:00,94.0
2016-04-07 23:38:00,76.92507042774909
2016-04-07 23:39:00,81.28583333333334
2016-04-07 23:40:00,79.15460674064123
2016-04-07 23:41:00,76.53497474747475
2016-04-07 23:42:00,74.94377365163572
2016-04-07 23:43:00,77.06349206349206
2016-04-07 23:44:00,78.08613053613054
2016-04-07 23:45:00,77.22485507246377
2016-04-07 23:46:00,77.22905934343434
2016-04-07 23:47:00,74.80077294685991
2016-04-07 23:48:00,75.66050538833147
2016-04-07 23:49:00,76.21003857045837
2016-04-07 23:50:00,76.20694462542288
2016-04-07 23:51:00,73.94161200123844
2016-04-07 23:52:00,72.65561167227834
2016-04-07 23:53:00,74.53471941638608
2016-04-07 23:54:00,76.42429487179487
2016-04-07 23:55:00,76.9285113035113
2016-04-07 23:56:00,74.74048769716875
2016-04-07 23:57:00,75.06219806763285
2016-04-07 23:58:00,76.66860296513522
2016-04-07 23:59:00,76.95704106280193
2016-04-08 00:00:00,76.68005175983437
2016-04-08 00:01:00,75.95823171326795
2016-04-08 00:02:00,78.84588541425849
2016-04-08 00:03:00,79.58382067060228
2016-04-08 00:04:00,73.33333333333333
2016-04-08 00:05:00,79.22205563884724
2016-04-08 00:06:00,70.66666666666667
2016-04-08 00:07:00,78.4137707434809
2016-04-08 00:08:00,76.51594359070465
2016-04-08 00:09:00,78.2525605822445
2016-04-08 00:10:00,79.95127386703474
2016-04-08 00:11:00,79.18280113190157
2016-04-08 00:12:00,80.24576923076923
2016-04-08 00:13:00,79.00112809895418
2016-04-08 00:14:00,79.72752887295898
2016-04-08 00:15:00,81.78326449536127
2016-04-08 00:16:00,79.93277264764102
2016-04-08 00:17:00,86.23990313390314
2016-04-08 00:18:00,82.75347507564899
2016-04-08 00:19:00,83.44996286472148
2016-04-08 00:20:00,87.15389451890596
2016-04-08 00:21:00,83.35946186502709
2016-04-08 00:22:00,83.42360248447206
2016-04-08 00:23:00,81.334335839599
2016-04-08 00:24:00,84.21050175669741
2016-04-08 00:25:00,80.39694041867955
2016-04-08 00:26:00,79.26388984393434
2016-04-08 00:27:00,78.56731587909748
2016-04-08 00:28:00,77.58816734989149
2016-04-08 00:29:00,77.31376811594203
2016-04-08 00:30:00,77.0928051948052
2016-04-08 00:31:00,77.65650953984287
2016-04-08 00:32:00,76.96188311688312
2016-04-08 00:33:00,76.67234848484848
2016-04-08 00:34:00,75.17191142191142
2016-04-08 00:35:00,74.93251480320446
2016-04-08 00:36:00,75.01730158730159
2016-04-08 00:37:00,73.99636363636364
2016-04-08 00:38:00,74.4544532279315
2016-04-08 00:39:00,74.15294246815985
2016-04-08 00:40:00,73.75340631590632
2016-04-08 00:41:00,72.75630511463845
2016-04-08 00:42:00,74.45841406391278
2016-04-08 00:43:00,74.14591970121383
2016-04-08 00:44:00,71.47386083323583
2016-04-08 00:45:00,70.86285936285937
2016-04-08 00:46:00,72.35704717987328
2016-04-08 00:47:00,72.8182855121261
2016-04-08 00:48:00,73.57208552317248
2016-04-08 00:49:00,73.11990801737178
2016-04-08 00:50:00,73.01673850304284
2016-04-08 00:51:00,73.11958639186899
2016-04-08 00:52:00,73.85847312649037
2016-04-08 00:53:00,72.78232288377215
2016-04-08 00:54:00,73.02013812041162
2016-04-08 00:55:00,70.79555081863403
2016-04-08 00:56:00,70.98978393587089
2016-04-08 00:57:00,72.03928932178933
2016-04-08 00:58:00,71.62615283267458
2016-04-08 00:59:00,72.26433982683982
2016-04-08 01:00:00,72.4110726833553
2016-04-08 01:01:00,72.01422781995245
2016-04-08 01:02:00,72.0573036517964
2016-04-08 01:03:00,73.20691753929002
2016-04-08 01:04:00,71.86338340209404
2016-04-08 01:05:00,72.24648510909381
2016-04-08 01:06:00,72.20757007681404
2016-04-08 01:07:00,71.53256441970727
2016-04-08 01:08:00,71.62234673928222
2016-04-08 01:09:00,71.75784306826179
2016-04-08 01:10:00,73.00726953056146
2016-04-08 01:11:00,73.2351923076923
2016-04-08 01:12:00,71.65315962148796
2016-04-08 01:13:00,71.92318039282057
2016-04-08 01:14:00,72.84797114893388
2016-04-08 01:15:00,72.99024548950015
2016-04-08 01:16:00,74.16498964803313
2016-04-08 01:17:00,72.64835382009295
2016-04-08 01:18:00,72.25155304465649
2016-04-08 01:19:00,73.10472593338973
2016-04-08 01:20:00,73.64148920437741
2016-04-08 01:21:00,73.7684608090965
2016-04-08 01:22:00,74.47657152571598
2016-04-08 01:23:00,73.44483950228515
2016-04-08 01:24:00,72.3834150735393
2016-04-08 01:25:00,73.47435594081557
2016-04-08 01:26:00,74.29241611850307
2016-04-08 01:27:00,74.20358295599674
2016-04-08 01:28:00,72.13575798506277
2016-04-08 01:29:00,72.0300604567846
2016-04-08 01:30:00,72.09825285825285
2016-04-08 01:31:00,72.11949724993204
2016-04-08 01:32:00,72.11473544973545
2016-04-08 01:33:00,72.5358083870153
2016-04-08 01:34:00,73.97458697786183
2016-04-08 01:35:00,73.68845598845598
2016-04-08 01:36:00,72.45993991326472
2016-04-08 01:37:00,73.0541865441829
2016-04-08 01:38:00,68.58534308111948
2016-04-08 01:39:00,68.45051065911314
2016-04-08 01:40:00,67.69719339773528
2016-04-08 01:41:00,70.06953427524856
2016-04-08 01:42:00,69.06822742474917
2016-04-08 01:43:00,69.80284640558133
2016-04-08 01:44:00,69.21335403726708
2016-04-08 01:45:00,68.46086043112898
2016-04-08 01:46:00,68.12041177213591
2016-04-08 01:47:00,68.7848299319728
2016-04-08 01:48:00,68.4362987012987
2016-04-08 01:49:00,68.82633126850304
2016-04-08 01:50:00,69.06787415483068
2016-04-08 01:51:00,70.52540781969353
2016-04-08 01:52:00,68.91104867883068
2016-04-08 01:53:00,69.09132717294207
2016-04-08 01:54:00,67.54156801330714
2016-04-08 01:55:00,69.09883775644646
2016-04-08 01:56:00,68.39893896763462
2016-04-08 01:57:00,67.54357069661418
2016-04-08 01:58:00,69.21109450935538
2016-04-08 01:59:00,67.75415273132664
2016-04-08 02:00:00,69.1922995017405
2016-04-08 02:01:00,69.40637476165426
2016-04-08 02:02:00,67.88435690746036
2016-04-08 02:03:00,67.5672877846791
2016-04-08 02:04:00,66.66871135860642
2016-04-08 02:05:00,68.17127094437653
2016-04-08 02:06:00,66.61729019119356
2016-04-08 02:07:00,67.6478320852142
2016-04-08 02:08:00,68.2962146549103
2016-04-08 02:09:00,69.52171792118783
2016-04-08 02:10:00,65.56533189033189
2016-04-08 02:11:00,66.53747264123041
2016-04-08 02:12:00,66.62291817912936
2016-04-08 02:13:00,65.8977425969555
2016-04-08 02:14:00,67.58777620552608
2016-04-08 02:15:00,67.25793525315264
2016-04-08 02:16:00,66.64746718085227
2016-04-08 02:17:00,69.2936972447842
2016-04-08 02:18:00,68.3004139338922
2016-04-08 02:19:00,67.40367346938775
2016-04-08 02:20:00,68.63773896910543
2016-04-08 02:21:00,67.7642722794447
2016-04-08 02:22:00,66.21832781910743
2016-04-08 02:23:00,66.0526402743794
2016-04-08 02:24:00,65.31194805194805
2016-04-08 02:25:00,64.92503076633511
2016-04-08 02:26:00,65.67296388911295
2016-04-08 02:27:00,65.24924551638837
2016-04-08 02:28:00,66.58509163785455
2016-04-08 02:29:00,69.29244312908482
2016-04-08 02:30:00,69.17894237599708
2016-04-08 02:31:00,69.73852922439879
2016-04-08 02:32:00,68.16358221488656
2016-04-08 02:33:00,66.36371633292815
2016-04-08 02:34:00,67.68918219461698
2016-04-08 02:35:00,67.49887288694741
2016-04-08 02:36:00,68.9572801020006
2016-04-08 02:37:00,67.57688169520682
2016-04-08 02:38:00,68.22991059664973
2016-04-08 02:39:00,66.7905796205175
2016-04-08 02:40:00,66.99076053346239
2016-04-08 02:41:00,68.32927966443495
2016-04-08 02:42:00,67.62393374741201
2016-04-08 02:43:00,67.53579495039124
2016-04-08 02:44:00,68.22023257166114
2016-04-08 02:45:00,68.48364433185863
2016-04-08 02:46:00,68.86455864430619
2016-04-08 02:47:00,66.7844313557507
2016-04-08 02:48:00,65.15871693523867
2016-04-08 02:49:00,65.86809592523878
2016-04-08 02:50:00,66.95654526632788
2016-04-08 02:51:00,68.63092126433641
2016-04-08 02:52:00,69.31204807614746
2016-04-08 02:53:00,70.54673047219632
2016-04-08 02:54:00,68.13166212991415
2016-04-08 02:55:00,64.37753942592653
2016-04-08 02:56:00,66.26133235109391
2016-04-08 02:57:00,67.00546485260772
2016-04-08 02:58:00,61.453886827458255
2016-04-08 02:59:00,61.92146322736385
2016-04-08 03:00:00,62.48152261816858
2016-04-08 03:01:00,62.87550940470195
2016-04-08 03:02:00,63.040036831596936
2016-04-08 03:03:00,63.417570078597066
2016-04-08 03:04:00,63.63681292994056
2016-04-08 03:05:00,64.55161820063994
2016-04-08 03:06:00,63.44070810142239
2016-04-08 03:07:00,63.09694739784025
2016-04-08 03:08:00,62.62741008901857
2016-04-08 03:09:00,63.39368998246702
2016-04-08 03:10:00,62.119511298296906
2016-04-08 03:11:00,62.56572423435778
2016-04-08 03:12:00,63.18401944355454
2016-04-08 03:13:00,62.34264460119123
2016-04-08 03:14:00,63.23866001033702
2016-04-08 03:15:00,62.6508772257862
2016-04-08 03:16:00,62.890906906240765
2016-04-08 03:17:00,63.0708926684082
2016-04-08 03:18:00,64.0809971821225
2016-04-08 03:19:00,63.99413926229716
2016-04-08 03:20:00,63.066292486649125
2016-04-08 03:21:00,63.0805753739623
2016-04-08 03:22:00,63.23648980704453
2016-04-08 03:23:00,63.85049414210129
2016-04-08 03:24:00,62.89352038575641
2016-04-08 03:25:00,62.41933215622657
2016-04-08 03:26:00,62.52269293924467
2016-04-08 03:27:00,63.00115742457475
2016-04-08 03:28:00,64.17897170718277
2016-04-08 03:29:00,64.8480870980871
2016-04-08 03:30:00,64.89310451453308
2016-04-08 03:31:00,64.34517090052803
2016-04-08 03:32:00,62.798874458874465
2016-04-08 03:33:00,64.10419676484894
2016-04-08 03:34:00,63.24786988373945
2016-04-08 03:35:00,61.45229246943533
2016-04-08 03:36:00,62.45238095238095
2016-04-08 03:37:00,64.19221466364324
2016-04-08 03:38:00,65.36808636498077
2016-04-08 03:39:00,66.57485543442066
2016-04-08 03:40:00,68.26703550964635
2016-04-08 03:41:00,68.980910443994
2016-04-08 03:42:00,67.33037037037037
2016-04-08 03:43:00,64.4357110116774
2016-04-08 03:44:00,62.86093826696913
2016-04-08 03:45:00,62.67696791935923
2016-04-08 03:46:00,62.20625300625301
2016-04-08 03:47:00,61.943067427325296
2016-04-08 03:48:00,61.318464891446254
2016-04-08 03:49:00,60.24323011357173
2016-04-08 03:50:00,60.11231884057971
2016-04-08 03:51:00,60.58112327056426
2016-04-08 03:52:00,60.29624998879657
2016-04-08 03:53:00,60.84706276010623
2016-04-08 03:54:00,60.98980648980649
2016-04-08 03:55:00,61.28575797908096
2016-04-08 03:56:00,63.78522959183674
2016-04-08 03:57:00,61.55535294290917
2016-04-08 03:58:00,60.866301524562395
2016-04-08 03:59:00,61.63806092458266
2016-04-08 04:00:00,61.51126226341614
2016-04-08 04:01:00,61.314805330633135
2016-04-08 04:02:00,61.52817661979152
2016-04-08 04:03:00,61.68937229437229
2016-04-08 04:04:00,62.4720875347969
2016-04-08 04:05:00,64.32685550082103
2016-04-08 04:06:00,62.844234283085214
2016-04-08 04:07:00,62.91501332001332
2016-04-08 04:08:00,64.42007517173246
2016-04-08 04:09:00,63.73852541320572
2016-04-08 04:10:00,63.98061147186147
2016-04-08 04:11:00,63.38102704343113
2016-04-08 04:12:00,64.3930784621541
2016-04-08 04:13:00,64.76303506837989
2016-04-08 04:14:00,63.02466546336111
2016-04-08 04:15:00,62.909047037618464
2016-04-08 04:16:00,64.50554875611526
2016-04-08 04:17:00,62.18567879325643
2016-04-08 04:18:00,61.354843073593074
2016-04-08 04:19:00,62.08403041662508
2016-04-08 04:20:00,61.45173415611304
2016-04-08 04:21:00,61.815868768912246
2016-04-08 04:22:00,61.66972194472195
2016-04-08 04:23:00,63.46437728937729
2016-04-08 04:24:00,63.19027649769585
2016-04-08 04:25:00,61.91805360271199
2016-04-08 04:26:00,60.4388316343155
2016-04-08 04:27:00,60.48421859713785
2016-04-08 04:28:00,60.94382688165297
2016-04-08 04:29:00,61.62512561512562
2016-04-08 04:30:00,62.281291172595516
2016-04-08 04:31:00,62.221645962732914
2016-04-08 04:32:00,63.051329105676935
2016-04-08 04:33:00,63.07274372553983
2016-04-08 04:34:00,62.28252044252044
2016-04-08 04:35:00,63.75362634866383
2016-04-08 04:36:00,63.49485633414205
2016-04-08 04:37:00,62.39348565513161
2016-04-08 04:38:00,63.51124875124875
2016-04-08 04:39:00,62.377856976994906
2016-04-08 04:40:00,62.74302573203194
2016-04-08 04:41:00,63.766127946127945
2016-04-08 04:42:00,65.38144383394383
2016-04-08 04:43:00,64.13614482291901
2016-04-08 04:44:00,62.37527386858565
2016-04-08 04:45:00,63.61040928820432
2016-04-08 04:46:00,60.397608491672536
2016-04-08 04:47:00,59.92277991159978
2016-04-08 04:48:00,60.552803607738404
2016-04-08 04:49:00,61.24594402013757
2016-04-08 04:50:00,66.74905793391066
2016-04-08 04:51:00,63.733221281823766
2016-04-08 04:52:00,63.732204068333104
2016-04-08 04:53:00,62.04687184995455
2016-04-08 04:54:00,61.0845759863592
2016-04-08 04:55:00,65.39987293768083
2016-04-08 04:56:00,61.940017039412204
2016-04-08 04:57:00,62.92827815862298
2016-04-08 04:58:00,64.01710121769632
2016-04-08 04:59:00,64.16314640659468
2016-04-08 05:00:00,63.576042477108146
2016-04-08 05:01:00,62.156471281340046
2016-04-08 05:02:00,70.0
2016-04-08 05:03:00,95.10714285714286
2016-04-08 05:04:00,93.875
2016-04-08 05:05:00,102.1304347826087
2016-04-08 05:06:00,103.96
2016-04-08 05:07:00,108.65217391304348
2016-04-08 05:08:00,103.0
2016-04-08 05:09:00,98.1923076923077
2016-04-08 05:10:00,100.51612903225806
2016-04-08 05:11:00,98.53846153846153
2016-04-08 05:12:00,95.56521739130434
2016-04-08 05:13:00,102.11538461538461
2016-04-08 05:14:00,102.55882352941177
2016-04-08 05:15:00,101.375
2016-04-08 05:16:00,101.78260869565217
2016-04-08 05:17:00,102.76666666666667
2016-04-08 05:18:00,102.25
2016-04-08 05:19:00,112.03333333333333
2016-04-08 05:20:00,107.33333333333333
2016-04-08 05:21:00,107.03846153846153
2016-04-08 05:22:00,99.21739130434783
2016-04-08 05:23:00,97.71428571428571
2016-04-08 05:24:00,96.875
2016-04-08 05:25:00,102.48387096774194
2016-04-08 05:26:00,104.96153846153847
2016-04-08 05:27:00,103.2258064516129
2016-04-08 05:28:00,105.75
2016-04-08 05:29:00,102.47826086956522
2016-04-08 05:30:00,99.41666666666667
2016-04-08 05:31:00,95.1
2016-04-08 05:32:00,92.41666666666667
2016-04-08 05:33:00,92.28
2016-04-08 05:34:00,90.95652173913044
2016-04-08 05:35:00,90.1304347826087
2016-04-08 05:36:00,92.30434782608695
2016-04-08 05:37:00,93.14285714285714
2016-04-08 05:38:00,95.77272727272727
2016-04-08 05:39:00,102.07692307692308
2016-04-08 05:40:00,107.41666666666667
2016-04-08 05:41:00,109.3913043478261
2016-04-08 05:42:00,100.03571428571429
2016-04-08 05:43:00,90.74074074074075
2016-04-08 05:44:00,83.9
2016-04-08 05:45:00,89.29166666666667
2016-04-08 05:46:00,86.63636363636364
2016-04-08 05:47:00,89.56
2016-04-08 05:48:00,96.0
2016-04-08 05:49:00,93.91304347826087
2016-04-08 05:50:00,89.43478260869566
2016-04-08 05:51:00,92.25
2016-04-08 05:52:00,92.95652173913044
2016-04-08 05:53:00,96.0909090909091
2016-04-08 05:54:00,96.5909090909091
2016-04-08 05:55:00,98.0
2016-04-08 05:56:00,95.73913043478261
2016-04-08 05:57:00,93.85714285714286
2016-04-08 05:58:00,92.625
2016-04-08 05:59:00,94.0
2016-04-08 06:00:00,93.18181818181819
2016-04-08 06:01:00,97.22727272727273
2016-04-08 06:02:00,96.8695652173913
2016-04-08 06:03:00,95.68181818181819
2016-04-08 06:04:00,96.47826086956522
2016-04-08 06:05:00,95.23809523809524
2016-04-08 06:06:00,95.95833333333333
2016-04-08 06:07:00,94.95454545454545
2016-04-08 06:08:00,94.27272727272727
2016-04-08 06:09:00,93.76190476190476
2016-04-08 06:10:00,95.45454545454545
2016-04-08 06:11:00,96.5
2016-04-08 06:12:00,95.6
2016-04-08 06:13:00,95.17391304347827
2016-04-08 06:14:00,98.4
2016-04-08 06:15:00,98.27272727272727
2016-04-08 06:16:00,98.04347826086956
2016-04-08 06:17:00,98.625
2016-04-08 06:18:00,97.08695652173913
2016-04-08 06:19:00,99.75
2016-04-08 06:20:00,96.1923076923077
2016-04-08 06:21:00,98.41666666666667
2016-04-08 06:22:00,100.20833333333333
2016-04-08 06:23:00,104.54545454545455
2016-04-08 06:24:00,96.91428571428571
2016-04-08 06:25:00,89.52
2016-04-08 06:26:00,93.96296296296296
2016-04-08 06:27:00,98.3913043478261
2016-04-08 06:28:00,99.24242424242425
2016-04-08 06:29:00,98.10714285714286
2016-04-08 06:30:00,100.76923076923077
2016-04-08 06:31:00,91.96
2016-04-08 06:32:00,98.88888888888889
2016-04-08 06:33:00,106.47826086956522
2016-04-08 06:34:00,105.75862068965517
2016-04-08 06:35:00,104.83870967741936
2016-04-08 06:36:00,104.03448275862068
2016-04-08 06:37:00,100.6
2016-04-08 06:38:00,105.46428571428571
2016-04-08 06:39:00,103.10344827586206
2016-04-08 06:40:00,98.09677419354838
2016-04-08 06:41:00,101.33333333333333
2016-04-08 06:42:00,104.8076923076923
2016-04-08 06:43:00,104.52
2016-04-08 06:44:00,106.65217391304348
2016-04-08 06:45:00,105.52173913043478
2016-04-08 06:46:00,107.28571428571429
2016-04-08 06:47:00,107.68
2016-04-08 06:48:00,107.52173913043478
2016-04-08 06:49:00,106.84615384615384
2016-04-08 06:50:00,108.4074074074074
2016-04-08 06:51:00,109.08695652173913
2016-04-08 06:52:00,106.36
2016-04-08 06:53:00,108.1304347826087
2016-04-08 06:54:00,109.66666666666667
2016-04-08 06:55:00,112.57575757575758
2016-04-08 06:56:00,109.28
2016-04-08 06:57:00,106.10344827586206
2016-04-08 06:58:00,99.81481481481481
2016-04-08 06:59:00,102.73913043478261
2016-04-08 07:00:00,94.2
2016-04-08 07:01:00,92.51851851851852
2016-04-08 07:02:00,89.03030303030303
2016-04-08 07:03:00,101.0
2016-04-08 07:04:00,100.22727272727273
2016-04-08 07:05:00,100.45161290322581
2016-04-08 07:06:00,115.22222222222223
2016-04-08 07:07:00,107.11538461538461
2016-04-08 07:08:00,105.81818181818181
2016-04-08 07:09:00,97.47368421052632
2016-04-08 07:10:00,106.1923076923077
2016-04-08 07:11:00,107.28125
2016-04-08 07:12:00,98.55555555555556
2016-04-08 07:13:00,103.03448275862068
2016-04-08 07:14:00,91.78571428571429
2016-04-08 07:15:00,108.34615384615384
2016-04-08 07:16:00,103.8
2016-04-08 07:17:00,100.27586206896552
2016-04-08 07:18:00,102.91304347826087
2016-04-08 07:19:00,100.22222222222223
2016-04-08 07:20:00,103.08333333333333
2016-04-08 07:21:00,98.68181818181819
2016-04-08 07:22:00,97.1875
2016-04-08 07:23:00,100.5909090909091
2016-04-08 07:24:00,97.7
2016-04-08 07:25:00,100.16
2016-04-08 07:26:00,100.6875
2016-04-08 07:27:00,99.19354838709677
2016-04-08 07:28:00,106.96428571428571
2016-04-08 07:29:00,103.74074074074075
2016-04-08 07:30:00,104.68181818181819
2016-04-08 07:31:00,103.625
2016-04-08 07:32:00,102.96428571428571
2016-04-08 07:33:00,106.53846153846153
2016-04-08 07:34:00,106.38461538461539
2016-04-08 07:35:00,101.07692307692308
2016-04-08 07:36:00,95.06451612903226
2016-04-08 07:37:00,95.0
2016-04-08 07:38:00,106.77777777777777
2016-04-08 07:39:00,106.12
2016-04-08 07:40:00,102.85714285714286
2016-04-08 07:41:00,105.03030303030303
2016-04-08 07:42:00,97.18181818181819
2016-04-08 07:43:00,101.2
2016-04-08 07:44:00,107.53125
2016-04-08 07:45:00,116.3125
2016-04-08 07:46:00,115.3
2016-04-08 07:47:00,113.66666666666667
2016-04-08 07:48:00,102.05882352941177
2016-04-08 07:49:00,97.57894736842105
2016-04-08 07:50:00,102.375
2016-04-08 07:51:00,103.47826086956522
2016-04-08 07:52:00,110.44444444444444
2016-04-08 07:53:00,112.57142857142857
2016-04-08 07:54:00,110.0
2016-04-08 07:55:00,106.22727272727273
2016-04-08 07:56:00,102.60714285714286
2016-04-08 07:57:00,103.5
2016-04-08 07:58:00,103.04545454545455
2016-04-08 07:59:00,106.0
2016-04-08 08:00:00,104.87878787878788
2016-04-08 08:01:00,106.95454545454545
2016-04-08 08:02:00,102.62962962962963
2016-04-08 08:03:00,70.5140836940837
2016-04-08 08:04:00,76.79010218393107
2016-04-08 08:05:00,72.96587132003799
2016-04-08 08:06:00,73.85246871184371
2016-04-08 08:07:00,69.93872903916007
2016-04-08 08:08:00,69.6455362140846
2016-04-08 08:09:00,93.88888888888889
2016-04-08 08:10:00,105.26086956521739
2016-04-08 08:11:00,107.73333333333333
2016-04-08 08:12:00,109.83333333333333
2016-04-08 08:13:00,108.56521739130434
2016-04-08 08:14:00,100.70967741935483
2016-04-08 08:15:00,90.6875
2016-04-08 08:16:00,99.1875
2016-04-08 08:17:00,98.63888888888889
2016-04-08 08:18:00,99.38709677419355
2016-04-08 08:19:00,104.46428571428571
2016-04-08 08:20:00,110.06666666666666
2016-04-08 08:21:00,109.48275862068965
2016-04-08 08:22:00,97.6896551724138
2016-04-08 08:23:00,100.63636363636364
2016-04-08 08:24:00,110.07894736842105
2016-04-08 08:25:00,103.47826086956522
2016-04-08 08:26:00,105.4
2016-04-08 08:27:00,108.52
2016-04-08 08:28:00,105.45161290322581
2016-04-08 08:29:00,102.45454545454545
2016-04-08 08:30:00,106.41379310344827
2016-04-08 08:31:00,100.03225806451613
2016-04-08 08:32:00,101.67857142857143
2016-04-08 08:33:00,104.74074074074075
2016-04-08 08:34:00,98.09677419354838
2016-04-08 08:35:00,92.6
2016-04-08 08:36:00,88.58333333333333
2016-04-08 08:37:00,94.25925925925925
2016-04-08 08:38:00,101.70833333333333
2016-04-08 08:39:00,101.29166666666667
2016-04-08 08:40:00,98.25
2016-04-08 08:41:00,98.04347826086956
2016-04-08 08:42:00,97.35714285714286
2016-04-08 08:43:00,93.96428571428571
2016-04-08 08:44:00,93.28
2016-04-08 08:45:00,96.24
2016-04-08 08:46:00,96.18181818181819
2016-04-08 08:47:00,97.43478260869566
2016-04-08 08:48:00,96.20833333333333
2016-04-08 08:49:00,96.84
2016-04-08 08:50:00,92.21428571428571
2016-04-08 08:51:00,92.42857142857143
2016-04-08 08:52:00,91.75
2016-04-08 08:53:00,89.53571428571429
2016-04-08 08:54:00,88.42307692307692
2016-04-08 08:55:00,87.82608695652173
2016-04-08 08:56:00,88.36363636363636
2016-04-08 08:57:00,94.5
2016-04-08 08:58:00,104.7
2016-04-08 08:59:00,97.03448275862068
2016-04-08 09:00:00,87.48
2016-04-08 09:01:00,87.21739130434783
2016-04-08 09:02:00,88.76
2016-04-08 09:03:00,86.65217391304348
2016-04-08 09:04:00,84.78260869565217
2016-04-08 09:05:00,84.47826086956522
2016-04-08 09:06:00,83.4090909090909
2016-04-08 09:07:00,87.07142857142857
2016-04-08 09:08:00,88.72
2016-04-08 09:09:00,86.34482758620689
2016-04-08 09:10:00,83.2
2016-04-08 09:11:00,85.88888888888889
2016-04-08 09:12:00,88.21875
2016-04-08 09:13:00,89.03571428571429
2016-04-08 09:14:00,87.48387096774194
2016-04-08 09:15:00,89.0
2016-04-08 09:16:00,90.65384615384616
2016-04-08 09:17:00,90.48275862068965
2016-04-08 09:18:00,85.60606060606061
2016-04-08 09:19:00,90.13636363636364
2016-04-08 09:20:00,87.6923076923077
2016-04-08 09:21:00,85.81818181818181
2016-04-08 09:22:00,82.29629629629629
2016-04-08 09:23:00,76.42857142857143
2016-04-08 09:24:00,80.03703703703704
2016-04-08 09:25:00,81.69565217391305
2016-04-08 09:26:00,88.29166666666667
2016-04-08 09:27:00,92.12
2016-04-08 09:28:00,88.92307692307692
2016-04-08 09:29:00,85.9090909090909
2016-04-08 09:30:00,80.03846153846153
2016-04-08 09:31:00,84.76923076923077
2016-04-08 09:32:00,88.91304347826087
2016-04-08 09:33:00,86.1875
2016-04-08 09:34:00,89.42857142857143
2016-04-08 09:35:00,90.68
2016-04-08 09:36:00,83.41379310344827
2016-04-08 09:37:00,85.57692307692308
2016-04-08 09:38:00,87.91304347826087
2016-04-08 09:39:00,80.625
2016-04-08 09:40:00,81.9090909090909
2016-04-08 09:41:00,89.28
2016-04-08 09:42:00,89.57142857142857
2016-04-08 09:43:00,97.66666666666667
2016-04-08 09:44:00,98.69565217391305
2016-04-08 09:45:00,97.70833333333333
2016-04-08 09:46:00,98.8
2016-04-08 09:47:00,100.45454545454545
2016-04-08 09:48:00,97.36
2016-04-08 09:49:00,89.3103448275862
2016-04-08 09:50:00,89.32
2016-04-08 09:51:00,88.82758620689656
2016-04-08 09:52:00,86.92
2016-04-08 09:53:00,84.58333333333333
2016-04-08 09:54:00,89.37037037037037
2016-04-08 09:55:00,85.5
2016-04-08 09:56:00,82.5
2016-04-08 09:57:00,82.04347826086956
2016-04-08 09:58:00,81.95833333333333
2016-04-08 09:59:00,84.24
2016-04-08 10:00:00,85.5
2016-04-08 10:01:00,85.92307692307692
2016-04-08 10:02:00,81.67857142857143
2016-04-08 10:03:00,75.15384615384616
2016-04-08 10:04:00,76.47826086956522
2016-04-08 10:05:00,82.10714285714286
2016-04-08 10:06:00,85.85714285714286
2016-04-08 10:07:00,83.0
2016-04-08 10:08:00,82.95454545454545
2016-04-08 10:09:00,82.77272727272727
2016-04-08 10:10:00,82.38095238095238
2016-04-08 10:11:00,81.36363636363636
2016-04-08 10:12:00,86.78260869565217
2016-04-08 10:13:00,87.77272727272727
2016-04-08 10:14:00,87.23809523809524
2016-04-08 10:15:00,84.89285714285714
2016-04-08 10:16:00,81.86666666666666
2016-04-08 10:17:00,86.32
2016-04-08 10:18:00,85.7741935483871
2016-04-08 10:19:00,90.08333333333333
2016-04-08 10:20:00,93.5
2016-04-08 10:21:00,89.55555555555556
2016-04-08 10:22:00,81.94444444444444
2016-04-08 10:23:00,85.0
2016-04-08 10:24:00,84.77272727272727
2016-04-08 10:25:00,83.70370370370371
2016-04-08 10:26:00,82.5909090909091
2016-04-08 10:27:00,78.36
2016-04-08 10:28:00,73.79166666666667
2016-04-08 10:29:00,77.03846153846153
2016-04-08 10:30:00,78.13157894736842
2016-04-08 10:31:00,75.55555555555556
2016-04-08 10:32:00,77.03846153846153
2016-04-08 10:33:00,78.20833333333333
2016-04-08 10:34:00,72.51515151515152
2016-04-08 10:35:00,74.96428571428571
2016-04-08 10:36:00,84.54166666666667
2016-04-08 10:37:00,81.92307692307692
2016-04-08 10:38:00,87.0
2016-04-08 10:39:00,86.04166666666667
2016-04-08 10:40:00,85.0
2016-04-08 10:41:00,83.65217391304348
2016-04-08 10:42:00,82.76190476190476
2016-04-08 10:43:00,91.76
2016-04-08 10:44:00,92.76190476190476
2016-04-08 10:45:00,91.9090909090909
2016-04-08 10:46:00,90.0909090909091
2016-04-08 10:47:00,89.1
2016-04-08 10:48:00,88.0909090909091
2016-04-08 10:49:00,88.52
2016-04-08 10:50:00,90.21428571428571
2016-04-08 10:51:00,87.04347826086956
2016-04-08 10:52:00,84.72
2016-04-08 10:53:00,79.13636363636364
2016-04-08 10:54:00,82.48275862068965
2016-04-08 10:55:00,82.84
2016-04-08 10:56:00,80.0
2016-04-08 10:57:00,77.25806451612904
2016-04-08 10:58:00,80.41935483870968
2016-04-08 10:59:00,80.2
2016-04-08 11:00:00,78.79310344827586
2016-04-08 11:01:00,81.80645161290323
2016-04-08 11:02:00,86.17391304347827
2016-04-08 11:03:00,80.9090909090909
2016-04-08 11:04:00,78.70833333333333
2016-04-08 11:05:00,82.08695652173913
2016-04-08 11:06:00,83.86666666666666
2016-04-08 11:07:00,82.72
2016-04-08 11:08:00,79.68181818181819
2016-04-08 11:09:00,80.0
2016-04-08 11:10:00,79.0952380952381
2016-04-08 11:11:00,79.0
2016-04-08 11:12:00,79.36363636363636
2016-04-08 11:13:00,80.80952380952381
2016-04-08 11:14:00,80.78260869565217
2016-04-08 11:15:00,82.92592592592592
2016-04-08 11:16:00,79.92
2016-04-08 11:17:00,82.24
2016-04-08 11:18:00,83.45454545454545
2016-04-08 11:19:00,81.3913043478261
2016-04-08 11:20:00,82.84
2016-04-08 11:21:00,83.38095238095238
2016-04-08 11:22:00,81.54545454545455
2016-04-08 11:23:00,77.60714285714286
2016-04-08 11:24:00,80.22727272727273
2016-04-08 11:25:00,76.8125
2016-04-08 11:26:00,75.41666666666667
2016-04-08 11:27:00,75.2
2016-04-08 11:28:00,76.3913043478261
2016-04-08 11:29:00,80.08695652173913
2016-04-08 11:30:00,84.46153846153847
2016-04-08 11:31:00,85.88461538461539
2016-04-08 11:32:00,82.1923076923077
2016-04-08 11:33:00,82.60606060606061
2016-04-08 11:34:00,85.2439024390244
2016-04-08 11:35:00,83.51851851851852
2016-04-08 11:36:00,74.54285714285714
2016-04-08 11:37:00,76.22222222222223
2016-04-08 11:38:00,82.8
2016-04-08 11:39:00,86.47619047619048
2016-04-08 11:40:00,88.24
2016-04-08 11:41:00,88.04347826086956
2016-04-08 11:42:00,88.54166666666667
2016-04-08 11:43:00,86.43478260869566
2016-04-08 11:44:00,85.7
2016-04-08 11:45:00,84.68181818181819
2016-04-08 11:46:00,89.15384615384616
2016-04-08 11:47:00,86.25925925925925
2016-04-08 11:48:00,83.69565217391305
2016-04-08 11:49:00,83.2
2016-04-08 11:50:00,83.6086956521739
2016-04-08 11:51:00,80.4
2016-04-08 11:52:00,80.68181818181819
2016-04-08 11:53:00,81.91666666666667
2016-04-08 11:54:00,86.375
2016-04-08 11:55:00,87.37037037037037
2016-04-08 11:56:00,88.96296296296296
2016-04-08 11:57:00,93.53571428571429
2016-04-08 11:58:00,82.82758620689656
2016-04-08 11:59:00,80.17857142857143
2016-04-08 12:00:00,75.03571428571429
2016-04-08 12:01:00,79.86363636363636
2016-04-08 12:02:00,82.125
2016-04-08 12:03:00,85.52
2016-04-08 12:04:00,89.95652173913044
2016-04-08 12:05:00,88.0
2016-04-08 12:06:00,87.85
2016-04-08 12:07:00,87.47826086956522
2016-04-08 12:08:00,90.23076923076923
2016-04-08 12:09:00,89.0909090909091
2016-04-08 12:10:00,83.91428571428571
2016-04-08 12:11:00,77.27272727272727
2016-04-08 12:12:00,77.3076923076923
2016-04-08 12:13:00,75.3
2016-04-08 12:14:00,75.0
2016-04-08 12:15:00,73.11538461538461
2016-04-08 12:16:00,74.46153846153847
2016-04-08 12:17:00,75.92592592592592
2016-04-08 12:18:00,70.86666666666666
2016-04-08 12:19:00,72.39285714285714
2016-04-08 12:20:00,73.52173913043478
2016-04-08 12:21:00,70.6923076923077
2016-04-08 12:22:00,68.25
2016-04-08 12:23:00,77.71052631578948
2016-04-08 12:24:00,76.60714285714286
2016-04-08 12:25:00,72.06896551724138
2016-04-08 12:26:00,73.76
2016-04-08 12:27:00,87.2439024390244
2016-04-08 12:28:00,72.38461538461539
2016-04-08 12:29:00,70.53571428571429
2016-04-08 12:30:00,73.34615384615384
2016-04-08 12:31:00,74.24137931034483
2016-04-08 12:32:00,79.53333333333333
2016-04-08 12:33:00,71.5
2016-04-08 12:34:00,77.17857142857143
2016-04-08 12:35:00,80.36666666666666
2016-04-08 12:36:00,92.68571428571428
2016-04-08 12:37:00,85.23529411764706
2016-04-08 12:38:00,79.42857142857143
2016-04-08 12:39:00,73.4
2016-04-08 12:40:00,79.06060606060606
2016-04-08 12:41:00,73.0
2016-04-08 12:42:00,73.62962962962963
2016-04-08 12:43:00,76.10810810810811
2016-04-08 12:44:00,87.88571428571429
2016-04-08 12:45:00,86.23076923076923
2016-04-08 12:46:00,84.83333333333333
2016-04-08 12:47:00,85.75
2016-04-08 12:48:00,88.5
2016-04-08 12:49:00,86.10204081632654
2016-04-08 12:50:00,84.35555555555555
2016-04-08 12:51:00,87.81395348837209
2016-04-08 12:52:00,90.5813953488372
2016-04-08 12:53:00,85.54761904761905
2016-04-08 12:54:00,84.5
2016-04-08 12:55:00,83.33333333333333
2016-04-08 12:56:00,83.3157894736842
2016-04-08 12:57:00,84.94736842105263
2016-04-08 12:58:00,87.62857142857143
2016-04-08 12:59:00,89.51351351351352
2016-04-08 13:00:00,91.175
2016-04-08 13:01:00,94.80952380952381
2016-04-08 13:02:00,90.675
2016-04-08 13:03:00,93.26666666666667
2016-04-08 13:04:00,90.125
2016-04-08 13:05:00,85.73913043478261
2016-04-08 13:06:00,84.73684210526316
2016-04-08 13:07:00,91.45
2016-04-08 13:08:00,91.4054054054054
2016-04-08 13:09:00,94.43478260869566
2016-04-08 13:10:00,94.09756097560975
2016-04-08 13:11:00,95.81818181818181
2016-04-08 13:12:00,84.91666666666667
2016-04-08 13:13:00,96.04255319148936
2016-04-08 13:14:00,91.86486486486487
2016-04-08 13:15:00,90.85
2016-04-08 13:16:00,89.6590909090909
2016-04-08 13:17:00,89.61111111111111
2016-04-08 13:18:00,95.06060606060606
2016-04-08 13:19:00,94.64864864864865
2016-04-08 13:20:00,98.14285714285714
2016-04-08 13:21:00,94.6086956521739
2016-04-08 13:22:00,98.27272727272727
2016-04-08 13:23:00,95.29268292682927
2016-04-08 13:24:00,98.66666666666667
2016-04-08 13:25:00,96.54545454545455
2016-04-08 13:26:00,95.02325581395348
2016-04-08 13:27:00,90.58333333333333
2016-04-08 13:28:00,86.19354838709677
2016-04-08 13:29:00,85.48484848484848
2016-04-08 13:30:00,88.8
2016-04-08 13:31:00,86.0909090909091
2016-04-08 13:32:00,89.225
2016-04-08 13:33:00,89.45454545454545
2016-04-08 13:34:00,84.225
2016-04-08 13:35:00,89.13157894736842
2016-04-08 13:36:00,95.74468085106383
2016-04-08 13:37:00,93.65517241379311
2016-04-08 13:38:00,90.60975609756098
2016-04-08 13:39:00,87.025
2016-04-08 13:40:00,89.32432432432432
2016-04-08 13:41:00,91.22857142857143
2016-04-08 13:42:00,87.86666666666666
2016-04-08 13:43:00,81.09677419354838
2016-04-08 13:44:00,85.575
2016-04-08 13:45:00,94.075
2016-04-08 13:46:00,95.8780487804878
2016-04-08 13:47:00,96.97674418604652
2016-04-08 13:48:00,96.21951219512195
2016-04-08 13:49:00,93.81395348837209
2016-04-08 13:50:00,96.38636363636364
2016-04-08 13:51:00,93.275
2016-04-08 13:52:00,88.75862068965517
2016-04-08 13:53:00,92.6829268292683
2016-04-08 13:54:00,93.6829268292683
2016-04-08 13:55:00,94.0
2016-04-08 13:56:00,93.76
2016-04-08 13:57:00,94.30555555555556
2016-04-08 13:58:00,91.1219512195122
2016-04-08 13:59:00,88.3170731707317
2016-04-08 14:00:00,94.51612903225806
2016-04-08 14:01:00,96.13793103448276
2016-04-08 14:02:00,92.11363636363636
2016-04-08 14:03:00,93.5111111111111
2016-04-08 14:04:00,89.34146341463415
2016-04-08 14:05:00,98.15555555555555
2016-04-08 14:06:00,105.82857142857142
2016-04-08 14:07:00,104.51219512195122
2016-04-08 14:08:00,101.6
2016-04-08 14:09:00,102.74418604651163
2016-04-08 14:10:00,102.48780487804878
2016-04-08 14:11:00,102.22222222222223
2016-04-08 14:12:00,104.02941176470588
2016-04-08 14:13:00,102.94285714285714
2016-04-08 14:14:00,100.21951219512195
2016-04-08 14:15:00,94.39473684210526
2016-04-08 14:16:00,93.74285714285715
2016-04-08 14:17:00,90.82352941176471
2016-04-08 14:18:00,90.08333333333333
2016-04-08 14:19:00,90.21621621621621
2016-04-08 14:20:00,91.21951219512195
2016-04-08 14:21:00,91.1891891891892
2016-04-08 14:22:00,95.10810810810811
2016-04-08 14:23:00,94.95
2016-04-08 14:24:00,97.2
2016-04-08 14:25:00,96.20930232558139
2016-04-08 14:26:00,94.48780487804878
2016-04-08 14:27:00,96.90697674418605
2016-04-08 14:28:00,96.72093023255815
2016-04-08 14:29:00,99.15151515151516
2016-04-08 14:30:00,99.21621621621621
2016-04-08 14:31:00,98.55263157894737
2016-04-08 14:32:00,96.825
2016-04-08 14:33:00,94.02631578947368
2016-04-08 14:34:00,96.57142857142857
2016-04-08 14:35:00,94.8
2016-04-08 14:36:00,94.4047619047619
2016-04-08 14:37:00,95.5
2016-04-08 14:38:00,96.89473684210526
2016-04-08 14:39:00,96.91891891891892
2016-04-08 14:40:00,97.04761904761905
2016-04-08 14:41:00,85.97777777777777
2016-04-08 14:42:00,93.41304347826087
2016-04-08 14:43:00,99.26530612244898
2016-04-08 14:44:00,102.78571428571429
2016-04-08 14:45:00,99.75
2016-04-08 14:46:00,97.43243243243244
2016-04-08 14:47:00,97.3170731707317
2016-04-08 14:48:00,101.4090909090909
2016-04-08 14:49:00,98.97435897435898
2016-04-08 14:50:00,97.67441860465117
2016-04-08 14:51:00,98.47222222222223
2016-04-08 14:52:00,97.63888888888889
2016-04-08 14:53:00,100.475
2016-04-08 14:54:00,98.41176470588235
2016-04-08 14:55:00,99.17073170731707
2016-04-08 14:56:00,96.4
2016-04-08 14:57:00,95.54054054054055
2016-04-08 14:58:00,92.72972972972973
2016-04-08 14:59:00,95.12121212121212
2016-04-08 15:00:00,86.8695652173913
2016-04-08 15:01:00,86.0
2016-04-08 15:02:00,86.65625
2016-04-08 15:03:00,79.86486486486487
2016-04-08 15:04:00,82.925
2016-04-08 15:05:00,91.45945945945945
2016-04-08 15:06:00,87.8780487804878
2016-04-08 15:07:00,89.4047619047619
2016-04-08 15:08:00,93.36585365853658
2016-04-08 15:09:00,94.38709677419355
2016-04-08 15:10:00,98.36585365853658
2016-04-08 15:11:00,101.38461538461539
2016-04-08 15:12:00,96.62162162162163
2016-04-08 15:13:00,102.1
2016-04-08 15:14:00,96.17073170731707
2016-04-08 15:15:00,91.35135135135135
2016-04-08 15:16:00,92.54545454545455
2016-04-08 15:17:00,95.37209302325581
2016-04-08 15:18:00,89.0
2016-04-08 15:19:00,86.22857142857143
2016-04-08 15:20:00,91.91489361702128
2016-04-08 15:21:00,92.63414634146342
2016-04-08 15:22:00,94.93181818181819
2016-04-08 15:23:00,101.35714285714286
2016-04-08 15:24:00,97.92857142857143
2016-04-08 15:25:00,101.38095238095238
2016-04-08 15:26:00,92.11428571428571
2016-04-08 15:27:00,87.97560975609755
2016-04-08 15:28:00,91.81395348837209
2016-04-08 15:29:00,93.26086956521739
2016-04-08 15:30:00,107.59574468085107
2016-04-08 15:31:00,102.79545454545455
2016-04-08 15:32:00,99.11627906976744
2016-04-08 15:33:00,102.71052631578948
2016-04-08 15:34:00,101.6
2016-04-08 15:35:00,97.25641025641026
2016-04-08 15:36:00,98.82051282051282
2016-04-08 15:37:00,97.0
2016-04-08 15:38:00,97.13333333333334
2016-04-08 15:39:00,97.53658536585365
2016-04-08 15:40:00,99.14634146341463
2016-04-08 15:41:00,107.83720930232558
2016-04-08 15:42:00,103.3265306122449
2016-04-08 15:43:00,97.4390243902439
2016-04-08 15:44:00,97.92307692307692
2016-04-08 15:45:00,69.8
2016-04-08 15:46:00,64.15
2016-04-08 15:47:00,66.81818181818181
2016-04-08 15:48:00,70.70833333333333
2016-04-08 15:49:00,76.6
2016-04-08 15:50:00,79.18181818181819
2016-04-08 15:51:00,78.19047619047619
2016-04-08 15:52:00,78.54166666666667
2016-04-08 15:53:00,92.80645161290323
2016-04-08 15:54:00,98.86666666666666
2016-04-08 15:55:00,96.5
2016-04-08 15:56:00,98.67857142857143
2016-04-08 15:57:00,94.86206896551724
2016-04-08 15:58:00,104.96666666666667
2016-04-08 15:59:00,102.16666666666667
2016-04-08 16:00:00,101.0909090909091
2016-04-08 16:01:00,99.5909090909091
2016-04-08 16:02:00,104.91304347826087
2016-04-08 16:03:00,106.02941176470588
2016-04-08 16:04:00,111.625
2016-04-08 16:05:00,113.6896551724138
2016-04-08 16:06:00,107.03225806451613
2016-04-08 16:07:00,101.8076923076923
2016-04-08 16:08:00,97.5
2016-04-08 16:09:00,100.9375
2016-04-08 16:10:00,101.09375
2016-04-08 16:11:00,102.1470588235294
2016-04-08 16:12:00,103.1875
2016-04-08 16:13:00,108.86666666666666
2016-04-08 16:14:00,109.46153846153847
2016-04-08 16:15:00,105.8076923076923
2016-04-08 16:16:00,101.96428571428571
2016-04-08 16:17:00,96.08333333333333
2016-04-08 16:18:00,76.84
2016-04-08 16:19:00,73.36842105263158
2016-04-08 16:20:00,83.70370370370371
2016-04-08 16:21:00,85.42857142857143
2016-04-08 16:22:00,105.75862068965517
2016-04-08 16:23:00,103.65384615384616
2016-04-08 16:24:00,96.53571428571429
2016-04-08 16:25:00,87.64285714285714
2016-04-08 16:26:00,92.76923076923077
2016-04-08 16:27:00,96.625
2016-04-08 16:28:00,98.66666666666667
2016-04-08 16:29:00,104.55882352941177
2016-04-08 16:30:00,107.08333333333333
2016-04-08 16:31:00,107.86206896551724
2016-04-08 16:32:00,107.75862068965517
2016-04-08 16:33:00,99.0
2016-04-08 16:34:00,101.73076923076923
2016-04-08 16:35:00,102.84
2016-04-08 16:36:00,99.3225806451613
2016-04-08 16:37:00,97.92
2016-04-08 16:38:00,94.25925925925925
2016-04-08 16:39:00,89.68
2016-04-08 16:40:00,94.96296296296296
2016-04-08 16:41:00,97.9090909090909
2016-04-08 16:42:00,98.67857142857143
2016-04-08 16:43:00,96.96875
2016-04-08 16:44:00,93.6842105263158
2016-04-08 16:45:00,96.04347826086956
2016-04-08 16:46:00,94.22727272727273
2016-04-08 16:47:00,100.33333333333333
2016-04-08 16:48:00,95.71428571428571
2016-04-08 16:49:00,97.33333333333333
2016-04-08 16:50:00,96.66666666666667
2016-04-08 16:51:00,93.95652173913044
2016-04-08 16:52:00,96.57142857142857
2016-04-08 16:53:00,95.27272727272727
2016-04-08 16:54:00,94.08695652173913
2016-04-08 16:55:00,89.76
2016-04-08 16:56:00,90.21739130434783
2016-04-08 16:57:00,95.73913043478261
2016-04-08 16:58:00,94.48
2016-04-08 16:59:00,97.04347826086956
2016-04-08 17:00:00,96.3913043478261
2016-04-08 17:01:00,96.68181818181819
2016-04-08 17:02:00,100.43478260869566
2016-04-08 17:03:00,101.66666666666667
2016-04-08 17:04:00,99.43478260869566
2016-04-08 17:05:00,93.47826086956522
2016-04-08 17:06:00,96.33333333333333
2016-04-08 17:07:00,94.75862068965517
2016-04-08 17:08:00,98.31818181818181
2016-04-08 17:09:00,91.10344827586206
2016-04-08 17:10:00,85.13636363636364
2016-04-08 17:11:00,86.18181818181819
2016-04-08 17:12:00,94.44444444444444
2016-04-08 17:13:00,102.86666666666666
2016-04-08 17:14:00,103.4375
2016-04-08 17:15:00,99.03225806451613
2016-04-08 17:16:00,97.3076923076923
2016-04-08 17:17:00,98.57692307692308
2016-04-08 17:18:00,97.0
2016-04-08 17:19:00,95.23809523809524
2016-04-08 17:20:00,94.58333333333333
2016-04-08 17:21:00,99.45454545454545
2016-04-08 17:22:00,90.58064516129032
2016-04-08 17:23:00,88.56
2016-04-08 17:24:00,95.0
2016-04-08 17:25:00,103.59375
2016-04-08 17:26:00,106.84375
2016-04-08 17:27:00,99.36
2016-04-08 17:28:00,103.0
2016-04-08 17:29:00,107.96153846153847
2016-04-08 17:30:00,109.32142857142857
2016-04-08 17:31:00,104.34482758620689
2016-04-08 17:32:00,109.25925925925925
2016-04-08 17:33:00,109.46875
2016-04-08 17:34:00,102.70967741935483
2016-04-08 17:35:00,98.75
2016-04-08 17:36:00,105.25714285714285
2016-04-08 17:37:00,108.22222222222223
2016-04-08 17:38:00,107.42857142857143
2016-04-08 17:39:00,113.83333333333333
2016-04-08 17:40:00,116.875
2016-04-08 17:41:00,113.83333333333333
2016-04-08 17:42:00,101.67857142857143
2016-04-08 17:43:00,101.41379310344827
2016-04-08 17:44:00,98.76470588235294
2016-04-08 17:45:00,95.0
2016-04-08 17:46:00,99.875
2016-04-08 17:47:00,96.28
2016-04-08 17:48:00,93.75862068965517
2016-04-08 17:49:00,92.76190476190476
2016-04-08 17:50:00,98.2258064516129
2016-04-08 17:51:00,102.4375
2016-04-08 17:52:00,93.76923076923077
2016-04-08 17:53:00,93.47619047619048
2016-04-08 17:54:00,95.76
2016-04-08 17:55:00,98.3103448275862
2016-04-08 17:56:00,98.0
2016-04-08 17:57:00,93.03703703703704
2016-04-08 17:58:00,91.20833333333333
2016-04-08 17:59:00,88.0909090909091
2016-04-08 18:00:00,90.29629629629629
2016-04-08 18:01:00,91.5
2016-04-08 18:02:00,97.15384615384616
2016-04-08 18:03:00,89.66666666666667
2016-04-08 18:04:00,93.06896551724138
2016-04-08 18:05:00,89.03225806451613
2016-04-08 18:06:00,99.0
2016-04-08 18:07:00,100.08695652173913
2016-04-08 18:08:00,95.84615384615384
2016-04-08 18:09:00,94.04545454545455
2016-04-08 18:10:00,95.36363636363636
2016-04-08 18:11:00,96.04166666666667
2016-04-08 18:12:00,94.375
2016-04-08 18:13:00,95.95454545454545
2016-04-08 18:14:00,96.8076923076923
2016-04-08 18:15:00,94.65217391304348
2016-04-08 18:16:00,93.16666666666667
2016-04-08 18:17:00,91.88888888888889
2016-04-08 18:18:00,90.54166666666667
2016-04-08 18:19:00,87.80952380952381
2016-04-08 18:20:00,86.0
2016-04-08 18:21:00,90.3125
2016-04-08 18:22:00,100.0
2016-04-08 18:23:00,95.29166666666667
2016-04-08 18:24:00,87.37037037037037
2016-04-08 18:25:00,87.08
2016-04-08 18:26:00,89.85714285714286
2016-04-08 18:27:00,92.0
2016-04-08 18:28:00,93.36363636363636
2016-04-08 18:29:00,93.71428571428571
2016-04-08 18:30:00,94.33333333333333
2016-04-08 18:31:00,93.41666666666667
2016-04-08 18:32:00,92.9090909090909
2016-04-08 18:33:00,92.0952380952381
2016-04-08 18:34:00,91.95652173913044
2016-04-08 18:35:00,90.6086956521739
2016-04-08 18:36:00,94.92592592592592
2016-04-08 18:37:00,93.75862068965517
2016-04-08 18:38:00,101.25806451612904
2016-04-08 18:39:00,103.0
2016-04-08 18:40:00,95.24137931034483
2016-04-08 18:41:00,95.33333333333333
2016-04-08 18:42:00,92.17391304347827
2016-04-08 18:43:00,95.96296296296296
2016-04-08 18:44:00,93.81818181818181
2016-04-08 18:45:00,90.13333333333334
2016-04-08 18:46:00,95.3103448275862
2016-04-08 18:47:00,105.77142857142857
2016-04-08 18:48:00,110.76666666666667
2016-04-08 18:49:00,98.61290322580645
2016-04-08 18:50:00,93.75
2016-04-08 18:51:00,96.0
2016-04-08 18:52:00,91.37037037037037
2016-04-08 18:53:00,94.08695652173913
2016-04-08 18:54:00,91.69565217391305
2016-04-08 18:55:00,94.29166666666667
2016-04-08 18:56:00,90.41666666666667
2016-04-08 18:57:00,90.65217391304348
2016-04-08 18:58:00,85.57142857142857
2016-04-08 18:59:00,85.36363636363636
2016-04-08 19:00:00,89.3913043478261
2016-04-08 19:01:00,89.5
2016-04-08 19:02:00,90.57692307692308
2016-04-08 19:03:00,90.82608695652173
2016-04-08 19:04:00,88.31818181818181
2016-04-08 19:05:00,89.03846153846153
2016-04-08 19:06:00,92.0
2016-04-08 19:07:00,93.08333333333333
2016-04-08 19:08:00,94.0
2016-04-08 19:09:00,92.27272727272727
2016-04-08 19:10:00,93.54545454545455
2016-04-08 19:11:00,92.58333333333333
2016-04-08 19:12:00,92.19047619047619
2016-04-08 19:13:00,91.85714285714286
2016-04-08 19:14:00,94.25
2016-04-08 19:15:00,93.18518518518519
2016-04-08 19:16:00,98.28571428571429
2016-04-08 19:17:00,103.2
2016-04-08 19:18:00,115.31428571428572
2016-04-08 19:19:00,118.58333333333333
2016-04-08 19:20:00,117.63333333333334
2016-04-08 19:21:00,111.76
2016-04-08 19:22:00,102.42307692307692
2016-04-08 19:23:00,101.08695652173913
2016-04-08 19:24:00,102.86206896551724
2016-04-08 19:25:00,112.28
2016-04-08 19:26:00,108.45161290322581
2016-04-08 19:27:00,99.25
2016-04-08 19:28:00,90.53846153846153
2016-04-08 19:29:00,84.64
2016-04-08 19:30:00,76.56
2016-04-08 19:31:00,81.82758620689656
2016-04-08 19:32:00,98.27586206896552
2016-04-08 19:33:00,107.08695652173913
2016-04-08 19:34:00,102.07692307692308
2016-04-08 19:35:00,109.70833333333333
2016-04-08 19:36:00,100.48387096774194
2016-04-08 19:37:00,101.39285714285714
2016-04-08 19:38:00,102.88
2016-04-08 19:39:00,97.27586206896552
2016-04-08 19:40:00,92.03571428571429
2016-04-08 19:41:00,97.04
2016-04-08 19:42:00,91.07142857142857
2016-04-08 19:43:00,89.36363636363636
2016-04-08 19:44:00,95.46153846153847
2016-04-08 19:45:00,103.11111111111111
2016-04-08 19:46:00,92.76
2016-04-08 19:47:00,102.93548387096774
2016-04-08 19:48:00,110.38709677419355
2016-04-08 19:49:00,111.85714285714286
2016-04-08 19:50:00,107.22727272727273
2016-04-08 19:51:00,102.18518518518519
2016-04-08 19:52:00,96.45454545454545
2016-04-08 19:53:00,96.37037037037037
2016-04-08 19:54:00,102.54838709677419
2016-04-08 19:55:00,96.1923076923077
2016-04-08 19:56:00,92.96
2016-04-08 19:57:00,99.28
2016-04-08 19:58:00,100.0909090909091
2016-04-08 19:59:00,92.96666666666667
2016-04-08 20:00:00,91.25806451612904
2016-04-08 20:01:00,95.8
2016-04-08 20:02:00,95.43478260869566
2016-04-08 20:03:00,93.81481481481481
2016-04-08 20:04:00,95.6
2016-04-08 20:05:00,93.36
2016-04-08 20:06:00,92.38461538461539
2016-04-08 20:07:00,87.83333333333333
2016-04-08 20:08:00,86.81818181818181
2016-04-08 20:09:00,93.68803569173028
2016-04-08 20:10:00,92.84659272404613
2016-04-08 20:11:00,92.9092793277576
2016-04-08 20:12:00,91.7456288535481
2016-04-08 20:13:00,88.19366525354103
2016-04-08 20:14:00,86.75475385323212
2016-04-08 20:15:00,88.42197231512449
2016-04-08 20:16:00,90.80437118437118
2016-04-08 20:17:00,90.04809696476364
2016-04-08 20:18:00,90.13343045843045
2016-04-08 20:19:00,90.58493694711086
2016-04-08 20:20:00,92.15166791604197
2016-04-08 20:21:00,87.70151828847482
2016-04-08 20:22:00,89.37372922970748
2016-04-08 20:23:00,91.94348355292884
2016-04-08 20:24:00,89.70833499833499
2016-04-08 20:25:00,89.7027260179434
2016-04-08 20:26:00,92.02031231925969
2016-04-08 20:27:00,95.83429554162312
2016-04-08 20:28:00,95.68254447511693
2016-04-08 20:29:00,92.78066025124902
2016-04-08 20:30:00,91.37644383394384
2016-04-08 20:31:00,94.39326917737712
2016-04-08 20:32:00,96.87006172839506
2016-04-08 20:33:00,93.68722623055957
2016-04-08 20:34:00,94.39506870343827
2016-04-08 20:35:00,91.13745937877621
2016-04-08 20:36:00,89.08846963423049
2016-04-08 20:37:00,89.63197732219471
2016-04-08 20:38:00,91.15148001756698
2016-04-08 20:39:00,91.52699557387058
2016-04-08 20:40:00,92.6661037982877
2016-04-08 20:41:00,90.62579476390836
2016-04-08 20:42:00,91.82478864734298
2016-04-08 20:43:00,89.85020297974262
2016-04-08 20:44:00,93.48386015325671
2016-04-08 20:45:00,95.82388074888075
2016-04-08 20:46:00,98.14965501729567
2016-04-08 20:47:00,94.82297607916472
2016-04-08 20:48:00,94.31512937667829
2016-04-08 20:49:00,93.83684347623547
2016-04-08 20:50:00,91.59149202871093
2016-04-08 20:51:00,94.04960453395235
2016-04-08 20:52:00,95.46074635241303
2016-04-08 20:53:00,96.88346638655462
2016-04-08 20:54:00,92.86663298959495
2016-04-08 20:55:00,91.04935432924565
2016-04-08 20:56:00,90.9966849092936
2016-04-08 20:57:00,92.45240142975649
2016-04-08 20:58:00,93.52723991990297
2016-04-08 20:59:00,91.45690644604439
2016-04-08 21:00:00,91.38952020202021
2016-04-08 21:01:00,92.93280162167594
2016-04-08 21:02:00,92.57780864197531
2016-04-08 21:03:00,94.51342592592592
2016-04-08 21:04:00,92.58786972105345
2016-04-08 21:05:00,90.40080058830058
2016-04-08 21:06:00,89.72053350970019
2016-04-08 21:07:00,89.92223247142663
2016-04-08 21:08:00,88.60414807477214
2016-04-08 21:09:00,93.35652187318856
2016-04-08 21:10:00,71.0
2016-04-08 21:11:00,105.51612903225806
2016-04-08 21:12:00,91.24938548041996
2016-04-08 21:13:00,91.56394154933426
2016-04-08 21:14:00,90.39090459838542
2016-04-08 21:15:00,91.44979070935312
2016-04-08 21:16:00,90.25468527421653
2016-04-08 21:17:00,90.23755377519574
2016-04-08 21:18:00,89.6995796267225
2016-04-08 21:19:00,90.16768630364375
2016-04-08 21:20:00,91.09821379092101
2016-04-08 21:21:00,91.62071262071262
2016-04-08 21:22:00,90.98232651462465
2016-04-08 21:23:00,86.62531871819192
2016-04-08 21:24:00,86.56041345595214
2016-04-08 21:25:00,84.63251133923548
2016-04-08 21:26:00,86.31706396801599
2016-04-08 21:27:00,86.49684711942777
2016-04-08 21:28:00,87.75379920894648
2016-04-08 21:29:00,89.07664294517743
2016-04-08 21:30:00,91.91549839327648
2016-04-08 21:31:00,92.10054384229797
2016-04-08 21:32:00,91.78599210495763
2016-04-08 21:33:00,90.26416849474353
2016-04-08 21:34:00,89.30276823281908
2016-04-08 21:35:00,87.36055620026525
2016-04-08 21:36:00,87.50522888569763
2016-04-08 21:37:00,84.7022857668019
2016-04-08 21:38:00,83.18141173641173
2016-04-08 21:39:00,82.11377833305077
2016-04-08 21:40:00,85.27203819989533
2016-04-08 21:41:00,84.65853194424622
2016-04-08 21:42:00,84.10727763535617
2016-04-08 21:43:00,81.61406232354602
2016-04-08 21:44:00,83.44639101707116
2016-04-08 21:45:00,82.91243044772257
2016-04-08 21:46:00,84.54024944329993
2016-04-08 21:47:00,82.56741459131545
2016-04-08 21:48:00,82.16379970773993
2016-04-08 21:49:00,84.12475477979704
2016-04-08 21:50:00,87.39035473785474
2016-04-08 21:51:00,92.86680625050238
2016-04-08 21:52:00,91.96390463202678
2016-04-08 21:53:00,86.09898116240157
2016-04-08 21:54:00,85.89533662551841
2016-04-08 21:55:00,85.11284794110881
2016-04-08 21:56:00,85.02609198872786
2016-04-08 21:57:00,85.76425543542479
2016-04-08 21:58:00,84.26044607566347
2016-04-08 21:59:00,81.74669188514986
2016-04-08 22:00:00,82.46157470677055
2016-04-08 22:01:00,85.59186128526646
2016-04-08 22:02:00,85.7371555696806
2016-04-08 22:03:00,85.7181617446714
2016-04-08 22:04:00,85.68262815056691
2016-04-08 22:05:00,85.05207059011582
2016-04-08 22:06:00,83.42294453734671
2016-04-08 22:07:00,83.57990220315348
2016-04-08 22:08:00,85.67335565802958
2016-04-08 22:09:00,86.62132469885188
2016-04-08 22:10:00,87.6536924632504
2016-04-08 22:11:00,85.28152685665
2016-04-08 22:12:00,85.91861615518323
2016-04-08 22:13:00,85.24391183752357
2016-04-08 22:14:00,87.24040777945757
2016-04-08 22:15:00,86.70875778117157
2016-04-08 22:16:00,86.74011334299335
2016-04-08 22:17:00,89.95848536171117
2016-04-08 22:18:00,89.1814148584335
2016-04-08 22:19:00,89.18185425685425
2016-04-08 22:20:00,88.69660169013616
2016-04-08 22:21:00,89.2356098736346
2016-04-08 22:22:00,87.66015048830995
2016-04-08 22:23:00,88.09213348733603
2016-04-08 22:24:00,87.12727438007943
2016-04-08 22:25:00,86.929580081754
2016-04-08 22:26:00,88.50211840628508
2016-04-08 22:27:00,87.15453250453251
2016-04-08 22:28:00,88.32810256410256
2016-04-08 22:29:00,85.28599472990777
2016-04-08 22:30:00,84.34695476936857
2016-04-08 22:31:00,86.48902205788602
2016-04-08 22:32:00,84.51817391304348
2016-04-08 22:33:00,85.1638923395445
2016-04-08 22:34:00,85.14502663198314
2016-04-08 22:35:00,84.60087105165367
2016-04-08 22:36:00,84.97797162343197
2016-04-08 22:37:00,85.76245059288537
2016-04-08 22:38:00,87.99177777777778
2016-04-08 22:39:00,86.54084564860428
2016-04-08 22:40:00,81.84723253757736
2016-04-08 22:41:00,81.73115151515151
2016-04-08 22:42:00,81.56725925925926
2016-04-08 22:43:00,81.5634296400187
2016-04-08 22:44:00,80.89832298136646
2016-04-08 22:45:00,80.36383459857373
2016-04-08 22:46:00,78.39566113234591
2016-04-08 22:47:00,78.39937671024627
2016-04-08 22:48:00,77.67128270280445
2016-04-08 22:49:00,78.24836363636364
2016-04-08 22:50:00,76.9290542958186
2016-04-08 22:51:00,78.08804293634526
2016-04-08 22:52:00,81.5835
2016-04-08 22:53:00,81.88658601458602
2016-04-08 22:54:00,79.57039246984898
2016-04-08 22:55:00,77.25919169563032
2016-04-08 22:56:00,78.04747412008281
2016-04-08 22:57:00,83.09030658039279
2016-04-08 22:58:00,81.25109265734265
2016-04-08 22:59:00,80.64951085063528
2016-04-08 23:00:00,82.5917700204385
2016-04-08 23:01:00,82.29361815304469
2016-04-08 23:02:00,80.85693236714975
2016-04-08 23:03:00,79.57836244215555
2016-04-08 23:04:00,70.0
2016-04-08 23:05:00,82.75374812593704
2016-04-08 23:06:00,82.33317708861188
2016-04-08 23:07:00,76.99251207729469
2016-04-08 23:08:00,74.95255790907964
2016-04-08 23:09:00,77.15971872529344
2016-04-08 23:10:00,77.8081406248073
2016-04-08 23:11:00,78.1341770647653
2016-04-08 23:12:00,77.94777583527583
2016-04-08 23:13:00,78.6162215320911
2016-04-08 23:14:00,77.70404682274248
2016-04-08 23:15:00,76.5901130873957
2016-04-08 23:16:00,77.9336467066352
2016-04-08 23:17:00,77.45041922147901
2016-04-08 23:18:00,79.44448442445444
2016-04-08 23:19:00,79.38473990945941
2016-04-08 23:20:00,78.30172815107598
2016-04-08 23:21:00,77.7352513240919
2016-04-08 23:22:00,79.47878288378288
2016-04-08 23:23:00,77.51071914800175
2016-04-08 23:24:00,76.12574440052701
2016-04-08 23:25:00,75.69001610305958
2016-04-08 23:26:00,77.27028765920069
2016-04-08 23:27:00,77.55695985581043
2016-04-08 23:28:00,78.04401126651126
2016-04-08 23:29:00,79.20485618085618
2016-04-08 23:30:00,78.63410973084886
2016-04-08 23:31:00,82.39032634032634
2016-04-08 23:32:00,79.90619658119658
2016-04-08 23:33:00,81.31480952380953
2016-04-08 23:34:00,81.68970085470086
2016-04-08 23:35:00,78.48055531944031
2016-04-08 23:36:00,77.5901897447201
2016-04-08 23:37:00,79.01845470933365
2016-04-08 23:38:00,76.92507042774909
2016-04-08 23:39:00,81.28583333333334
2016-04-08 23:40:00,79.15460674064123
2016-04-08 23:41:00,76.53497474747475
2016-04-08 23:42:00,74.94377365163572
2016-04-08 23:43:00,77.06349206349206
2016-04-08 23:44:00,78.08613053613054
2016-04-08 23:45:00,77.22485507246377
2016-04-08 23:46:00,77.22905934343434
2016-04-08 23:47:00,74.80077294685991
2016-04-08 23:48:00,75.66050538833147
2016-04-08 23:49:00,76.21003857045837
2016-04-08 23:50:00,76.20694462542288
2016-04-08 23:51:00,73.94161200123844
2016-04-08 23:52:00,72.65561167227834
2016-04-08 23:53:00,74.53471941638608
2016-04-08 23:54:00,76.42429487179487
2016-04-08 23:55:00,76.9285113035113
2016-04-08 23:56:00,74.74048769716875
2016-04-08 23:57:00,75.06219806763285
2016-04-08 23:58:00,76.66860296513522
2016-04-08 23:59:00,76.95704106280193
2016-04-09 00:00:00,76.68005175983437
2016-04-09 00:01:00,75.95823171326795
2016-04-09 00:02:00,78.84588541425849
2016-04-09 00:03:00,79.58382067060228
2016-04-09 00:04:00,80.24601130753305
2016-04-09 00:05:00,79.22205563884724
2016-04-09 00:06:00,78.4900749411619
2016-04-09 00:07:00,78.4137707434809
2016-04-09 00:08:00,76.51594359070465
2016-04-09 00:09:00,78.2525605822445
2016-04-09 00:10:00,79.95127386703474
2016-04-09 00:11:00,79.18280113190157
2016-04-09 00:12:00,80.24576923076923
2016-04-09 00:13:00,79.00112809895418
2016-04-09 00:14:00,79.72752887295898
2016-04-09 00:15:00,81.78326449536127
2016-04-09 00:16:00,79.93277264764102
2016-04-09 00:17:00,86.23990313390314
2016-04-09 00:18:00,82.75347507564899
2016-04-09 00:19:00,83.44996286472148
2016-04-09 00:20:00,87.15389451890596
2016-04-09 00:21:00,83.35946186502709
2016-04-09 00:22:00,83.42360248447206
2016-04-09 00:23:00,81.334335839599
2016-04-09 00:24:00,84.21050175669741
2016-04-09 00:25:00,80.39694041867955
2016-04-09 00:26:00,79.26388984393434
2016-04-09 00:27:00,78.56731587909748
2016-04-09 00:28:00,77.58816734989149
2016-04-09 00:29:00,77.31376811594203
2016-04-09 00:30:00,77.0928051948052
2016-04-09 00:31:00,77.65650953984287
2016-04-09 00:32:00,76.96188311688312
2016-04-09 00:33:00,76.67234848484848
2016-04-09 00:34:00,75.17191142191142
2016-04-09 00:35:00,74.93251480320446
2016-04-09 00:36:00,75.01730158730159
2016-04-09 00:37:00,73.99636363636364
2016-04-09 00:38:00,74.4544532279315
2016-04-09 00:39:00,74.15294246815985
2016-04-09 00:40:00,73.75340631590632
2016-04-09 00:41:00,72.75630511463845
2016-04-09 00:42:00,74.45841406391278
2016-04-09 00:43:00,74.14591970121383
2016-04-09 00:44:00,71.47386083323583
2016-04-09 00:45:00,70.86285936285937
2016-04-09 00:46:00,72.35704717987328
2016-04-09 00:47:00,72.8182855121261
2016-04-09 00:48:00,73.57208552317248
2016-04-09 00:49:00,73.11990801737178
2016-04-09 00:50:00,73.01673850304284
2016-04-09 00:51:00,73.11958639186899
2016-04-09 00:52:00,73.85847312649037
2016-04-09 00:53:00,72.78232288377215
2016-04-09 00:54:00,73.02013812041162
2016-04-09 00:55:00,70.79555081863403
2016-04-09 00:56:00,70.98978393587089
2016-04-09 00:57:00,72.03928932178933
2016-04-09 00:58:00,71.62615283267458
2016-04-09 00:59:00,72.26433982683982
2016-04-09 01:00:00,72.4110726833553
2016-04-09 01:01:00,72.01422781995245
2016-04-09 01:02:00,72.0573036517964
2016-04-09 01:03:00,73.20691753929002
2016-04-09 01:04:00,71.86338340209404
2016-04-09 01:05:00,72.24648510909381
2016-04-09 01:06:00,72.20757007681404
2016-04-09 01:07:00,71.53256441970727
2016-04-09 01:08:00,71.62234673928222
2016-04-09 01:09:00,71.75784306826179
2016-04-09 01:10:00,73.00726953056146
2016-04-09 01:11:00,73.2351923076923
2016-04-09 01:12:00,71.65315962148796
2016-04-09 01:13:00,71.92318039282057
2016-04-09 01:14:00,72.84797114893388
2016-04-09 01:15:00,72.99024548950015
2016-04-09 01:16:00,74.16498964803313
2016-04-09 01:17:00,72.64835382009295
2016-04-09 01:18:00,72.25155304465649
2016-04-09 01:19:00,73.10472593338973
2016-04-09 01:20:00,73.64148920437741
2016-04-09 01:21:00,73.7684608090965
2016-04-09 01:22:00,74.47657152571598
2016-04-09 01:23:00,73.44483950228515
2016-04-09 01:24:00,72.3834150735393
2016-04-09 01:25:00,73.47435594081557
2016-04-09 01:26:00,74.29241611850307
2016-04-09 01:27:00,74.20358295599674
2016-04-09 01:28:00,72.13575798506277
2016-04-09 01:29:00,72.0300604567846
2016-04-09 01:30:00,72.09825285825285
2016-04-09 01:31:00,72.11949724993204
2016-04-09 01:32:00,72.11473544973545
2016-04-09 01:33:00,72.5358083870153
2016-04-09 01:34:00,73.97458697786183
2016-04-09 01:35:00,73.68845598845598
2016-04-09 01:36:00,72.45993991326472
2016-04-09 01:37:00,73.0541865441829
2016-04-09 01:38:00,68.58534308111948
2016-04-09 01:39:00,68.45051065911314
2016-04-09 01:40:00,67.69719339773528
2016-04-09 01:41:00,70.06953427524856
2016-04-09 01:42:00,69.06822742474917
2016-04-09 01:43:00,69.80284640558133
2016-04-09 01:44:00,69.21335403726708
2016-04-09 01:45:00,68.46086043112898
2016-04-09 01:46:00,68.12041177213591
2016-04-09 01:47:00,68.7848299319728
2016-04-09 01:48:00,68.4362987012987
2016-04-09 01:49:00,68.82633126850304
2016-04-09 01:50:00,69.06787415483068
2016-04-09 01:51:00,70.52540781969353
2016-04-09 01:52:00,68.91104867883068
2016-04-09 01:53:00,69.09132717294207
2016-04-09 01:54:00,67.54156801330714
2016-04-09 01:55:00,69.09883775644646
2016-04-09 01:56:00,68.39893896763462
2016-04-09 01:57:00,67.54357069661418
2016-04-09 01:58:00,69.21109450935538
2016-04-09 01:59:00,67.75415273132664
2016-04-09 02:00:00,69.1922995017405
2016-04-09 02:01:00,69.40637476165426
2016-04-09 02:02:00,67.88435690746036
2016-04-09 02:03:00,67.5672877846791
2016-04-09 02:04:00,66.66871135860642
2016-04-09 02:05:00,68.17127094437653
2016-04-09 02:06:00,66.61729019119356
2016-04-09 02:07:00,67.6478320852142
2016-04-09 02:08:00,68.2962146549103
2016-04-09 02:09:00,69.52171792118783
2016-04-09 02:10:00,65.56533189033189
2016-04-09 02:11:00,66.53747264123041
2016-04-09 02:12:00,66.62291817912936
2016-04-09 02:13:00,65.8977425969555
2016-04-09 02:14:00,67.58777620552608
2016-04-09 02:15:00,67.25793525315264
2016-04-09 02:16:00,66.64746718085227
2016-04-09 02:17:00,69.2936972447842
2016-04-09 02:18:00,68.3004139338922
2016-04-09 02:19:00,67.40367346938775
2016-04-09 02:20:00,68.63773896910543
2016-04-09 02:21:00,67.7642722794447
2016-04-09 02:22:00,66.21832781910743
2016-04-09 02:23:00,66.0526402743794
2016-04-09 02:24:00,65.31194805194805
2016-04-09 02:25:00,64.92503076633511
2016-04-09 02:26:00,65.67296388911295
2016-04-09 02:27:00,65.24924551638837
2016-04-09 02:28:00,66.58509163785455
2016-04-09 02:29:00,69.29244312908482
2016-04-09 02:30:00,69.17894237599708
2016-04-09 02:31:00,69.73852922439879
2016-04-09 02:32:00,68.16358221488656
2016-04-09 02:33:00,66.36371633292815
2016-04-09 02:34:00,67.68918219461698
2016-04-09 02:35:00,67.49887288694741
2016-04-09 02:36:00,68.9572801020006
2016-04-09 02:37:00,67.57688169520682
2016-04-09 02:38:00,68.22991059664973
2016-04-09 02:39:00,66.7905796205175
2016-04-09 02:40:00,66.99076053346239
2016-04-09 02:41:00,68.32927966443495
2016-04-09 02:42:00,67.62393374741201
2016-04-09 02:43:00,67.53579495039124
2016-04-09 02:44:00,68.22023257166114
2016-04-09 02:45:00,68.48364433185863
2016-04-09 02:46:00,68.86455864430619
2016-04-09 02:47:00,66.7844313557507
2016-04-09 02:48:00,65.15871693523867
2016-04-09 02:49:00,65.86809592523878
2016-04-09 02:50:00,66.95654526632788
2016-04-09 02:51:00,68.63092126433641
2016-04-09 02:52:00,69.31204807614746
2016-04-09 02:53:00,70.54673047219632
2016-04-09 02:54:00,68.13166212991415
2016-04-09 02:55:00,64.37753942592653
2016-04-09 02:56:00,66.26133235109391
2016-04-09 02:57:00,67.00546485260772
2016-04-09 02:58:00,61.453886827458255
2016-04-09 02:59:00,61.92146322736385
2016-04-09 03:00:00,62.48152261816858
2016-04-09 03:01:00,62.87550940470195
2016-04-09 03:02:00,63.040036831596936
2016-04-09 03:03:00,63.417570078597066
2016-04-09 03:04:00,63.63681292994056
2016-04-09 03:05:00,64.55161820063994
2016-04-09 03:06:00,63.44070810142239
2016-04-09 03:07:00,63.09694739784025
2016-04-09 03:08:00,62.62741008901857
2016-04-09 03:09:00,63.39368998246702
2016-04-09 03:10:00,62.119511298296906
2016-04-09 03:11:00,62.56572423435778
2016-04-09 03:12:00,63.18401944355454
2016-04-09 03:13:00,62.34264460119123
2016-04-09 03:14:00,63.23866001033702
2016-04-09 03:15:00,62.6508772257862
2016-04-09 03:16:00,62.890906906240765
2016-04-09 03:17:00,63.0708926684082
2016-04-09 03:18:00,64.0809971821225
2016-04-09 03:19:00,63.99413926229716
2016-04-09 03:20:00,63.066292486649125
2016-04-09 03:21:00,63.0805753739623
2016-04-09 03:22:00,63.23648980704453
2016-04-09 03:23:00,63.85049414210129
2016-04-09 03:24:00,62.89352038575641
2016-04-09 03:25:00,62.41933215622657
2016-04-09 03:26:00,62.52269293924467
2016-04-09 03:27:00,63.00115742457475
2016-04-09 03:28:00,64.17897170718277
2016-04-09 03:29:00,64.8480870980871
2016-04-09 03:30:00,64.89310451453308
2016-04-09 03:31:00,64.34517090052803
2016-04-09 03:32:00,62.798874458874465
2016-04-09 03:33:00,64.10419676484894
2016-04-09 03:34:00,63.24786988373945
2016-04-09 03:35:00,61.45229246943533
2016-04-09 03:36:00,62.45238095238095
2016-04-09 03:37:00,64.19221466364324
2016-04-09 03:38:00,65.36808636498077
2016-04-09 03:39:00,66.57485543442066
2016-04-09 03:40:00,68.26703550964635
2016-04-09 03:41:00,68.980910443994
2016-04-09 03:42:00,67.33037037037037
2016-04-09 03:43:00,64.4357110116774
2016-04-09 03:44:00,62.86093826696913
2016-04-09 03:45:00,62.67696791935923
2016-04-09 03:46:00,62.20625300625301
2016-04-09 03:47:00,61.943067427325296
2016-04-09 03:48:00,61.318464891446254
2016-04-09 03:49:00,60.24323011357173
2016-04-09 03:50:00,60.11231884057971
2016-04-09 03:51:00,60.58112327056426
2016-04-09 03:52:00,60.29624998879657
2016-04-09 03:53:00,60.84706276010623
2016-04-09 03:54:00,60.98980648980649
2016-04-09 03:55:00,61.28575797908096
2016-04-09 03:56:00,63.78522959183674
2016-04-09 03:57:00,61.55535294290917
2016-04-09 03:58:00,60.866301524562395
2016-04-09 03:59:00,61.63806092458266
2016-04-09 04:00:00,61.51126226341614
2016-04-09 04:01:00,61.314805330633135
2016-04-09 04:02:00,61.52817661979152
2016-04-09 04:03:00,61.68937229437229
2016-04-09 04:04:00,62.4720875347969
2016-04-09 04:05:00,64.32685550082103
2016-04-09 04:06:00,62.844234283085214
2016-04-09 04:07:00,62.91501332001332
2016-04-09 04:08:00,64.42007517173246
2016-04-09 04:09:00,63.73852541320572
2016-04-09 04:10:00,63.98061147186147
2016-04-09 04:11:00,63.38102704343113
2016-04-09 04:12:00,64.3930784621541
2016-04-09 04:13:00,64.76303506837989
2016-04-09 04:14:00,63.02466546336111
2016-04-09 04:15:00,62.909047037618464
2016-04-09 04:16:00,64.50554875611526
2016-04-09 04:17:00,62.18567879325643
2016-04-09 04:18:00,61.354843073593074
2016-04-09 04:19:00,62.08403041662508
2016-04-09 04:20:00,61.45173415611304
2016-04-09 04:21:00,61.815868768912246
2016-04-09 04:22:00,61.66972194472195
2016-04-09 04:23:00,63.46437728937729
2016-04-09 04:24:00,63.19027649769585
2016-04-09 04:25:00,61.91805360271199
2016-04-09 04:26:00,60.4388316343155
2016-04-09 04:27:00,60.48421859713785
2016-04-09 04:28:00,60.94382688165297
2016-04-09 04:29:00,61.62512561512562
2016-04-09 04:30:00,62.281291172595516
2016-04-09 04:31:00,62.221645962732914
2016-04-09 04:32:00,63.051329105676935
2016-04-09 04:33:00,63.07274372553983
2016-04-09 04:34:00,62.28252044252044
2016-04-09 04:35:00,63.75362634866383
2016-04-09 04:36:00,63.49485633414205
2016-04-09 04:37:00,62.39348565513161
2016-04-09 04:38:00,63.51124875124875
2016-04-09 04:39:00,62.377856976994906
2016-04-09 04:40:00,62.74302573203194
2016-04-09 04:41:00,63.766127946127945
2016-04-09 04:42:00,65.38144383394383
2016-04-09 04:43:00,64.13614482291901
2016-04-09 04:44:00,62.37527386858565
2016-04-09 04:45:00,63.61040928820432
2016-04-09 04:46:00,60.397608491672536
2016-04-09 04:47:00,59.92277991159978
2016-04-09 04:48:00,60.552803607738404
2016-04-09 04:49:00,61.24594402013757
2016-04-09 04:50:00,66.74905793391066
2016-04-09 04:51:00,63.733221281823766
2016-04-09 04:52:00,63.732204068333104
2016-04-09 04:53:00,62.04687184995455
2016-04-09 04:54:00,61.0845759863592
2016-04-09 04:55:00,65.39987293768083
2016-04-09 04:56:00,61.940017039412204
2016-04-09 04:57:00,62.92827815862298
2016-04-09 04:58:00,64.01710121769632
2016-04-09 04:59:00,64.16314640659468
2016-04-09 05:00:00,63.576042477108146
2016-04-09 05:01:00,62.156471281340046
2016-04-09 05:02:00,65.33640357026226
2016-04-09 05:03:00,69.16828867412308
2016-04-09 05:04:00,68.51852797464211
2016-04-09 05:05:00,68.51542086099808
2016-04-09 05:06:00,69.01823653198653
2016-04-09 05:07:00,68.84934318097362
2016-04-09 05:08:00,66.94987601418308
2016-04-09 05:09:00,65.5109811022311
2016-04-09 05:10:00,65.62138484745083
2016-04-09 05:11:00,65.81782823155106
2016-04-09 05:12:00,63.12610620912514
2016-04-09 05:13:00,63.558573220258005
2016-04-09 05:14:00,64.81631392785485
2016-04-09 05:15:00,65.12551759834369
2016-04-09 05:16:00,65.37613224637681
2016-04-09 05:17:00,65.5006737012987
2016-04-09 05:18:00,66.06526198439242
2016-04-09 05:19:00,67.30769104084321
2016-04-09 05:20:00,67.37078110295502
2016-04-09 05:21:00,67.321524427953
2016-04-09 05:22:00,66.27099970422952
2016-04-09 05:23:00,66.54383775644645
2016-04-09 05:24:00,67.18410031996989
2016-04-09 05:25:00,69.03174347158217
2016-04-09 05:26:00,71.87778934483002
2016-04-09 05:27:00,73.27304884723239
2016-04-09 05:28:00,71.84787210718888
2016-04-09 05:29:00,71.11864765669114
2016-04-09 05:30:00,70.46400623186337
2016-04-09 05:31:00,69.28071797889116
2016-04-09 05:32:00,66.35824275362319
2016-04-09 05:33:00,66.38826605250252
2016-04-09 05:34:00,66.96455601564297
2016-04-09 05:35:00,66.3552496097253
2016-04-09 05:36:00,68.36845238095238
2016-04-09 05:37:00,69.21372090553125
2016-04-09 05:38:00,68.64719082719083
2016-04-09 05:39:00,68.71987117820451
2016-04-09 05:40:00,71.04329089369412
2016-04-09 05:41:00,70.79221431910773
2016-04-09 05:42:00,67.13868614169262
2016-04-09 05:43:00,65.28588843618255
2016-04-09 05:44:00,63.63934822227818
2016-04-09 05:45:00,64.73777235531894
2016-04-09 05:46:00,65.47437360641617
2016-04-09 05:47:00,66.4025249695838
2016-04-09 05:48:00,66.58664596273292
2016-04-09 05:49:00,67.58374210483633
2016-04-09 05:50:00,67.28334877033818
2016-04-09 05:51:00,65.9365651015651
2016-04-09 05:52:00,66.25547893956546
2016-04-09 05:53:00,67.2832427975751
2016-04-09 05:54:00,67.03089522178882
2016-04-09 05:55:00,67.8843348576889
2016-04-09 05:56:00,67.95506211180124
2016-04-09 05:57:00,66.65495270774774
2016-04-09 05:58:00,67.78130577568359
2016-04-09 05:59:00,67.26845459923099
2016-04-09 06:00:00,66.53255049964196
2016-04-09 06:01:00,65.67587601839155
2016-04-09 06:02:00,66.08702898550725
2016-04-09 06:03:00,65.87034414860501
2016-04-09 06:04:00,64.57687340839514
2016-04-09 06:05:00,66.70900636463651
2016-04-09 06:06:00,66.20846122476557
2016-04-09 06:07:00,67.01929089429089
2016-04-09 06:08:00,65.94879423199299
2016-04-09 06:09:00,65.41918994700238
2016-04-09 06:10:00,66.34436853062904
2016-04-09 06:11:00,66.27748251748253
2016-04-09 06:12:00,66.24883762200533
2016-04-09 06:13:00,66.72441471571906
2016-04-09 06:14:00,67.89648263170002
2016-04-09 06:15:00,67.9472110250355
2016-04-09 06:16:00,69.0683670481807
2016-04-09 06:17:00,68.94155793873185
2016-04-09 06:18:00,67.0966772047828
2016-04-09 06:19:00,66.96970212327355
2016-04-09 06:20:00,65.70973379561615
2016-04-09 06:21:00,65.72402220967437
2016-04-09 06:22:00,67.26143784786642
2016-04-09 06:23:00,67.4609753703853
2016-04-09 06:24:00,68.70282050259009
2016-04-09 06:25:00,66.4734357577906
2016-04-09 06:26:00,65.37612257363381
2016-04-09 06:27:00,66.97027814835269
2016-04-09 06:28:00,68.74146224146224
2016-04-09 06:29:00,66.09941867656154
2016-04-09 06:30:00,67.19426878889794
2016-04-09 06:31:00,64.70315049339894
2016-04-09 06:32:00,65.55848516218082
2016-04-09 06:33:00,66.83437635577816
2016-04-09 06:34:00,67.46712824700954
2016-04-09 06:35:00,67.52538123421382
2016-04-09 06:36:00,68.02979773146029
2016-04-09 06:37:00,65.28613568396177
2016-04-09 06:38:00,66.83237048665619
2016-04-09 06:39:00,66.87675612188356
2016-04-09 06:40:00,66.30543983110486
2016-04-09 06:41:00,67.31240896358544
2016-04-09 06:42:00,69.13098525582998
2016-04-09 06:43:00,69.71976688951443
2016-04-09 06:44:00,70.19668828066344
2016-04-09 06:45:00,67.08836996336996
2016-04-09 06:46:00,67.50590084518656
2016-04-09 06:47:00,67.75157712887527
2016-04-09 06:48:00,68.660358554489
2016-04-09 06:49:00,68.60087817979122
2016-04-09 06:50:00,69.02375105685664
2016-04-09 06:51:00,68.663577508298
2016-04-09 06:52:00,67.69956203217073
2016-04-09 06:53:00,67.26467979685371
2016-04-09 06:54:00,67.4858281573499
2016-04-09 06:55:00,69.07881880024738
2016-04-09 06:56:00,68.6435003092146
2016-04-09 06:57:00,68.4065744999628
2016-04-09 06:58:00,68.16943430160822
2016-04-09 06:59:00,69.47226666248405
2016-04-09 07:00:00,67.73856030933419
2016-04-09 07:01:00,67.91588827436654
2016-04-09 07:02:00,67.6470916649488
2016-04-09 07:03:00,69.0876748050661
2016-04-09 07:04:00,69.34600291548246
2016-04-09 07:05:00,70.51637152001808
2016-04-09 07:06:00,71.98293493945668
2016-04-09 07:07:00,71.63940800400428
2016-04-09 07:08:00,71.38469454975666
2016-04-09 07:09:00,68.96789580390431
2016-04-09 07:10:00,69.13432855798261
2016-04-09 07:11:00,68.72886876322436
2016-04-09 07:12:00,68.00867309019483
2016-04-09 07:13:00,68.69738934562022
2016-04-09 07:14:00,67.38995062908107
2016-04-09 07:15:00,73.58209681196892
2016-04-09 07:16:00,73.16493506493507
2016-04-09 07:17:00,72.27179433866625
2016-04-09 07:18:00,71.50512364875077
2016-04-09 07:19:00,71.14965095291181
2016-04-09 07:20:00,71.13284235433304
2016-04-09 07:21:00,69.87390388757385
2016-04-09 07:22:00,70.56978240013954
2016-04-09 07:23:00,71.34688210340384
2016-04-09 07:24:00,71.98526592455164
2016-04-09 07:25:00,71.9883963757917
2016-04-09 07:26:00,75.21932524673119
2016-04-09 07:27:00,75.16185730867285
2016-04-09 07:28:00,74.53255819516087
2016-04-09 07:29:00,76.0461215228296
2016-04-09 07:30:00,74.55273473411721
2016-04-09 07:31:00,75.66469452074489
2016-04-09 07:32:00,73.9704587097997
2016-04-09 07:33:00,76.80134817304848
2016-04-09 07:34:00,74.30297484876314
2016-04-09 07:35:00,74.28559614559614
2016-04-09 07:36:00,72.76368366539008
2016-04-09 07:37:00,74.28773762469415
2016-04-09 07:38:00,74.27865211252309
2016-04-09 07:39:00,72.57880341880342
2016-04-09 07:40:00,73.2491035716141
2016-04-09 07:41:00,74.37156565656566
2016-04-09 07:42:00,74.56840748997796
2016-04-09 07:43:00,73.65204460059532
2016-04-09 07:44:00,76.75430253623189
2016-04-09 07:45:00,77.88785561660562
2016-04-09 07:46:00,77.40150112233445
2016-04-09 07:47:00,79.32732576602142
2016-04-09 07:48:00,76.55017288902093
2016-04-09 07:49:00,76.38757919103314
2016-04-09 07:50:00,74.8172619047619
2016-04-09 07:51:00,73.35766045548654
2016-04-09 07:52:00,74.41873866873867
2016-04-09 07:53:00,74.39564737731405
2016-04-09 07:54:00,75.85102209526762
2016-04-09 07:55:00,77.18154150197628
2016-04-09 07:56:00,76.42499502413295
2016-04-09 07:57:00,75.05835497835498
2016-04-09 07:58:00,76.15058552558553
2016-04-09 07:59:00,79.5212065233617
2016-04-09 08:00:00,80.85129570507769
2016-04-09 08:01:00,82.82402209577667
2016-04-09 08:02:00,76.54078242022304
2016-04-09 08:03:00,70.5140836940837
2016-04-09 08:04:00,76.79010218393107
2016-04-09 08:05:00,72.96587132003799
2016-04-09 08:06:00,73.85246871184371
2016-04-09 08:07:00,69.93872903916007
2016-04-09 08:08:00,69.6455362140846
2016-04-09 08:09:00,73.01207860922146
2016-04-09 08:10:00,77.04602353018502
2016-04-09 08:11:00,80.45565286163112
2016-04-09 08:12:00,80.58502847212525
2016-04-09 08:13:00,77.20990790319127
2016-04-09 08:14:00,74.31561002564798
2016-04-09 08:15:00,71.88491256483893
2016-04-09 08:16:00,74.5893064671901
2016-04-09 08:17:00,75.30124787637102
2016-04-09 08:18:00,75.72877393158
2016-04-09 08:19:00,75.15575166867869
2016-04-09 08:20:00,74.89246598639455
2016-04-09 08:21:00,76.18216445910411
2016-04-09 08:22:00,73.66491518623364
2016-04-09 08:23:00,72.93499128900571
2016-04-09 08:24:00,73.6743805241945
2016-04-09 08:25:00,72.44080582978098
2016-04-09 08:26:00,73.88014855514857
2016-04-09 08:27:00,73.00930144389771
2016-04-09 08:28:00,73.6030841954264
2016-04-09 08:29:00,74.80726533349254
2016-04-09 08:30:00,75.32085049537056
2016-04-09 08:31:00,72.65585378856767
2016-04-09 08:32:00,73.85406225589455
2016-04-09 08:33:00,75.66739358175495
2016-04-09 08:34:00,79.0095462078046
2016-04-09 08:35:00,75.4401734889358
2016-04-09 08:36:00,74.36544073909758
2016-04-09 08:37:00,73.36241076698238
2016-04-09 08:38:00,75.48599816849817
2016-04-09 08:39:00,76.41604554865424
2016-04-09 08:40:00,74.03495463588631
2016-04-09 08:41:00,72.52713250517598
2016-04-09 08:42:00,70.37714289229086
2016-04-09 08:43:00,72.22507209405501
2016-04-09 08:44:00,72.98491997016541
2016-04-09 08:45:00,73.74730682016397
2016-04-09 08:46:00,72.58713251003948
2016-04-09 08:47:00,74.417183708912
2016-04-09 08:48:00,73.8810182145815
2016-04-09 08:49:00,76.87303094708406
2016-04-09 08:50:00,77.34313319981423
2016-04-09 08:51:00,76.2396187714689
2016-04-09 08:52:00,76.90050549007984
2016-04-09 08:53:00,75.88241654850526
2016-04-09 08:54:00,75.97632458267539
2016-04-09 08:55:00,77.27628629954397
2016-04-09 08:56:00,76.45694253140809
2016-04-09 08:57:00,76.23960358213347
2016-04-09 08:58:00,77.20690813018399
2016-04-09 08:59:00,78.22778372758386
2016-04-09 09:00:00,79.42677787062166
2016-04-09 09:01:00,81.10582231205825
2016-04-09 09:02:00,77.75696283402718
2016-04-09 09:03:00,74.0795956479802
2016-04-09 09:04:00,73.50958539445936
2016-04-09 09:05:00,77.42373052205176
2016-04-09 09:06:00,76.3869847871496
2016-04-09 09:07:00,77.65504459308806
2016-04-09 09:08:00,76.71260612073112
2016-04-09 09:09:00,74.59164792413011
2016-04-09 09:10:00,73.56844038208169
2016-04-09 09:11:00,75.30281934249325
2016-04-09 09:12:00,75.02443900388405
2016-04-09 09:13:00,74.95426429413499
2016-04-09 09:14:00,75.24086004317576
2016-04-09 09:15:00,75.9839412424493
2016-04-09 09:16:00,75.00708284352142
2016-04-09 09:17:00,74.23476416955614
2016-04-09 09:18:00,76.19162498927304
2016-04-09 09:19:00,78.44067860809292
2016-04-09 09:20:00,75.15174195824939
2016-04-09 09:21:00,74.93026549599826
2016-04-09 09:22:00,74.45463101566517
2016-04-09 09:23:00,75.09847592780783
2016-04-09 09:24:00,75.6407299230144
2016-04-09 09:25:00,75.09126157731573
2016-04-09 09:26:00,76.03822153407424
2016-04-09 09:27:00,76.0087432795699
2016-04-09 09:28:00,75.18822939339243
2016-04-09 09:29:00,74.44275170481693
2016-04-09 09:30:00,74.57385180273111
2016-04-09 09:31:00,75.75459309608016
2016-04-09 09:32:00,76.10715963599397
2016-04-09 09:33:00,77.59393589263061
2016-04-09 09:34:00,77.53679593036274
2016-04-09 09:35:00,76.99167683156104
2016-04-09 09:36:00,77.44282727789827
2016-04-09 09:37:00,80.64348276910496
2016-04-09 09:38:00,79.26083557011816
2016-04-09 09:39:00,76.70779447941865
2016-04-09 09:40:00,78.46188983430362
2016-04-09 09:41:00,78.79334222769567
2016-04-09 09:42:00,79.31481611801807
2016-04-09 09:43:00,77.53158862359173
2016-04-09 09:44:00,77.47956709439629
2016-04-09 09:45:00,77.76688231123715
2016-04-09 09:46:00,78.47320630108808
2016-04-09 09:47:00,77.22116253133602
2016-04-09 09:48:00,78.69931667128711
2016-04-09 09:49:00,78.20753130945864
2016-04-09 09:50:00,76.79554446314334
2016-04-09 09:51:00,78.11293874069736
2016-04-09 09:52:00,76.78248089851776
2016-04-09 09:53:00,75.64131689034755
2016-04-09 09:54:00,76.83743386243385
2016-04-09 09:55:00,76.41522092708051
2016-04-09 09:56:00,76.32810356948288
2016-04-09 09:57:00,75.02730288345195
2016-04-09 09:58:00,76.39585034013605
2016-04-09 09:59:00,79.83510874896503
2016-04-09 10:00:00,80.76650312650312
2016-04-09 10:01:00,79.14673033356664
2016-04-09 10:02:00,79.97678875655834
2016-04-09 10:03:00,82.53765624095108
2016-04-09 10:04:00,81.05844715067732
2016-04-09 10:05:00,78.7134316442553
2016-04-09 10:06:00,77.72531162989934
2016-04-09 10:07:00,80.29283761528328
2016-04-09 10:08:00,80.31202927361325
2016-04-09 10:09:00,78.97311059311059
2016-04-09 10:10:00,79.6022221990972
2016-04-09 10:11:00,79.59138594483422
2016-04-09 10:12:00,79.51429707269381
2016-04-09 10:13:00,79.17502674459196
2016-04-09 10:14:00,78.98954685099847
2016-04-09 10:15:00,79.40939104280278
2016-04-09 10:16:00,80.01370253493324
2016-04-09 10:17:00,81.22294798113764
2016-04-09 10:18:00,81.87614152281259
2016-04-09 10:19:00,81.75860731724512
2016-04-09 10:20:00,83.60237680741992
2016-04-09 10:21:00,87.55478471307276
2016-04-09 10:22:00,87.3656346289221
2016-04-09 10:23:00,85.01146492094861
2016-04-09 10:24:00,85.12718393983296
2016-04-09 10:25:00,82.8268940449647
2016-04-09 10:26:00,79.99212574462575
2016-04-09 10:27:00,79.38430576669707
2016-04-09 10:28:00,70.0
2016-04-09 10:29:00,64.95238095238095
2016-04-09 10:30:00,62.75
2016-04-09 10:31:00,57.78260869565217
2016-04-09 10:32:00,55.0
2016-04-09 10:33:00,55.72727272727273
2016-04-09 10:34:00,57.0
2016-04-09 10:35:00,52.535714285714285
2016-04-09 10:36:00,83.93442441481689
2016-04-09 10:37:00,80.63591582333976
2016-04-09 10:38:00,80.88179867648915
2016-04-09 10:39:00,81.30004018805363
2016-04-09 10:40:00,80.9422501639896
2016-04-09 10:41:00,83.2216611063002
2016-04-09 10:42:00,82.8549049908425
2016-04-09 10:43:00,82.50604438997821
2016-04-09 10:44:00,84.33507402852592
2016-04-09 10:45:00,82.57315920031436
2016-04-09 10:46:00,80.84839661160225
2016-04-09 10:47:00,82.02671248929869
2016-04-09 10:48:00,83.27730056401931
2016-04-09 10:49:00,84.56596210252461
2016-04-09 10:50:00,83.0700175070028
2016-04-09 10:51:00,80.469833386878
2016-04-09 10:52:00,77.97400372700776
2016-04-09 10:53:00,77.46793429431361
2016-04-09 10:54:00,79.64558459740718
2016-04-09 10:55:00,80.09028496168582
2016-04-09 10:56:00,80.01963176760216
2016-04-09 10:57:00,80.15946756797564
2016-04-09 10:58:00,80.68173421997558
2016-04-09 10:59:00,79.78903543763832
2016-04-09 11:00:00,78.76118107612861
2016-04-09 11:01:00,79.10859660807952
2016-04-09 11:02:00,80.82618102383141
2016-04-09 11:03:00,80.21979211388624
2016-04-09 11:04:00,82.56121371404133
2016-04-09 11:05:00,81.87684650494433
2016-04-09 11:06:00,81.35078801406927
2016-04-09 11:07:00,79.89051900526039
2016-04-09 11:08:00,79.91640786749483
2016-04-09 11:09:00,80.66650989409142
2016-04-09 11:10:00,81.72149509803921
2016-04-09 11:11:00,82.65898693405707
2016-04-09 11:12:00,82.66680586438652
2016-04-09 11:13:00,80.37330193615908
2016-04-09 11:14:00,79.05393273393273
2016-04-09 11:15:00,80.40702906567874
2016-04-09 11:16:00,79.86078403739118
2016-04-09 11:17:00,80.88521164021164
2016-04-09 11:18:00,81.66198528443068
2016-04-09 11:19:00,80.86972208950469
2016-04-09 11:20:00,84.16881589895016
2016-04-09 11:21:00,82.88215395118621
2016-04-09 11:22:00,84.84063591580833
2016-04-09 11:23:00,81.9973325199645
2016-04-09 11:24:00,82.4994948187883
2016-04-09 11:25:00,82.30198601662887
2016-04-09 11:26:00,83.38749163879598
2016-04-09 11:27:00,82.85942760942761
2016-04-09 11:28:00,85.68174841408404
2016-04-09 11:29:00,83.72916062198671
2016-04-09 11:30:00,83.72621902941778
2016-04-09 11:31:00,82.56693925407784
2016-04-09 11:32:00,82.13768416768417
2016-04-09 11:33:00,88.2302151278257
2016-04-09 11:34:00,86.57180428913304
2016-04-09 11:35:00,83.19432315668203
2016-04-09 11:36:00,82.14285714285714
2016-04-09 11:37:00,99.44827586206897
2016-04-09 11:38:00,103.75
2016-04-09 11:39:00,106.27586206896552
2016-04-09 11:40:00,112.04166666666667
2016-04-09 11:41:00,114.93333333333334
2016-04-09 11:42:00,101.5
2016-04-09 11:43:00,96.26923076923077
2016-04-09 11:44:00,94.1923076923077
2016-04-09 11:45:00,94.79166666666667
2016-04-09 11:46:00,94.54166666666667
2016-04-09 11:47:00,93.66666666666667
2016-04-09 11:48:00,93.16
2016-04-09 11:49:00,93.16666666666667
2016-04-09 11:50:00,93.52380952380952
2016-04-09 11:51:00,90.33333333333333
2016-04-09 11:52:00,87.79166666666667
2016-04-09 11:53:00,88.08695652173913
2016-04-09 11:54:00,90.84
2016-04-09 11:55:00,88.18181818181819
2016-04-09 11:56:00,85.65217391304348
2016-04-09 11:57:00,85.65217391304348
2016-04-09 11:58:00,84.68
2016-04-09 11:59:00,85.04
2016-04-09 12:00:00,85.95454545454545
2016-04-09 12:01:00,91.33333333333333
2016-04-09 12:02:00,109.97142857142858
2016-04-09 12:03:00,106.73076923076923
2016-04-09 12:04:00,100.4
2016-04-09 12:05:00,87.4
2016-04-09 12:06:00,87.70967741935483
2016-04-09 12:07:00,93.8
2016-04-09 12:08:00,98.95238095238095
2016-04-09 12:09:00,95.95833333333333
2016-04-09 12:10:00,93.37037037037037
2016-04-09 12:11:00,93.91304347826087
2016-04-09 12:12:00,93.21739130434783
2016-04-09 12:13:00,92.08695652173913
2016-04-09 12:14:00,92.20833333333333
2016-04-09 12:15:00,90.87096774193549
2016-04-09 12:16:00,92.81818181818181
2016-04-09 12:17:00,93.8695652173913
2016-04-09 12:18:00,94.04347826086956
2016-04-09 12:19:00,91.65517241379311
2016-04-09 12:20:00,90.4090909090909
2016-04-09 12:21:00,89.22222222222223
2016-04-09 12:22:00,84.70833333333333
2016-04-09 12:23:00,89.76923076923077
2016-04-09 12:24:00,92.5
2016-04-09 12:25:00,87.5925925925926
2016-04-09 12:26:00,86.58333333333333
2016-04-09 12:27:00,89.69565217391305
2016-04-09 12:28:00,89.86363636363636
2016-04-09 12:29:00,92.46428571428571
2016-04-09 12:30:00,95.04347826086956
2016-04-09 12:31:00,92.0
2016-04-09 12:32:00,92.75
2016-04-09 12:33:00,93.16666666666667
2016-04-09 12:34:00,92.26086956521739
2016-04-09 12:35:00,92.82608695652173
2016-04-09 12:36:00,91.17391304347827
2016-04-09 12:37:00,85.45454545454545
2016-04-09 12:38:00,83.38461538461539
2016-04-09 12:39:00,84.45454545454545
2016-04-09 12:40:00,87.20833333333333
2016-04-09 12:41:00,84.47619047619048
2016-04-09 12:42:00,86.37037037037037
2016-04-09 12:43:00,87.875
2016-04-09 12:44:00,88.57692307692308
2016-04-09 12:45:00,91.5
2016-04-09 12:46:00,90.36363636363636
2016-04-09 12:47:00,89.30434782608695
2016-04-09 12:48:00,87.9047619047619
2016-04-09 12:49:00,87.5909090909091
2016-04-09 12:50:00,87.4090909090909
2016-04-09 12:51:00,87.82608695652173
2016-04-09 12:52:00,85.0
2016-04-09 12:53:00,83.6086956521739
2016-04-09 12:54:00,84.14285714285714
2016-04-09 12:55:00,85.4090909090909
2016-04-09 12:56:00,86.27272727272727
2016-04-09 12:57:00,88.08695652173913
2016-04-09 12:58:00,91.24
2016-04-09 12:59:00,89.6086956521739
2016-04-09 13:00:00,86.70370370370371
2016-04-09 13:01:00,86.0952380952381
2016-04-09 13:02:00,88.44
2016-04-09 13:03:00,90.22727272727273
2016-04-09 13:04:00,89.43478260869566
2016-04-09 13:05:00,86.41666666666667
2016-04-09 13:06:00,86.9090909090909
2016-04-09 13:07:00,86.61904761904762
2016-04-09 13:08:00,88.65
2016-04-09 13:09:00,87.54545454545455
2016-04-09 13:10:00,87.34782608695652
2016-04-09 13:11:00,90.56
2016-04-09 13:12:00,99.48387096774194
2016-04-09 13:13:00,90.14814814814815
2016-04-09 13:14:00,96.96153846153847
2016-04-09 13:15:00,94.72727272727273
2016-04-09 13:16:00,94.95833333333333
2016-04-09 13:17:00,97.08
2016-04-09 13:18:00,95.04761904761905
2016-04-09 13:19:00,94.65384615384616
2016-04-09 13:20:00,90.58333333333333
2016-04-09 13:21:00,90.65217391304348
2016-04-09 13:22:00,92.18181818181819
2016-04-09 13:23:00,91.91666666666667
2016-04-09 13:24:00,97.03571428571429
2016-04-09 13:25:00,91.56
2016-04-09 13:26:00,92.44
2016-04-09 13:27:00,91.63333333333334
2016-04-09 13:28:00,88.77272727272727
2016-04-09 13:29:00,86.375
2016-04-09 13:30:00,100.44444444444444
2016-04-09 13:31:00,96.58333333333333
2016-04-09 13:32:00,92.83333333333333
2016-04-09 13:33:00,93.26086956521739
2016-04-09 13:34:00,93.79166666666667
2016-04-09 13:35:00,91.54166666666667
2016-04-09 13:36:00,90.1304347826087
2016-04-09 13:37:00,86.79166666666667
2016-04-09 13:38:00,90.58333333333333
2016-04-09 13:39:00,91.4
2016-04-09 13:40:00,87.2
2016-04-09 13:41:00,89.8695652173913
2016-04-09 13:42:00,89.54166666666667
2016-04-09 13:43:00,85.71428571428571
2016-04-09 13:44:00,85.47826086956522
2016-04-09 13:45:00,84.30434782608695
2016-04-09 13:46:00,82.57692307692308
2016-04-09 13:47:00,84.58333333333333
2016-04-09 13:48:00,82.77777777777777
2016-04-09 13:49:00,88.42307692307692
2016-04-09 13:50:00,100.96
2016-04-09 13:51:00,110.6969696969697
2016-04-09 13:52:00,102.6896551724138
2016-04-09 13:53:00,100.56
2016-04-09 13:54:00,93.84
2016-04-09 13:55:00,98.06896551724138
2016-04-09 13:56:00,100.68
2016-04-09 13:57:00,99.61538461538461
2016-04-09 13:58:00,95.9090909090909
2016-04-09 13:59:00,90.57142857142857
2016-04-09 14:00:00,93.70370370370371
2016-04-09 14:01:00,98.58620689655173
2016-04-09 14:02:00,94.04545454545455
2016-04-09 14:03:00,93.4074074074074
2016-04-09 14:04:00,88.95833333333333
2016-04-09 14:05:00,87.36363636363636
2016-04-09 14:06:00,89.84615384615384
2016-04-09 14:07:00,89.56521739130434
2016-04-09 14:08:00,85.33333333333333
2016-04-09 14:09:00,87.73333333333333
2016-04-09 14:10:00,93.44827586206897
2016-04-09 14:11:00,91.41666666666667
2016-04-09 14:12:00,89.93939393939394
2016-04-09 14:13:00,90.53846153846153
2016-04-09 14:14:00,88.47619047619048
2016-04-09 14:15:00,91.24
2016-04-09 14:16:00,91.875
2016-04-09 14:17:00,93.58620689655173
2016-04-09 14:18:00,87.03846153846153
2016-04-09 14:19:00,87.95652173913044
2016-04-09 14:20:00,91.39285714285714
2016-04-09 14:21:00,91.0909090909091
2016-04-09 14:22:00,89.51851851851852
2016-04-09 14:23:00,88.24137931034483
2016-04-09 14:24:00,93.56521739130434
2016-04-09 14:25:00,92.08695652173913
2016-04-09 14:26:00,92.44
2016-04-09 14:27:00,89.06896551724138
2016-04-09 14:28:00,90.22222222222223
2016-04-09 14:29:00,90.58333333333333
2016-04-09 14:30:00,91.1923076923077
2016-04-09 14:31:00,108.24242424242425
2016-04-09 14:32:00,97.28571428571429
2016-04-09 14:33:00,87.40625
2016-04-09 14:34:00,86.08
2016-04-09 14:35:00,91.52173913043478
2016-04-09 14:36:00,92.6086956521739
2016-04-09 14:37:00,90.33333333333333
2016-04-09 14:38:00,90.0
2016-04-09 14:39:00,92.34782608695652
2016-04-09 14:40:00,91.77272727272727
2016-04-09 14:41:00,93.52
2016-04-09 14:42:00,92.36
2016-04-09 14:43:00,91.5909090909091
2016-04-09 14:44:00,89.6086956521739
2016-04-09 14:45:00,87.0
2016-04-09 14:46:00,88.55555555555556
2016-04-09 14:47:00,94.78260869565217
2016-04-09 14:48:00,94.5925925925926
2016-04-09 14:49:00,95.30434782608695
2016-04-09 14:50:00,96.125
2016-04-09 14:51:00,97.86206896551724
2016-04-09 14:52:00,92.625
2016-04-09 14:53:00,94.33333333333333
2016-04-09 14:54:00,95.73076923076923
2016-04-09 14:55:00,92.73913043478261
2016-04-09 14:56:00,95.23076923076923
2016-04-09 14:57:00,95.6
2016-04-09 14:58:00,95.10714285714286
2016-04-09 14:59:00,92.21739130434783
2016-04-09 15:00:00,90.56
2016-04-09 15:01:00,87.95652173913044
2016-04-09 15:02:00,93.3076923076923
2016-04-09 15:03:00,96.82608695652173
2016-04-09 15:04:00,103.22222222222223
2016-04-09 15:05:00,98.17391304347827
2016-04-09 15:06:00,92.11538461538461
2016-04-09 15:07:00,94.53571428571429
2016-04-09 15:08:00,98.54545454545455
2016-04-09 15:09:00,98.23333333333333
2016-04-09 15:10:00,93.76190476190476
2016-04-09 15:11:00,93.34782608695652
2016-04-09 15:12:00,100.4074074074074
2016-04-09 15:13:00,107.35714285714286
2016-04-09 15:14:00,109.06451612903226
2016-04-09 15:15:00,100.18518518518519
2016-04-09 15:16:00,89.66666666666667
2016-04-09 15:17:00,84.83333333333333
2016-04-09 15:18:00,88.84848484848484
2016-04-09 15:19:00,88.62068965517241
2016-04-09 15:20:00,87.3225806451613
2016-04-09 15:21:00,88.77142857142857
2016-04-09 15:22:00,101.74074074074075
2016-04-09 15:23:00,104.61538461538461
2016-04-09 15:24:00,105.0
2016-04-09 15:25:00,97.4074074074074
2016-04-09 15:26:00,108.6
2016-04-09 15:27:00,103.16
2016-04-09 15:28:00,97.76
2016-04-09 15:29:00,98.34782608695652
2016-04-09 15:30:00,96.70833333333333
2016-04-09 15:31:00,94.88461538461539
2016-04-09 15:32:00,99.83333333333333
2016-04-09 15:33:00,101.41379310344827
2016-04-09 15:34:00,100.10526315789474
2016-04-09 15:35:00,96.88888888888889
2016-04-09 15:36:00,100.64516129032258
2016-04-09 15:37:00,100.8
2016-04-09 15:38:00,104.87096774193549
2016-04-09 15:39:00,102.72
2016-04-09 15:40:00,99.13793103448276
2016-04-09 15:41:00,107.95454545454545
2016-04-09 15:42:00,104.76
2016-04-09 15:43:00,103.14814814814815
2016-04-09 15:44:00,106.20833333333333
2016-04-09 15:45:00,106.16
2016-04-09 15:46:00,101.90625
2016-04-09 15:47:00,109.41935483870968
2016-04-09 15:48:00,106.06451612903226
2016-04-09 15:49:00,105.04
2016-04-09 15:50:00,104.72727272727273
2016-04-09 15:51:00,101.37931034482759
2016-04-09 15:52:00,94.76190476190476
2016-04-09 15:53:00,99.12903225806451
2016-04-09 15:54:00,107.27272727272727
2016-04-09 15:55:00,101.7
2016-04-09 15:56:00,101.07692307692308
2016-04-09 15:57:00,96.8695652173913
2016-04-09 15:58:00,94.82608695652173
2016-04-09 15:59:00,104.28125
2016-04-09 16:00:00,111.58620689655173
2016-04-09 16:01:00,106.04
2016-04-09 16:02:00,100.35483870967742
2016-04-09 16:03:00,99.41379310344827
2016-04-09 16:04:00,99.08
2016-04-09 16:05:00,106.27586206896552
2016-04-09 16:06:00,102.3529411764706
2016-04-09 16:07:00,101.7741935483871
2016-04-09 16:08:00,107.85714285714286
2016-04-09 16:09:00,101.2
2016-04-09 16:10:00,101.36666666666666
2016-04-09 16:11:00,97.48275862068965
2016-04-09 16:12:00,92.21212121212122
2016-04-09 16:13:00,86.62068965517241
2016-04-09 16:14:00,93.0
2016-04-09 16:15:00,87.1
2016-04-09 16:16:00,90.21212121212122
2016-04-09 16:17:00,90.1
2016-04-09 16:18:00,92.75
2016-04-09 16:19:00,95.48717948717949
2016-04-09 16:20:00,97.1470588235294
2016-04-09 16:21:00,97.46875
2016-04-09 16:22:00,96.32142857142857
2016-04-09 16:23:00,95.0
2016-04-09 16:24:00,98.25
2016-04-09 16:25:00,95.63888888888889
2016-04-09 16:26:00,91.10526315789474
2016-04-09 16:27:00,93.85714285714286
2016-04-09 16:28:00,97.3076923076923
2016-04-09 16:29:00,110.44117647058823
2016-04-09 16:30:00,108.13793103448276
2016-04-09 16:31:00,99.21739130434783
2016-04-09 16:32:00,100.36
2016-04-09 16:33:00,95.19354838709677
2016-04-09 16:34:00,98.0952380952381
2016-04-09 16:35:00,96.3913043478261
2016-04-09 16:36:00,91.07407407407408
2016-04-09 16:37:00,88.91304347826087
2016-04-09 16:38:00,95.26086956521739
2016-04-09 16:39:00,106.3225806451613
2016-04-09 16:40:00,106.89655172413794
2016-04-09 16:41:00,101.58064516129032
2016-04-09 16:42:00,108.12121212121212
2016-04-09 16:43:00,103.89285714285714
2016-04-09 16:44:00,99.8
2016-04-09 16:45:00,95.95652173913044
2016-04-09 16:46:00,95.20689655172414
2016-04-09 16:47:00,97.45454545454545
2016-04-09 16:48:00,99.44444444444444
2016-04-09 16:49:00,96.0
2016-04-09 16:50:00,102.5
2016-04-09 16:51:00,100.13333333333334
2016-04-09 16:52:00,101.17241379310344
2016-04-09 16:53:00,104.90322580645162
2016-04-09 16:54:00,116.10344827586206
2016-04-09 16:55:00,116.03846153846153
2016-04-09 16:56:00,118.51612903225806
2016-04-09 16:57:00,128.46875
2016-04-09 16:58:00,127.34615384615384
2016-04-09 16:59:00,128.32142857142858
2016-04-09 17:00:00,127.95454545454545
2016-04-09 17:01:00,125.42857142857143
2016-04-09 17:02:00,120.5925925925926
2016-04-09 17:03:00,110.58620689655173
2016-04-09 17:04:00,106.32142857142857
2016-04-09 17:05:00,117.57142857142857
2016-04-09 17:06:00,121.65384615384616
2016-04-09 17:07:00,115.6774193548387
2016-04-09 17:08:00,106.79310344827586
2016-04-09 17:09:00,108.3953488372093
2016-04-09 17:10:00,120.58064516129032
2016-04-09 17:11:00,124.32
2016-04-09 17:12:00,117.75
2016-04-09 17:13:00,111.54166666666667
2016-04-09 17:14:00,106.23333333333333
2016-04-09 17:15:00,107.4074074074074
2016-04-09 17:16:00,106.35483870967742
2016-04-09 17:17:00,102.03846153846153
2016-04-09 17:18:00,103.51724137931035
2016-04-09 17:19:00,101.48
2016-04-09 17:20:00,105.04347826086956
2016-04-09 17:21:00,101.5625
2016-04-09 17:22:00,98.53571428571429
2016-04-09 17:23:00,111.27586206896552
2016-04-09 17:24:00,118.56
2016-04-09 17:25:00,112.24
2016-04-09 17:26:00,109.19354838709677
2016-04-09 17:27:00,104.58620689655173
2016-04-09 17:28:00,101.27272727272727
2016-04-09 17:29:00,99.96
2016-04-09 17:30:00,99.81818181818181
2016-04-09 17:31:00,100.5
2016-04-09 17:32:00,96.5
2016-04-09 17:33:00,93.95652173913044
2016-04-09 17:34:00,94.21739130434783
2016-04-09 17:35:00,91.17391304347827
2016-04-09 17:36:00,77.88235294117646
2016-04-09 17:37:00,70.77272727272727
2016-04-09 17:38:00,94.43478260869566
2016-04-09 17:39:00,97.0
2016-04-09 17:40:00,95.5909090909091
2016-04-09 17:41:00,102.53333333333333
2016-04-09 17:42:00,101.6842105263158
2016-04-09 17:43:00,86.03333333333333
2016-04-09 17:44:00,92.73333333333333
2016-04-09 17:45:00,93.68181818181819
2016-04-09 17:46:00,92.28571428571429
2016-04-09 17:47:00,91.73333333333333
2016-04-09 17:48:00,91.23809523809524
2016-04-09 17:49:00,92.0
2016-04-09 17:50:00,90.33333333333333
2016-04-09 17:51:00,91.20833333333333
2016-04-09 17:52:00,89.3157894736842
2016-04-09 17:53:00,79.5
2016-04-09 17:54:00,71.42857142857143
2016-04-09 17:55:00,65.96666666666667
2016-04-09 17:56:00,59.10526315789474
2016-04-09 17:57:00,59.59090909090909
2016-04-09 17:58:00,64.55172413793103
2016-04-09 17:59:00,72.47619047619048
2016-04-09 18:00:00,72.9047619047619
2016-04-09 18:01:00,74.36363636363636
2016-04-09 18:02:00,74.45454545454545
2016-04-09 18:03:00,75.2
2016-04-09 18:04:00,79.85714285714286
2016-04-09 18:05:00,81.65217391304348
2016-04-09 18:06:00,93.96428571428571
2016-04-09 18:07:00,104.3030303030303
2016-04-09 18:08:00,106.96666666666667
2016-04-09 18:09:00,101.78571428571429
2016-04-09 18:10:00,100.21621621621621
2016-04-09 18:11:00,104.8
2016-04-09 18:12:00,94.78787878787878
2016-04-09 18:13:00,94.66666666666667
2016-04-09 18:14:00,92.76
2016-04-09 18:15:00,100.08108108108108
2016-04-09 18:16:00,111.97058823529412
2016-04-09 18:17:00,114.5625
2016-04-09 18:18:00,114.52631578947368
2016-04-09 18:19:00,120.5625
2016-04-09 18:20:00,100.26666666666667
2016-04-09 18:21:00,96.1
2016-04-09 18:22:00,94.60714285714286
2016-04-09 18:23:00,91.0
2016-04-09 18:24:00,81.8
2016-04-09 18:25:00,88.0
2016-04-09 18:26:00,88.44444444444444
2016-04-09 18:27:00,86.65384615384616
2016-04-09 18:28:00,88.33333333333333
2016-04-09 18:29:00,89.92
2016-04-09 18:30:00,85.92857142857143
2016-04-09 18:31:00,86.33333333333333
2016-04-09 18:32:00,91.37037037037037
2016-04-09 18:33:00,90.4090909090909
2016-04-09 18:34:00,89.84615384615384
2016-04-09 18:35:00,93.38461538461539
2016-04-09 18:36:00,95.82608695652173
2016-04-09 18:37:00,93.9047619047619
2016-04-09 18:38:00,98.57692307692308
2016-04-09 18:39:00,101.8
2016-04-09 18:40:00,93.71875
2016-04-09 18:41:00,87.53846153846153
2016-04-09 18:42:00,89.51724137931035
2016-04-09 18:43:00,92.96969696969697
2016-04-09 18:44:00,102.60606060606061
2016-04-09 18:45:00,105.54545454545455
2016-04-09 18:46:00,118.8529411764706
2016-04-09 18:47:00,107.22222222222223
2016-04-09 18:48:00,99.10714285714286
2016-04-09 18:49:00,94.27272727272727
2016-04-09 18:50:00,94.85714285714286
2016-04-09 18:51:00,93.36363636363636
2016-04-09 18:52:00,103.25925925925925
2016-04-09 18:53:00,103.04545454545455
2016-04-09 18:54:00,101.625
2016-04-09 18:55:00,96.03448275862068
2016-04-09 18:56:00,107.71428571428571
2016-04-09 18:57:00,106.93548387096774
2016-04-09 18:58:00,105.94594594594595
2016-04-09 18:59:00,101.63333333333334
2016-04-09 19:00:00,99.3913043478261
2016-04-09 19:01:00,90.08695652173913
2016-04-09 19:02:00,94.02857142857142
2016-04-09 19:03:00,98.75
2016-04-09 19:04:00,91.14814814814815
2016-04-09 19:05:00,92.45833333333333
2016-04-09 19:06:00,102.625
2016-04-09 19:07:00,96.57692307692308
2016-04-09 19:08:00,98.5925925925926
2016-04-09 19:09:00,103.47826086956522
2016-04-09 19:10:00,100.125
2016-04-09 19:11:00,98.28571428571429
2016-04-09 19:12:00,91.625
2016-04-09 19:13:00,90.0
2016-04-09 19:14:00,90.2
2016-04-09 19:15:00,95.07692307692308
2016-04-09 19:16:00,93.14814814814815
2016-04-09 19:17:00,94.31818181818181
2016-04-09 19:18:00,94.04347826086956
2016-04-09 19:19:00,91.43333333333334
2016-04-09 19:20:00,89.84615384615384
2016-04-09 19:21:00,88.8
2016-04-09 19:22:00,89.18181818181819
2016-04-09 19:23:00,84.34782608695652
2016-04-09 19:24:00,85.71428571428571
2016-04-09 19:25:00,86.29166666666667
2016-04-09 19:26:00,95.96296296296296
2016-04-09 19:27:00,95.82857142857142
2016-04-09 19:28:00,96.5
2016-04-09 19:29:00,95.0
2016-04-09 19:30:00,88.56666666666666
2016-04-09 19:31:00,89.66666666666667
2016-04-09 19:32:00,94.0
2016-04-09 19:33:00,95.3103448275862
2016-04-09 19:34:00,105.04347826086956
2016-04-09 19:35:00,105.0
2016-04-09 19:36:00,102.66666666666667
2016-04-09 19:37:00,97.73913043478261
2016-04-09 19:38:00,97.1
2016-04-09 19:39:00,92.88
2016-04-09 19:40:00,91.0909090909091
2016-04-09 19:41:00,94.87878787878788
2016-04-09 19:42:00,98.53571428571429
2016-04-09 19:43:00,103.24
2016-04-09 19:44:00,104.63636363636364
2016-04-09 19:45:00,103.0
2016-04-09 19:46:00,102.04545454545455
2016-04-09 19:47:00,99.28571428571429
2016-04-09 19:48:00,97.54166666666667
2016-04-09 19:49:00,91.1304347826087
2016-04-09 19:50:00,91.45833333333333
2016-04-09 19:51:00,92.0
2016-04-09 19:52:00,92.0
2016-04-09 19:53:00,92.875
2016-04-09 19:54:00,93.08333333333333
2016-04-09 19:55:00,94.72727272727273
2016-04-09 19:56:00,96.69565217391305
2016-04-09 19:57:00,98.51724137931035
2016-04-09 19:58:00,97.04545454545455
2016-04-09 19:59:00,95.35
2016-04-09 20:00:00,91.56521739130434
2016-04-09 20:01:00,90.95833333333333
2016-04-09 20:02:00,95.1304347826087
2016-04-09 20:03:00,98.83333333333333
2016-04-09 20:04:00,99.0
2016-04-09 20:05:00,102.16666666666667
2016-04-09 20:06:00,102.875
2016-04-09 20:07:00,105.0
2016-04-09 20:08:00,105.70370370370371
2016-04-09 20:09:00,105.5
2016-04-09 20:10:00,101.33333333333333
2016-04-09 20:11:00,101.74074074074075
2016-04-09 20:12:00,98.96153846153847
2016-04-09 20:13:00,94.5925925925926
2016-04-09 20:14:00,92.26086956521739
2016-04-09 20:15:00,94.43478260869566
2016-04-09 20:16:00,98.5
2016-04-09 20:17:00,99.22727272727273
2016-04-09 20:18:00,102.04545454545455
2016-04-09 20:19:00,100.0909090909091
2016-04-09 20:20:00,97.42857142857143
2016-04-09 20:21:00,97.8695652173913
2016-04-09 20:22:00,98.84615384615384
2016-04-09 20:23:00,100.43478260869566
2016-04-09 20:24:00,100.96
2016-04-09 20:25:00,93.0
2016-04-09 20:26:00,90.42307692307692
2016-04-09 20:27:00,97.06666666666666
2016-04-09 20:28:00,94.82608695652173
2016-04-09 20:29:00,94.96296296296296
2016-04-09 20:30:00,98.08571428571429
2016-04-09 20:31:00,94.55555555555556
2016-04-09 20:32:00,98.88888888888889
2016-04-09 20:33:00,97.22727272727273
2016-04-09 20:34:00,96.84
2016-04-09 20:35:00,99.60714285714286
2016-04-09 20:36:00,97.25
2016-04-09 20:37:00,97.26923076923077
2016-04-09 20:38:00,96.76666666666667
2016-04-09 20:39:00,95.84615384615384
2016-04-09 20:40:00,98.27586206896552
2016-04-09 20:41:00,102.0
2016-04-09 20:42:00,102.0
2016-04-09 20:43:00,102.0
2016-04-09 20:44:00,113.96551724137932
2016-04-09 20:45:00,117.96153846153847
2016-04-09 20:46:00,108.96153846153847
2016-04-09 20:47:00,97.60714285714286
2016-04-09 20:48:00,107.39393939393939
2016-04-09 20:49:00,117.89655172413794
2016-04-09 20:50:00,109.39285714285714
2016-04-09 20:51:00,110.77777777777777
2016-04-09 20:52:00,113.25
2016-04-09 20:53:00,104.95833333333333
2016-04-09 20:54:00,103.41666666666667
2016-04-09 20:55:00,101.70370370370371
2016-04-09 20:56:00,98.73913043478261
2016-04-09 20:57:00,105.54166666666667
2016-04-09 20:58:00,104.35714285714286
2016-04-09 20:59:00,100.03333333333333
2016-04-09 21:00:00,96.83333333333333
2016-04-09 21:01:00,97.375
2016-04-09 21:02:00,96.24
2016-04-09 21:03:00,102.22222222222223
2016-04-09 21:04:00,103.73913043478261
2016-04-09 21:05:00,96.0
2016-04-09 21:06:00,93.45833333333333
2016-04-09 21:07:00,98.34782608695652
2016-04-09 21:08:00,96.91666666666667
2016-04-09 21:09:00,93.34615384615384
2016-04-09 21:10:00,96.41935483870968
2016-04-09 21:11:00,97.76
2016-04-09 21:12:00,104.51515151515152
2016-04-09 21:13:00,101.95833333333333
2016-04-09 21:14:00,101.0
2016-04-09 21:15:00,100.0
2016-04-09 21:16:00,96.25
2016-04-09 21:17:00,91.94444444444444
2016-04-09 21:18:00,85.72222222222223
2016-04-09 21:19:00,88.60526315789474
2016-04-09 21:20:00,97.17241379310344
2016-04-09 21:21:00,97.15384615384616
2016-04-09 21:22:00,101.56521739130434
2016-04-09 21:23:00,101.625
2016-04-09 21:24:00,91.29032258064517
2016-04-09 21:25:00,81.11538461538461
2016-04-09 21:26:00,95.20833333333333
2016-04-09 21:27:00,97.45454545454545
2016-04-09 21:28:00,95.47826086956522
2016-04-09 21:29:00,107.55172413793103
2016-04-09 21:30:00,115.2258064516129
2016-04-09 21:31:00,116.5
2016-04-09 21:32:00,111.44827586206897
2016-04-09 21:33:00,106.70967741935483
2016-04-09 21:34:00,106.03225806451613
2016-04-09 21:35:00,105.13793103448276
2016-04-09 21:36:00,104.52380952380952
2016-04-09 21:37:00,98.5
2016-04-09 21:38:00,89.56
2016-04-09 21:39:00,89.04
2016-04-09 21:40:00,97.38461538461539
2016-04-09 21:41:00,97.0
2016-04-09 21:42:00,90.65384615384616
2016-04-09 21:43:00,85.8695652173913
2016-04-09 21:44:00,88.63636363636364
2016-04-09 21:45:00,90.0
2016-04-09 21:46:00,90.34615384615384
2016-04-09 21:47:00,95.15384615384616
2016-04-09 21:48:00,100.20833333333333
2016-04-09 21:49:00,102.95833333333333
2016-04-09 21:50:00,99.33333333333333
2016-04-09 21:51:00,95.72727272727273
2016-04-09 21:52:00,94.62962962962963
2016-04-09 21:53:00,88.71428571428571
2016-04-09 21:54:00,93.6896551724138
2016-04-09 21:55:00,91.0
2016-04-09 21:56:00,92.34782608695652
2016-04-09 21:57:00,95.75
2016-04-09 21:58:00,96.04166666666667
2016-04-09 21:59:00,90.8
2016-04-09 22:00:00,86.20689655172414
2016-04-09 22:01:00,85.37931034482759
2016-04-09 22:02:00,85.60714285714286
2016-04-09 22:03:00,84.86206896551724
2016-04-09 22:04:00,90.24324324324324
2016-04-09 22:05:00,89.83870967741936
2016-04-09 22:06:00,84.15384615384616
2016-04-09 22:07:00,93.15384615384616
2016-04-09 22:08:00,100.04166666666667
2016-04-09 22:09:00,101.91304347826087
2016-04-09 22:10:00,100.92307692307692
2016-04-09 22:11:00,85.28152685665
2016-04-09 22:12:00,85.91861615518323
2016-04-09 22:13:00,85.24391183752357
2016-04-09 22:14:00,87.24040777945757
2016-04-09 22:15:00,86.70875778117157
2016-04-09 22:16:00,86.74011334299335
2016-04-09 22:17:00,89.95848536171117
2016-04-09 22:18:00,89.1814148584335
2016-04-09 22:19:00,89.18185425685425
2016-04-09 22:20:00,88.69660169013616
2016-04-09 22:21:00,89.2356098736346
2016-04-09 22:22:00,87.66015048830995
2016-04-09 22:23:00,88.09213348733603
2016-04-09 22:24:00,87.12727438007943
2016-04-09 22:25:00,86.929580081754
2016-04-09 22:26:00,88.50211840628508
2016-04-09 22:27:00,87.15453250453251
2016-04-09 22:28:00,88.32810256410256
2016-04-09 22:29:00,85.28599472990777
2016-04-09 22:30:00,84.34695476936857
2016-04-09 22:31:00,86.48902205788602
2016-04-09 22:32:00,84.51817391304348
2016-04-09 22:33:00,85.1638923395445
2016-04-09 22:34:00,85.14502663198314
2016-04-09 22:35:00,84.60087105165367
2016-04-09 22:36:00,84.97797162343197
2016-04-09 22:37:00,85.76245059288537
2016-04-09 22:38:00,87.99177777777778
2016-04-09 22:39:00,86.54084564860428
2016-04-09 22:40:00,81.84723253757736
2016-04-09 22:41:00,81.73115151515151
2016-04-09 22:42:00,81.56725925925926
2016-04-09 22:43:00,81.5634296400187
2016-04-09 22:44:00,80.89832298136646
2016-04-09 22:45:00,80.36383459857373
2016-04-09 22:46:00,78.39566113234591
2016-04-09 22:47:00,78.39937671024627
2016-04-09 22:48:00,77.67128270280445
2016-04-09 22:49:00,78.24836363636364
2016-04-09 22:50:00,76.9290542958186
2016-04-09 22:51:00,78.08804293634526
2016-04-09 22:52:00,81.5835
2016-04-09 22:53:00,81.88658601458602
2016-04-09 22:54:00,79.57039246984898
2016-04-09 22:55:00,77.25919169563032
2016-04-09 22:56:00,78.04747412008281
2016-04-09 22:57:00,83.09030658039279
2016-04-09 22:58:00,81.25109265734265
2016-04-09 22:59:00,80.64951085063528
2016-04-09 23:00:00,82.5917700204385
2016-04-09 23:01:00,82.29361815304469
2016-04-09 23:02:00,80.85693236714975
2016-04-09 23:03:00,79.57836244215555
2016-04-09 23:04:00,77.01370269515431
2016-04-09 23:05:00,82.75374812593704
2016-04-09 23:06:00,82.33317708861188
2016-04-09 23:07:00,76.99251207729469
2016-04-09 23:08:00,74.95255790907964
2016-04-09 23:09:00,77.15971872529344
2016-04-09 23:10:00,77.8081406248073
2016-04-09 23:11:00,78.1341770647653
2016-04-09 23:12:00,77.94777583527583
2016-04-09 23:13:00,78.6162215320911
2016-04-09 23:14:00,77.70404682274248
2016-04-09 23:15:00,76.5901130873957
2016-04-09 23:16:00,77.9336467066352
2016-04-09 23:17:00,77.45041922147901
2016-04-09 23:18:00,79.44448442445444
2016-04-09 23:19:00,79.38473990945941
2016-04-09 23:20:00,78.30172815107598
2016-04-09 23:21:00,77.7352513240919
2016-04-09 23:22:00,79.47878288378288
2016-04-09 23:23:00,77.51071914800175
2016-04-09 23:24:00,76.12574440052701
2016-04-09 23:25:00,75.69001610305958
2016-04-09 23:26:00,77.27028765920069
2016-04-09 23:27:00,77.55695985581043
2016-04-09 23:28:00,78.04401126651126
2016-04-09 23:29:00,79.20485618085618
2016-04-09 23:30:00,78.63410973084886
2016-04-09 23:31:00,82.39032634032634
2016-04-09 23:32:00,79.90619658119658
2016-04-09 23:33:00,81.31480952380953
2016-04-09 23:34:00,81.68970085470086
2016-04-09 23:35:00,78.48055531944031
2016-04-09 23:36:00,77.5901897447201
2016-04-09 23:37:00,79.01845470933365
2016-04-09 23:38:00,76.92507042774909
2016-04-09 23:39:00,81.28583333333334
2016-04-09 23:40:00,79.15460674064123
2016-04-09 23:41:00,76.53497474747475
2016-04-09 23:42:00,74.94377365163572
2016-04-09 23:43:00,77.06349206349206
2016-04-09 23:44:00,78.08613053613054
2016-04-09 23:45:00,77.22485507246377
2016-04-09 23:46:00,77.22905934343434
2016-04-09 23:47:00,74.80077294685991
2016-04-09 23:48:00,75.66050538833147
2016-04-09 23:49:00,76.21003857045837
2016-04-09 23:50:00,76.20694462542288
2016-04-09 23:51:00,73.94161200123844
2016-04-09 23:52:00,72.65561167227834
2016-04-09 23:53:00,74.53471941638608
2016-04-09 23:54:00,76.42429487179487
2016-04-09 23:55:00,76.9285113035113
2016-04-09 23:56:00,74.74048769716875
2016-04-09 23:57:00,75.06219806763285
2016-04-09 23:58:00,76.66860296513522
2016-04-09 23:59:00,76.95704106280193
2016-04-10 00:00:00,76.68005175983437
2016-04-10 00:01:00,75.95823171326795
2016-04-10 00:02:00,78.84588541425849
2016-04-10 00:03:00,79.58382067060228
2016-04-10 00:04:00,80.24601130753305
2016-04-10 00:05:00,79.22205563884724
2016-04-10 00:06:00,78.4900749411619
2016-04-10 00:07:00,78.4137707434809
2016-04-10 00:08:00,76.51594359070465
2016-04-10 00:09:00,78.2525605822445
2016-04-10 00:10:00,79.95127386703474
2016-04-10 00:11:00,79.18280113190157
2016-04-10 00:12:00,80.24576923076923
2016-04-10 00:13:00,79.00112809895418
2016-04-10 00:14:00,79.72752887295898
2016-04-10 00:15:00,81.78326449536127
2016-04-10 00:16:00,79.93277264764102
2016-04-10 00:17:00,86.23990313390314
2016-04-10 00:18:00,82.75347507564899
2016-04-10 00:19:00,83.44996286472148
2016-04-10 00:20:00,87.15389451890596
2016-04-10 00:21:00,83.35946186502709
2016-04-10 00:22:00,83.42360248447206
2016-04-10 00:23:00,81.334335839599
2016-04-10 00:24:00,84.21050175669741
2016-04-10 00:25:00,80.39694041867955
2016-04-10 00:26:00,79.26388984393434
2016-04-10 00:27:00,78.56731587909748
2016-04-10 00:28:00,77.58816734989149
2016-04-10 00:29:00,77.31376811594203
2016-04-10 00:30:00,77.0928051948052
2016-04-10 00:31:00,77.65650953984287
2016-04-10 00:32:00,76.96188311688312
2016-04-10 00:33:00,76.67234848484848
2016-04-10 00:34:00,75.17191142191142
2016-04-10 00:35:00,74.93251480320446
2016-04-10 00:36:00,75.01730158730159
2016-04-10 00:37:00,73.99636363636364
2016-04-10 00:38:00,74.4544532279315
2016-04-10 00:39:00,74.15294246815985
2016-04-10 00:40:00,73.75340631590632
2016-04-10 00:41:00,72.75630511463845
2016-04-10 00:42:00,74.45841406391278
2016-04-10 00:43:00,74.14591970121383
2016-04-10 00:44:00,71.47386083323583
2016-04-10 00:45:00,70.86285936285937
2016-04-10 00:46:00,72.35704717987328
2016-04-10 00:47:00,72.8182855121261
2016-04-10 00:48:00,73.57208552317248
2016-04-10 00:49:00,73.11990801737178
2016-04-10 00:50:00,73.01673850304284
2016-04-10 00:51:00,73.11958639186899
2016-04-10 00:52:00,73.85847312649037
2016-04-10 00:53:00,72.78232288377215
2016-04-10 00:54:00,73.02013812041162
2016-04-10 00:55:00,70.79555081863403
2016-04-10 00:56:00,70.98978393587089
2016-04-10 00:57:00,72.03928932178933
2016-04-10 00:58:00,71.62615283267458
2016-04-10 00:59:00,72.26433982683982
2016-04-10 01:00:00,72.4110726833553
2016-04-10 01:01:00,72.01422781995245
2016-04-10 01:02:00,72.0573036517964
2016-04-10 01:03:00,73.20691753929002
2016-04-10 01:04:00,71.86338340209404
2016-04-10 01:05:00,72.24648510909381
2016-04-10 01:06:00,72.20757007681404
2016-04-10 01:07:00,71.53256441970727
2016-04-10 01:08:00,71.62234673928222
2016-04-10 01:09:00,71.75784306826179
2016-04-10 01:10:00,73.00726953056146
2016-04-10 01:11:00,73.2351923076923
2016-04-10 01:12:00,71.65315962148796
2016-04-10 01:13:00,71.92318039282057
2016-04-10 01:14:00,72.84797114893388
2016-04-10 01:15:00,72.99024548950015
2016-04-10 01:16:00,74.16498964803313
2016-04-10 01:17:00,72.64835382009295
2016-04-10 01:18:00,72.25155304465649
2016-04-10 01:19:00,73.10472593338973
2016-04-10 01:20:00,73.64148920437741
2016-04-10 01:21:00,73.7684608090965
2016-04-10 01:22:00,74.47657152571598
2016-04-10 01:23:00,73.44483950228515
2016-04-10 01:24:00,72.3834150735393
2016-04-10 01:25:00,73.47435594081557
2016-04-10 01:26:00,74.29241611850307
2016-04-10 01:27:00,74.20358295599674
2016-04-10 01:28:00,72.13575798506277
2016-04-10 01:29:00,72.0300604567846
2016-04-10 01:30:00,72.09825285825285
2016-04-10 01:31:00,72.11949724993204
2016-04-10 01:32:00,72.11473544973545
2016-04-10 01:33:00,72.5358083870153
2016-04-10 01:34:00,73.97458697786183
2016-04-10 01:35:00,73.68845598845598
2016-04-10 01:36:00,72.45993991326472
2016-04-10 01:37:00,73.0541865441829
2016-04-10 01:38:00,68.58534308111948
2016-04-10 01:39:00,68.45051065911314
2016-04-10 01:40:00,67.69719339773528
2016-04-10 01:41:00,70.06953427524856
2016-04-10 01:42:00,69.06822742474917
2016-04-10 01:43:00,69.80284640558133
2016-04-10 01:44:00,69.21335403726708
2016-04-10 01:45:00,68.46086043112898
2016-04-10 01:46:00,68.12041177213591
2016-04-10 01:47:00,68.7848299319728
2016-04-10 01:48:00,68.4362987012987
2016-04-10 01:49:00,68.82633126850304
2016-04-10 01:50:00,69.06787415483068
2016-04-10 01:51:00,70.52540781969353
2016-04-10 01:52:00,68.91104867883068
2016-04-10 01:53:00,69.09132717294207
2016-04-10 01:54:00,67.54156801330714
2016-04-10 01:55:00,69.09883775644646
2016-04-10 01:56:00,68.39893896763462
2016-04-10 01:57:00,67.54357069661418
2016-04-10 01:58:00,69.21109450935538
2016-04-10 01:59:00,67.75415273132664
2016-04-10 02:00:00,69.1922995017405
2016-04-10 02:01:00,69.40637476165426
2016-04-10 02:02:00,67.88435690746036
2016-04-10 02:03:00,67.5672877846791
2016-04-10 02:04:00,66.66871135860642
2016-04-10 02:05:00,68.17127094437653
2016-04-10 02:06:00,66.61729019119356
2016-04-10 02:07:00,67.6478320852142
2016-04-10 02:08:00,68.2962146549103
2016-04-10 02:09:00,69.52171792118783
2016-04-10 02:10:00,65.56533189033189
2016-04-10 02:11:00,66.53747264123041
2016-04-10 02:12:00,66.62291817912936
2016-04-10 02:13:00,65.8977425969555
2016-04-10 02:14:00,67.58777620552608
2016-04-10 02:15:00,67.25793525315264
2016-04-10 02:16:00,66.64746718085227
2016-04-10 02:17:00,69.2936972447842
2016-04-10 02:18:00,68.3004139338922
2016-04-10 02:19:00,67.40367346938775
2016-04-10 02:20:00,68.63773896910543
2016-04-10 02:21:00,67.7642722794447
2016-04-10 02:22:00,66.21832781910743
2016-04-10 02:23:00,66.0526402743794
2016-04-10 02:24:00,65.31194805194805
2016-04-10 02:25:00,64.92503076633511
2016-04-10 02:26:00,65.67296388911295
2016-04-10 02:27:00,65.24924551638837
2016-04-10 02:28:00,66.58509163785455
2016-04-10 02:29:00,69.29244312908482
2016-04-10 02:30:00,69.17894237599708
2016-04-10 02:31:00,69.73852922439879
2016-04-10 02:32:00,68.16358221488656
2016-04-10 02:33:00,66.36371633292815
2016-04-10 02:34:00,67.68918219461698
2016-04-10 02:35:00,67.49887288694741
2016-04-10 02:36:00,68.9572801020006
2016-04-10 02:37:00,67.57688169520682
2016-04-10 02:38:00,68.22991059664973
2016-04-10 02:39:00,66.7905796205175
2016-04-10 02:40:00,66.99076053346239
2016-04-10 02:41:00,68.32927966443495
2016-04-10 02:42:00,67.62393374741201
2016-04-10 02:43:00,67.53579495039124
2016-04-10 02:44:00,68.22023257166114
2016-04-10 02:45:00,68.48364433185863
2016-04-10 02:46:00,68.86455864430619
2016-04-10 02:47:00,66.7844313557507
2016-04-10 02:48:00,65.15871693523867
2016-04-10 02:49:00,65.86809592523878
2016-04-10 02:50:00,66.95654526632788
2016-04-10 02:51:00,68.63092126433641
2016-04-10 02:52:00,69.31204807614746
2016-04-10 02:53:00,70.54673047219632
2016-04-10 02:54:00,68.13166212991415
2016-04-10 02:55:00,64.37753942592653
2016-04-10 02:56:00,66.26133235109391
2016-04-10 02:57:00,67.00546485260772
2016-04-10 02:58:00,61.453886827458255
2016-04-10 02:59:00,61.92146322736385
2016-04-10 03:00:00,62.48152261816858
2016-04-10 03:01:00,62.87550940470195
2016-04-10 03:02:00,63.040036831596936
2016-04-10 03:03:00,63.417570078597066
2016-04-10 03:04:00,63.63681292994056
2016-04-10 03:05:00,64.55161820063994
2016-04-10 03:06:00,63.44070810142239
2016-04-10 03:07:00,63.09694739784025
2016-04-10 03:08:00,62.62741008901857
2016-04-10 03:09:00,63.39368998246702
2016-04-10 03:10:00,62.119511298296906
2016-04-10 03:11:00,62.56572423435778
2016-04-10 03:12:00,63.18401944355454
2016-04-10 03:13:00,62.34264460119123
2016-04-10 03:14:00,63.23866001033702
2016-04-10 03:15:00,62.6508772257862
2016-04-10 03:16:00,62.890906906240765
2016-04-10 03:17:00,63.0708926684082
2016-04-10 03:18:00,64.0809971821225
2016-04-10 03:19:00,63.99413926229716
2016-04-10 03:20:00,63.066292486649125
2016-04-10 03:21:00,63.0805753739623
2016-04-10 03:22:00,63.23648980704453
2016-04-10 03:23:00,63.85049414210129
2016-04-10 03:24:00,62.89352038575641
2016-04-10 03:25:00,62.41933215622657
2016-04-10 03:26:00,62.52269293924467
2016-04-10 03:27:00,63.00115742457475
2016-04-10 03:28:00,64.17897170718277
2016-04-10 03:29:00,64.8480870980871
2016-04-10 03:30:00,64.89310451453308
2016-04-10 03:31:00,64.34517090052803
2016-04-10 03:32:00,62.798874458874465
2016-04-10 03:33:00,64.10419676484894
2016-04-10 03:34:00,63.24786988373945
2016-04-10 03:35:00,61.45229246943533
2016-04-10 03:36:00,62.45238095238095
2016-04-10 03:37:00,64.19221466364324
2016-04-10 03:38:00,65.36808636498077
2016-04-10 03:39:00,66.57485543442066
2016-04-10 03:40:00,68.26703550964635
2016-04-10 03:41:00,68.980910443994
2016-04-10 03:42:00,67.33037037037037
2016-04-10 03:43:00,64.4357110116774
2016-04-10 03:44:00,62.86093826696913
2016-04-10 03:45:00,62.67696791935923
2016-04-10 03:46:00,62.20625300625301
2016-04-10 03:47:00,61.943067427325296
2016-04-10 03:48:00,61.318464891446254
2016-04-10 03:49:00,60.24323011357173
2016-04-10 03:50:00,60.11231884057971
2016-04-10 03:51:00,60.58112327056426
2016-04-10 03:52:00,60.29624998879657
2016-04-10 03:53:00,60.84706276010623
2016-04-10 03:54:00,60.98980648980649
2016-04-10 03:55:00,61.28575797908096
2016-04-10 03:56:00,63.78522959183674
2016-04-10 03:57:00,61.55535294290917
2016-04-10 03:58:00,60.866301524562395
2016-04-10 03:59:00,61.63806092458266
2016-04-10 04:00:00,61.51126226341614
2016-04-10 04:01:00,61.314805330633135
2016-04-10 04:02:00,61.52817661979152
2016-04-10 04:03:00,61.68937229437229
2016-04-10 04:04:00,62.4720875347969
2016-04-10 04:05:00,64.32685550082103
2016-04-10 04:06:00,62.844234283085214
2016-04-10 04:07:00,62.91501332001332
2016-04-10 04:08:00,64.42007517173246
2016-04-10 04:09:00,63.73852541320572
2016-04-10 04:10:00,63.98061147186147
2016-04-10 04:11:00,63.38102704343113
2016-04-10 04:12:00,64.3930784621541
2016-04-10 04:13:00,64.76303506837989
2016-04-10 04:14:00,63.02466546336111
2016-04-10 04:15:00,62.909047037618464
2016-04-10 04:16:00,64.50554875611526
2016-04-10 04:17:00,62.18567879325643
2016-04-10 04:18:00,61.354843073593074
2016-04-10 04:19:00,62.08403041662508
2016-04-10 04:20:00,61.45173415611304
2016-04-10 04:21:00,61.815868768912246
2016-04-10 04:22:00,61.66972194472195
2016-04-10 04:23:00,63.46437728937729
2016-04-10 04:24:00,63.19027649769585
2016-04-10 04:25:00,61.91805360271199
2016-04-10 04:26:00,60.4388316343155
2016-04-10 04:27:00,60.48421859713785
2016-04-10 04:28:00,60.94382688165297
2016-04-10 04:29:00,61.62512561512562
2016-04-10 04:30:00,62.281291172595516
2016-04-10 04:31:00,62.221645962732914
2016-04-10 04:32:00,63.051329105676935
2016-04-10 04:33:00,63.07274372553983
2016-04-10 04:34:00,62.28252044252044
2016-04-10 04:35:00,63.75362634866383
2016-04-10 04:36:00,63.49485633414205
2016-04-10 04:37:00,62.39348565513161
2016-04-10 04:38:00,63.51124875124875
2016-04-10 04:39:00,62.377856976994906
2016-04-10 04:40:00,62.74302573203194
2016-04-10 04:41:00,63.766127946127945
2016-04-10 04:42:00,65.38144383394383
2016-04-10 04:43:00,64.13614482291901
2016-04-10 04:44:00,62.37527386858565
2016-04-10 04:45:00,63.61040928820432
2016-04-10 04:46:00,60.397608491672536
2016-04-10 04:47:00,59.92277991159978
2016-04-10 04:48:00,60.552803607738404
2016-04-10 04:49:00,61.24594402013757
2016-04-10 04:50:00,66.74905793391066
2016-04-10 04:51:00,63.733221281823766
2016-04-10 04:52:00,63.732204068333104
2016-04-10 04:53:00,62.04687184995455
2016-04-10 04:54:00,61.0845759863592
2016-04-10 04:55:00,65.39987293768083
2016-04-10 04:56:00,61.940017039412204
2016-04-10 04:57:00,62.92827815862298
2016-04-10 04:58:00,64.01710121769632
2016-04-10 04:59:00,64.16314640659468
2016-04-10 05:00:00,63.576042477108146
2016-04-10 05:01:00,62.156471281340046
2016-04-10 05:02:00,65.33640357026226
2016-04-10 05:03:00,69.16828867412308
2016-04-10 05:04:00,68.51852797464211
2016-04-10 05:05:00,68.51542086099808
2016-04-10 05:06:00,69.01823653198653
2016-04-10 05:07:00,68.84934318097362
2016-04-10 05:08:00,66.94987601418308
2016-04-10 05:09:00,65.5109811022311
2016-04-10 05:10:00,65.62138484745083
2016-04-10 05:11:00,65.81782823155106
2016-04-10 05:12:00,63.12610620912514
2016-04-10 05:13:00,63.558573220258005
2016-04-10 05:14:00,64.81631392785485
2016-04-10 05:15:00,65.12551759834369
2016-04-10 05:16:00,65.37613224637681
2016-04-10 05:17:00,65.5006737012987
2016-04-10 05:18:00,66.06526198439242
2016-04-10 05:19:00,67.30769104084321
2016-04-10 05:20:00,67.37078110295502
2016-04-10 05:21:00,67.321524427953
2016-04-10 05:22:00,66.27099970422952
2016-04-10 05:23:00,66.54383775644645
2016-04-10 05:24:00,67.18410031996989
2016-04-10 05:25:00,69.03174347158217
2016-04-10 05:26:00,71.87778934483002
2016-04-10 05:27:00,73.27304884723239
2016-04-10 05:28:00,71.84787210718888
2016-04-10 05:29:00,71.11864765669114
2016-04-10 05:30:00,70.46400623186337
2016-04-10 05:31:00,69.28071797889116
2016-04-10 05:32:00,66.35824275362319
2016-04-10 05:33:00,66.38826605250252
2016-04-10 05:34:00,66.96455601564297
2016-04-10 05:35:00,66.3552496097253
2016-04-10 05:36:00,68.36845238095238
2016-04-10 05:37:00,69.21372090553125
2016-04-10 05:38:00,68.64719082719083
2016-04-10 05:39:00,68.71987117820451
2016-04-10 05:40:00,71.04329089369412
2016-04-10 05:41:00,70.79221431910773
2016-04-10 05:42:00,67.13868614169262
2016-04-10 05:43:00,65.28588843618255
2016-04-10 05:44:00,63.63934822227818
2016-04-10 05:45:00,64.73777235531894
2016-04-10 05:46:00,65.47437360641617
2016-04-10 05:47:00,66.4025249695838
2016-04-10 05:48:00,66.58664596273292
2016-04-10 05:49:00,67.58374210483633
2016-04-10 05:50:00,67.28334877033818
2016-04-10 05:51:00,65.9365651015651
2016-04-10 05:52:00,66.25547893956546
2016-04-10 05:53:00,67.2832427975751
2016-04-10 05:54:00,67.03089522178882
2016-04-10 05:55:00,67.8843348576889
2016-04-10 05:56:00,67.95506211180124
2016-04-10 05:57:00,66.65495270774774
2016-04-10 05:58:00,67.78130577568359
2016-04-10 05:59:00,67.26845459923099
2016-04-10 06:00:00,66.53255049964196
2016-04-10 06:01:00,65.67587601839155
2016-04-10 06:02:00,66.08702898550725
2016-04-10 06:03:00,65.87034414860501
2016-04-10 06:04:00,64.57687340839514
2016-04-10 06:05:00,66.70900636463651
2016-04-10 06:06:00,66.20846122476557
2016-04-10 06:07:00,67.01929089429089
2016-04-10 06:08:00,65.94879423199299
2016-04-10 06:09:00,65.41918994700238
2016-04-10 06:10:00,66.34436853062904
2016-04-10 06:11:00,66.27748251748253
2016-04-10 06:12:00,66.24883762200533
2016-04-10 06:13:00,66.72441471571906
2016-04-10 06:14:00,67.89648263170002
2016-04-10 06:15:00,67.9472110250355
2016-04-10 06:16:00,69.0683670481807
2016-04-10 06:17:00,68.94155793873185
2016-04-10 06:18:00,67.0966772047828
2016-04-10 06:19:00,66.96970212327355
2016-04-10 06:20:00,65.70973379561615
2016-04-10 06:21:00,65.72402220967437
2016-04-10 06:22:00,67.26143784786642
2016-04-10 06:23:00,67.4609753703853
2016-04-10 06:24:00,68.70282050259009
2016-04-10 06:25:00,66.4734357577906
2016-04-10 06:26:00,65.37612257363381
2016-04-10 06:27:00,66.97027814835269
2016-04-10 06:28:00,68.74146224146224
2016-04-10 06:29:00,66.09941867656154
2016-04-10 06:30:00,67.19426878889794
2016-04-10 06:31:00,64.70315049339894
2016-04-10 06:32:00,65.55848516218082
2016-04-10 06:33:00,66.83437635577816
2016-04-10 06:34:00,67.46712824700954
2016-04-10 06:35:00,67.52538123421382
2016-04-10 06:36:00,68.02979773146029
2016-04-10 06:37:00,65.28613568396177
2016-04-10 06:38:00,66.83237048665619
2016-04-10 06:39:00,66.87675612188356
2016-04-10 06:40:00,66.30543983110486
2016-04-10 06:41:00,67.31240896358544
2016-04-10 06:42:00,69.13098525582998
2016-04-10 06:43:00,69.71976688951443
2016-04-10 06:44:00,70.19668828066344
2016-04-10 06:45:00,67.08836996336996
2016-04-10 06:46:00,67.50590084518656
2016-04-10 06:47:00,67.75157712887527
2016-04-10 06:48:00,68.660358554489
2016-04-10 06:49:00,68.60087817979122
2016-04-10 06:50:00,69.02375105685664
2016-04-10 06:51:00,68.663577508298
2016-04-10 06:52:00,67.69956203217073
2016-04-10 06:53:00,67.26467979685371
2016-04-10 06:54:00,67.4858281573499
2016-04-10 06:55:00,69.07881880024738
2016-04-10 06:56:00,68.6435003092146
2016-04-10 06:57:00,68.4065744999628
2016-04-10 06:58:00,68.16943430160822
2016-04-10 06:59:00,69.47226666248405
2016-04-10 07:00:00,67.73856030933419
2016-04-10 07:01:00,67.91588827436654
2016-04-10 07:02:00,67.6470916649488
2016-04-10 07:03:00,69.0876748050661
2016-04-10 07:04:00,69.34600291548246
2016-04-10 07:05:00,70.51637152001808
2016-04-10 07:06:00,71.98293493945668
2016-04-10 07:07:00,71.63940800400428
2016-04-10 07:08:00,71.38469454975666
2016-04-10 07:09:00,68.96789580390431
2016-04-10 07:10:00,69.13432855798261
2016-04-10 07:11:00,68.72886876322436
2016-04-10 07:12:00,68.00867309019483
2016-04-10 07:13:00,68.69738934562022
2016-04-10 07:14:00,67.38995062908107
2016-04-10 07:15:00,73.58209681196892
2016-04-10 07:16:00,73.16493506493507
2016-04-10 07:17:00,72.27179433866625
2016-04-10 07:18:00,71.50512364875077
2016-04-10 07:19:00,71.14965095291181
2016-04-10 07:20:00,71.13284235433304
2016-04-10 07:21:00,69.87390388757385
2016-04-10 07:22:00,70.56978240013954
2016-04-10 07:23:00,71.34688210340384
2016-04-10 07:24:00,71.98526592455164
2016-04-10 07:25:00,71.9883963757917
2016-04-10 07:26:00,75.21932524673119
2016-04-10 07:27:00,75.16185730867285
2016-04-10 07:28:00,74.53255819516087
2016-04-10 07:29:00,76.0461215228296
2016-04-10 07:30:00,74.55273473411721
2016-04-10 07:31:00,75.66469452074489
2016-04-10 07:32:00,73.9704587097997
2016-04-10 07:33:00,76.80134817304848
2016-04-10 07:34:00,74.30297484876314
2016-04-10 07:35:00,74.28559614559614
2016-04-10 07:36:00,72.76368366539008
2016-04-10 07:37:00,74.28773762469415
2016-04-10 07:38:00,74.27865211252309
2016-04-10 07:39:00,72.57880341880342
2016-04-10 07:40:00,73.2491035716141
2016-04-10 07:41:00,74.37156565656566
2016-04-10 07:42:00,74.56840748997796
2016-04-10 07:43:00,73.65204460059532
2016-04-10 07:44:00,76.75430253623189
2016-04-10 07:45:00,77.88785561660562
2016-04-10 07:46:00,77.40150112233445
2016-04-10 07:47:00,79.32732576602142
2016-04-10 07:48:00,76.55017288902093
2016-04-10 07:49:00,76.38757919103314
2016-04-10 07:50:00,74.8172619047619
2016-04-10 07:51:00,73.35766045548654
2016-04-10 07:52:00,74.41873866873867
2016-04-10 07:53:00,74.39564737731405
2016-04-10 07:54:00,75.85102209526762
2016-04-10 07:55:00,77.18154150197628
2016-04-10 07:56:00,76.42499502413295
2016-04-10 07:57:00,75.05835497835498
2016-04-10 07:58:00,76.15058552558553
2016-04-10 07:59:00,79.5212065233617
2016-04-10 08:00:00,80.85129570507769
2016-04-10 08:01:00,82.82402209577667
2016-04-10 08:02:00,76.54078242022304
2016-04-10 08:03:00,70.0
2016-04-10 08:04:00,106.0
2016-04-10 08:05:00,72.96587132003799
2016-04-10 08:06:00,73.85246871184371
2016-04-10 08:07:00,69.93872903916007
2016-04-10 08:08:00,69.6455362140846
2016-04-10 08:09:00,73.01207860922146
2016-04-10 08:10:00,77.04602353018502
2016-04-10 08:11:00,80.45565286163112
2016-04-10 08:12:00,80.58502847212525
2016-04-10 08:13:00,77.20990790319127
2016-04-10 08:14:00,74.31561002564798
2016-04-10 08:15:00,71.88491256483893
2016-04-10 08:16:00,74.5893064671901
2016-04-10 08:17:00,75.30124787637102
2016-04-10 08:18:00,75.72877393158
2016-04-10 08:19:00,75.15575166867869
2016-04-10 08:20:00,74.89246598639455
2016-04-10 08:21:00,76.18216445910411
2016-04-10 08:22:00,73.66491518623364
2016-04-10 08:23:00,72.93499128900571
2016-04-10 08:24:00,73.6743805241945
2016-04-10 08:25:00,72.44080582978098
2016-04-10 08:26:00,73.88014855514857
2016-04-10 08:27:00,73.00930144389771
2016-04-10 08:28:00,73.6030841954264
2016-04-10 08:29:00,74.80726533349254
2016-04-10 08:30:00,75.32085049537056
2016-04-10 08:31:00,72.65585378856767
2016-04-10 08:32:00,73.85406225589455
2016-04-10 08:33:00,75.66739358175495
2016-04-10 08:34:00,79.0095462078046
2016-04-10 08:35:00,75.4401734889358
2016-04-10 08:36:00,74.36544073909758
2016-04-10 08:37:00,73.36241076698238
2016-04-10 08:38:00,75.48599816849817
2016-04-10 08:39:00,76.41604554865424
2016-04-10 08:40:00,74.03495463588631
2016-04-10 08:41:00,72.52713250517598
2016-04-10 08:42:00,70.37714289229086
2016-04-10 08:43:00,72.22507209405501
2016-04-10 08:44:00,72.98491997016541
2016-04-10 08:45:00,73.74730682016397
2016-04-10 08:46:00,72.58713251003948
2016-04-10 08:47:00,74.417183708912
2016-04-10 08:48:00,81.1
2016-04-10 08:49:00,98.26923076923077
2016-04-10 08:50:00,98.66666666666667
2016-04-10 08:51:00,93.45454545454545
2016-04-10 08:52:00,95.48148148148148
2016-04-10 08:53:00,99.89285714285714
2016-04-10 08:54:00,98.2258064516129
2016-04-10 08:55:00,100.03703703703704
2016-04-10 08:56:00,97.86206896551724
2016-04-10 08:57:00,97.23076923076923
2016-04-10 08:58:00,96.14285714285714
2016-04-10 08:59:00,102.74074074074075
2016-04-10 09:00:00,106.87096774193549
2016-04-10 09:01:00,118.53333333333333
2016-04-10 09:02:00,106.58064516129032
2016-04-10 09:03:00,95.5
2016-04-10 09:04:00,95.6875
2016-04-10 09:05:00,101.3103448275862
2016-04-10 09:06:00,91.48148148148148
2016-04-10 09:07:00,91.375
2016-04-10 09:08:00,92.70370370370371
2016-04-10 09:09:00,92.74074074074075
2016-04-10 09:10:00,90.28
2016-04-10 09:11:00,93.9
2016-04-10 09:12:00,87.82758620689656
2016-04-10 09:13:00,84.96153846153847
2016-04-10 09:14:00,89.08695652173913
2016-04-10 09:15:00,92.11538461538461
2016-04-10 09:16:00,88.84615384615384
2016-04-10 09:17:00,87.75862068965517
2016-04-10 09:18:00,101.63888888888889
2016-04-10 09:19:00,108.7
2016-04-10 09:20:00,92.6923076923077
2016-04-10 09:21:00,90.53846153846153
2016-04-10 09:22:00,91.33333333333333
2016-04-10 09:23:00,98.96296296296296
2016-04-10 09:24:00,99.76923076923077
2016-04-10 09:25:00,88.88461538461539
2016-04-10 09:26:00,95.82857142857142
2016-04-10 09:27:00,94.29166666666667
2016-04-10 09:28:00,88.47826086956522
2016-04-10 09:29:00,84.36
2016-04-10 09:30:00,90.62962962962963
2016-04-10 09:31:00,94.28
2016-04-10 09:32:00,89.53846153846153
2016-04-10 09:33:00,94.76923076923077
2016-04-10 09:34:00,91.32
2016-04-10 09:35:00,91.30434782608695
2016-04-10 09:36:00,95.57142857142857
2016-04-10 09:37:00,96.24
2016-04-10 09:38:00,93.88
2016-04-10 09:39:00,97.82758620689656
2016-04-10 09:40:00,99.96
2016-04-10 09:41:00,97.76666666666667
2016-04-10 09:42:00,96.10344827586206
2016-04-10 09:43:00,95.13636363636364
2016-04-10 09:44:00,93.78260869565217
2016-04-10 09:45:00,90.0
2016-04-10 09:46:00,88.08333333333333
2016-04-10 09:47:00,85.65217391304348
2016-04-10 09:48:00,87.0909090909091
2016-04-10 09:49:00,88.0
2016-04-10 09:50:00,87.2
2016-04-10 09:51:00,88.22727272727273
2016-04-10 09:52:00,89.77272727272727
2016-04-10 09:53:00,87.77272727272727
2016-04-10 09:54:00,89.33333333333333
2016-04-10 09:55:00,89.95238095238095
2016-04-10 09:56:00,85.45454545454545
2016-04-10 09:57:00,84.81818181818181
2016-04-10 09:58:00,86.375
2016-04-10 09:59:00,87.56521739130434
2016-04-10 10:00:00,86.86363636363636
2016-04-10 10:01:00,85.61904761904762
2016-04-10 10:02:00,85.84
2016-04-10 10:03:00,86.95652173913044
2016-04-10 10:04:00,90.66666666666667
2016-04-10 10:05:00,90.78260869565217
2016-04-10 10:06:00,90.04347826086956
2016-04-10 10:07:00,94.54545454545455
2016-04-10 10:08:00,96.54545454545455
2016-04-10 10:09:00,96.0
2016-04-10 10:10:00,98.53571428571429
2016-04-10 10:11:00,99.89655172413794
2016-04-10 10:12:00,95.52
2016-04-10 10:13:00,97.91304347826087
2016-04-10 10:14:00,103.45161290322581
2016-04-10 10:15:00,97.55172413793103
2016-04-10 10:16:00,97.19354838709677
2016-04-10 10:17:00,109.22222222222223
2016-04-10 10:18:00,110.30555555555556
2016-04-10 10:19:00,108.78571428571429
2016-04-10 10:20:00,117.88636363636364
2016-04-10 10:21:00,146.5
2016-04-10 10:22:00,140.41935483870967
2016-04-10 10:23:00,125.16
2016-04-10 10:24:00,120.78260869565217
2016-04-10 10:25:00,104.79166666666667
2016-04-10 10:26:00,97.75
2016-04-10 10:27:00,96.21739130434783
2016-04-10 10:28:00,98.16
2016-04-10 10:29:00,96.58333333333333
2016-04-10 10:30:00,96.0
2016-04-10 10:31:00,96.58333333333333
2016-04-10 10:32:00,96.5909090909091
2016-04-10 10:33:00,99.0
2016-04-10 10:34:00,105.71428571428571
2016-04-10 10:35:00,105.03448275862068
2016-04-10 10:36:00,105.75862068965517
2016-04-10 10:37:00,99.3529411764706
2016-04-10 10:38:00,99.14285714285714
2016-04-10 10:39:00,105.11764705882354
2016-04-10 10:40:00,99.93548387096774
2016-04-10 10:41:00,94.07692307692308
2016-04-10 10:42:00,94.60714285714286
2016-04-10 10:43:00,94.84
2016-04-10 10:44:00,97.29629629629629
2016-04-10 10:45:00,100.0
2016-04-10 10:46:00,100.0
2016-04-10 10:47:00,101.70370370370371
2016-04-10 10:48:00,115.4
2016-04-10 10:49:00,116.45454545454545
2016-04-10 10:50:00,115.58823529411765
2016-04-10 10:51:00,102.24137931034483
2016-04-10 10:52:00,96.19047619047619
2016-04-10 10:53:00,92.58620689655173
2016-04-10 10:54:00,100.38235294117646
2016-04-10 10:55:00,92.54166666666667
2016-04-10 10:56:00,99.42307692307692
2016-04-10 10:57:00,99.8
2016-04-10 10:58:00,100.40625
2016-04-10 10:59:00,93.29166666666667
2016-04-10 11:00:00,101.27586206896552
2016-04-10 11:01:00,103.9090909090909
2016-04-10 11:02:00,101.79166666666667
2016-04-10 11:03:00,96.0
2016-04-10 11:04:00,95.0
2016-04-10 11:05:00,91.76923076923077
2016-04-10 11:06:00,91.12
2016-04-10 11:07:00,91.63636363636364
2016-04-10 11:08:00,90.52173913043478
2016-04-10 11:09:00,92.70833333333333
2016-04-10 11:10:00,92.125
2016-04-10 11:11:00,91.1304347826087
2016-04-10 11:12:00,92.54166666666667
2016-04-10 11:13:00,91.76923076923077
2016-04-10 11:14:00,91.21739130434783
2016-04-10 11:15:00,88.42857142857143
2016-04-10 11:16:00,88.14285714285714
2016-04-10 11:17:00,91.29629629629629
2016-04-10 11:18:00,90.73913043478261
2016-04-10 11:19:00,90.79166666666667
2016-04-10 11:20:00,91.26086956521739
2016-04-10 11:21:00,90.29166666666667
2016-04-10 11:22:00,91.06896551724138
2016-04-10 11:23:00,90.25
2016-04-10 11:24:00,90.0
2016-04-10 11:25:00,93.35714285714286
2016-04-10 11:26:00,99.33333333333333
2016-04-10 11:27:00,98.32
2016-04-10 11:28:00,99.20689655172414
2016-04-10 11:29:00,98.5909090909091
2016-04-10 11:30:00,95.72
2016-04-10 11:31:00,93.33333333333333
2016-04-10 11:32:00,92.0
2016-04-10 11:33:00,82.13636363636364
2016-04-10 11:34:00,84.25
2016-04-10 11:35:00,85.16
2016-04-10 11:36:00,86.375
2016-04-10 11:37:00,86.61904761904762
2016-04-10 11:38:00,87.1304347826087
2016-04-10 11:39:00,87.04545454545455
2016-04-10 11:40:00,87.52173913043478
2016-04-10 11:41:00,86.77272727272727
2016-04-10 11:42:00,87.95652173913044
2016-04-10 11:43:00,87.04545454545455
2016-04-10 11:44:00,87.45454545454545
2016-04-10 11:45:00,85.23809523809524
2016-04-10 11:46:00,86.52173913043478
2016-04-10 11:47:00,85.66666666666667
2016-04-10 11:48:00,82.3913043478261
2016-04-10 11:49:00,81.72727272727273
2016-04-10 11:50:00,82.5909090909091
2016-04-10 11:51:00,81.4090909090909
2016-04-10 11:52:00,81.72727272727273
2016-04-10 11:53:00,83.04545454545455
2016-04-10 11:54:00,80.86363636363636
2016-04-10 11:55:00,80.16666666666667
2016-04-10 11:56:00,88.03333333333333
2016-04-10 11:57:00,97.1304347826087
2016-04-10 11:58:00,94.56
2016-04-10 11:59:00,95.41666666666667
2016-04-10 12:00:00,93.33333333333333
2016-04-10 12:01:00,93.20689655172414
2016-04-10 12:02:00,98.96969696969697
2016-04-10 12:03:00,95.11538461538461
2016-04-10 12:04:00,89.0
2016-04-10 12:05:00,87.625
2016-04-10 12:06:00,89.54166666666667
2016-04-10 12:07:00,96.25806451612904
2016-04-10 12:08:00,96.14814814814815
2016-04-10 12:09:00,95.81818181818181
2016-04-10 12:10:00,95.04166666666667
2016-04-10 12:11:00,89.14285714285714
2016-04-10 12:12:00,88.65217391304348
2016-04-10 12:13:00,89.72
2016-04-10 12:14:00,88.125
2016-04-10 12:15:00,91.92307692307692
2016-04-10 12:16:00,92.16
2016-04-10 12:17:00,96.03333333333333
2016-04-10 12:18:00,91.33333333333333
2016-04-10 12:19:00,91.9090909090909
2016-04-10 12:20:00,93.58333333333333
2016-04-10 12:21:00,91.65217391304348
2016-04-10 12:22:00,87.6
2016-04-10 12:23:00,85.875
2016-04-10 12:24:00,87.56521739130434
2016-04-10 12:25:00,88.25
2016-04-10 12:26:00,91.14285714285714
2016-04-10 12:27:00,88.72727272727273
2016-04-10 12:28:00,86.13636363636364
2016-04-10 12:29:00,78.66666666666667
2016-04-10 12:30:00,78.36363636363636
2016-04-10 12:31:00,85.70370370370371
2016-04-10 12:32:00,99.23333333333333
2016-04-10 12:33:00,96.29166666666667
2016-04-10 12:34:00,91.58333333333333
2016-04-10 12:35:00,89.95238095238095
2016-04-10 12:36:00,84.8076923076923
2016-04-10 12:37:00,87.5
2016-04-10 12:38:00,83.79166666666667
2016-04-10 12:39:00,85.47826086956522
2016-04-10 12:40:00,87.38095238095238
2016-04-10 12:41:00,88.54545454545455
2016-04-10 12:42:00,87.85714285714286
2016-04-10 12:43:00,85.0
2016-04-10 12:44:00,83.63636363636364
2016-04-10 12:45:00,84.36363636363636
2016-04-10 12:46:00,85.78260869565217
2016-04-10 12:47:00,85.375
2016-04-10 12:48:00,87.9090909090909
2016-04-10 12:49:00,84.52380952380952
2016-04-10 12:50:00,84.375
2016-04-10 12:51:00,85.56521739130434
2016-04-10 12:52:00,86.0
2016-04-10 12:53:00,84.17391304347827
2016-04-10 12:54:00,88.93939393939394
2016-04-10 12:55:00,88.28
2016-04-10 12:56:00,86.0
2016-04-10 12:57:00,85.95454545454545
2016-04-10 12:58:00,87.0909090909091
2016-04-10 12:59:00,92.63636363636364
2016-04-10 13:00:00,89.66666666666667
2016-04-10 13:01:00,87.54545454545455
2016-04-10 13:02:00,89.76190476190476
2016-04-10 13:03:00,95.46428571428571
2016-04-10 13:04:00,103.79310344827586
2016-04-10 13:05:00,106.88888888888889
2016-04-10 13:06:00,100.73333333333333
2016-04-10 13:07:00,97.88461538461539
2016-04-10 13:08:00,95.35714285714286
2016-04-10 13:09:00,95.0
2016-04-10 13:10:00,93.92
2016-04-10 13:11:00,89.79166666666667
2016-04-10 13:12:00,85.5
2016-04-10 13:13:00,94.55555555555556
2016-04-10 13:14:00,92.34615384615384
2016-04-10 13:15:00,89.8695652173913
2016-04-10 13:16:00,88.07692307692308
2016-04-10 13:17:00,81.33333333333333
2016-04-10 13:18:00,81.04347826086956
2016-04-10 13:19:00,86.96
2016-04-10 13:20:00,88.75757575757575
2016-04-10 13:21:00,101.92592592592592
2016-04-10 13:22:00,100.22222222222223
2016-04-10 13:23:00,97.71875
2016-04-10 13:24:00,99.0
2016-04-10 13:25:00,97.46153846153847
2016-04-10 13:26:00,97.44444444444444
2016-04-10 13:27:00,94.23809523809524
2016-04-10 13:28:00,94.12
2016-04-10 13:29:00,93.54545454545455
2016-04-10 13:30:00,90.82608695652173
2016-04-10 13:31:00,90.95238095238095
2016-04-10 13:32:00,91.32
2016-04-10 13:33:00,90.66666666666667
2016-04-10 13:34:00,92.38461538461539
2016-04-10 13:35:00,91.88
2016-04-10 13:36:00,88.125
2016-04-10 13:37:00,94.64285714285714
2016-04-10 13:38:00,94.4090909090909
2016-04-10 13:39:00,97.25925925925925
2016-04-10 13:40:00,89.91428571428571
2016-04-10 13:41:00,84.9
2016-04-10 13:42:00,87.34482758620689
2016-04-10 13:43:00,85.36666666666666
2016-04-10 13:44:00,83.96153846153847
2016-04-10 13:45:00,84.91666666666667
2016-04-10 13:46:00,90.74074074074075
2016-04-10 13:47:00,93.12
2016-04-10 13:48:00,90.14285714285714
2016-04-10 13:49:00,88.65384615384616
2016-04-10 13:50:00,89.64285714285714
2016-04-10 13:51:00,90.84615384615384
2016-04-10 13:52:00,96.625
2016-04-10 13:53:00,90.85185185185185
2016-04-10 13:54:00,93.76666666666667
2016-04-10 13:55:00,92.13953488372093
2016-04-10 13:56:00,88.625
2016-04-10 13:57:00,90.69565217391305
2016-04-10 13:58:00,100.86666666666666
2016-04-10 13:59:00,114.54545454545455
2016-04-10 14:00:00,111.28571428571429
2016-04-10 14:01:00,100.26923076923077
2016-04-10 14:02:00,95.48148148148148
2016-04-10 14:03:00,95.0
2016-04-10 14:04:00,94.92592592592592
2016-04-10 14:05:00,96.18518518518519
2016-04-10 14:06:00,101.75
2016-04-10 14:07:00,106.37037037037037
2016-04-10 14:08:00,96.1
2016-04-10 14:09:00,103.03225806451613
2016-04-10 14:10:00,100.53846153846153
2016-04-10 14:11:00,98.46153846153847
2016-04-10 14:12:00,92.73076923076923
2016-04-10 14:13:00,100.35714285714286
2016-04-10 14:14:00,101.10714285714286
2016-04-10 14:15:00,97.57142857142857
2016-04-10 14:16:00,97.10344827586206
2016-04-10 14:17:00,99.70370370370371
2016-04-10 14:18:00,95.57692307692308
2016-04-10 14:19:00,94.13636363636364
2016-04-10 14:20:00,94.0
2016-04-10 14:21:00,94.55555555555556
2016-04-10 14:22:00,93.86363636363636
2016-04-10 14:23:00,93.80952380952381
2016-04-10 14:24:00,96.48387096774194
2016-04-10 14:25:00,94.06451612903226
2016-04-10 14:26:00,96.42307692307692
2016-04-10 14:27:00,101.48148148148148
2016-04-10 14:28:00,102.42857142857143
2016-04-10 14:29:00,97.20833333333333
2016-04-10 14:30:00,97.18181818181819
2016-04-10 14:31:00,94.53846153846153
2016-04-10 14:32:00,92.0
2016-04-10 14:33:00,90.16666666666667
2016-04-10 14:34:00,90.74074074074075
2016-04-10 14:35:00,92.73076923076923
2016-04-10 14:36:00,88.44444444444444
2016-04-10 14:37:00,93.55555555555556
2016-04-10 14:38:00,95.88888888888889
2016-04-10 14:39:00,94.3076923076923
2016-04-10 14:40:00,91.92592592592592
2016-04-10 14:41:00,91.57692307692308
2016-04-10 14:42:00,92.1304347826087
2016-04-10 14:43:00,95.25925925925925
2016-04-10 14:44:00,92.03448275862068
2016-04-10 14:45:00,92.25
2016-04-10 14:46:00,93.08695652173913
2016-04-10 14:47:00,94.84
2016-04-10 14:48:00,92.31818181818181
2016-04-10 14:49:00,91.73333333333333
2016-04-10 14:50:00,88.77272727272727
2016-04-10 14:51:00,92.57142857142857
2016-04-10 14:52:00,90.35714285714286
2016-04-10 14:53:00,92.20833333333333
2016-04-10 14:54:00,89.55555555555556
2016-04-10 14:55:00,91.83333333333333
2016-04-10 14:56:00,91.0
2016-04-10 14:57:00,91.56
2016-04-10 14:58:00,92.25
2016-04-10 14:59:00,93.92592592592592
2016-04-10 15:00:00,93.26086956521739
2016-04-10 15:01:00,95.46666666666667
2016-04-10 15:02:00,97.08333333333333
2016-04-10 15:03:00,96.92
2016-04-10 15:04:00,93.04761904761905
2016-04-10 15:05:00,93.48275862068965
2016-04-10 15:06:00,94.0909090909091
2016-04-10 15:07:00,95.43478260869566
2016-04-10 15:08:00,93.34782608695652
2016-04-10 15:09:00,90.6086956521739
2016-04-10 15:10:00,85.77777777777777
2016-04-10 15:11:00,86.78260869565217
2016-04-10 15:12:00,85.41666666666667
2016-04-10 15:13:00,90.16
2016-04-10 15:14:00,92.41379310344827
2016-04-10 15:15:00,91.96296296296296
2016-04-10 15:16:00,92.64
2016-04-10 15:17:00,90.92307692307692
2016-04-10 15:18:00,85.6
2016-04-10 15:19:00,88.8125
2016-04-10 15:20:00,91.4
2016-04-10 15:21:00,88.7
2016-04-10 15:22:00,94.33333333333333
2016-04-10 15:23:00,95.25
2016-04-10 15:24:00,87.76
2016-04-10 15:25:00,90.74074074074075
2016-04-10 15:26:00,91.22222222222223
2016-04-10 15:27:00,92.5
2016-04-10 15:28:00,89.74193548387096
2016-04-10 15:29:00,88.375
2016-04-10 15:30:00,89.94285714285714
2016-04-10 15:31:00,91.24
2016-04-10 15:32:00,93.53846153846153
2016-04-10 15:33:00,91.66666666666667
2016-04-10 15:34:00,88.27272727272727
2016-04-10 15:35:00,77.14814814814815
2016-04-10 15:36:00,84.53333333333333
2016-04-10 15:37:00,88.96875
2016-04-10 15:38:00,87.20588235294117
2016-04-10 15:39:00,84.16
2016-04-10 15:40:00,95.25
2016-04-10 15:41:00,96.8076923076923
2016-04-10 15:42:00,94.27272727272727
2016-04-10 15:43:00,92.85714285714286
2016-04-10 15:44:00,93.17391304347827
2016-04-10 15:45:00,90.25925925925925
2016-04-10 15:46:00,92.64285714285714
2016-04-10 15:47:00,93.25
2016-04-10 15:48:00,93.35714285714286
2016-04-10 15:49:00,98.13333333333334
2016-04-10 15:50:00,103.71428571428571
2016-04-10 15:51:00,98.42307692307692
2016-04-10 15:52:00,93.75757575757575
2016-04-10 15:53:00,99.4074074074074
2016-04-10 15:54:00,97.03125
2016-04-10 15:55:00,92.20689655172414
2016-04-10 15:56:00,84.625
2016-04-10 15:57:00,86.86363636363636
2016-04-10 15:58:00,90.6
2016-04-10 15:59:00,87.66666666666667
2016-04-10 16:00:00,89.78260869565217
2016-04-10 16:01:00,88.6
2016-04-10 16:02:00,90.68
2016-04-10 16:03:00,92.57692307692308
2016-04-10 16:04:00,95.97584021006726
2016-04-10 16:05:00,94.76941672111275
2016-04-10 16:06:00,92.91950579432759
2016-04-10 16:07:00,93.45394460482117
2016-04-10 16:08:00,95.49262072692025
2016-04-10 16:09:00,95.72471001221001
2016-04-10 16:10:00,96.25165583544207
2016-04-10 16:11:00,95.84628788166415
2016-04-10 16:12:00,96.20970465524813
2016-04-10 16:13:00,93.20501567029748
2016-04-10 16:14:00,92.76885588369963
2016-04-10 16:15:00,90.23947185061316
2016-04-10 16:16:00,91.57198069403715
2016-04-10 16:17:00,93.24152851458885
2016-04-10 16:18:00,91.39490878613724
2016-04-10 16:19:00,90.82327836283693
2016-04-10 16:20:00,90.5917184705868
2016-04-10 16:21:00,86.16738173620735
2016-04-10 16:22:00,89.32141475622079
2016-04-10 16:23:00,90.31006507959633
2016-04-10 16:24:00,90.95867871259176
2016-04-10 16:25:00,90.12591152808544
2016-04-10 16:26:00,90.73421084540936
2016-04-10 16:27:00,90.4566883477867
2016-04-10 16:28:00,93.7751227938728
2016-04-10 16:29:00,94.4779547313953
2016-04-10 16:30:00,94.8241407299597
2016-04-10 16:31:00,95.67069857928179
2016-04-10 16:32:00,93.95404461917393
2016-04-10 16:33:00,91.72121176567705
2016-04-10 16:34:00,91.00179337796722
2016-04-10 16:35:00,91.69908119458391
2016-04-10 16:36:00,91.53567064655775
2016-04-10 16:37:00,92.397790017329
2016-04-10 16:38:00,93.91009222485445
2016-04-10 16:39:00,94.12588474995734
2016-04-10 16:40:00,93.83996648191646
2016-04-10 16:41:00,88.78986835394619
2016-04-10 16:42:00,91.11545193255397
2016-04-10 16:43:00,93.52736685189811
2016-04-10 16:44:00,89.73855994154555
2016-04-10 16:45:00,90.2061804060789
2016-04-10 16:46:00,91.35665211225556
2016-04-10 16:47:00,91.53421058108557
2016-04-10 16:48:00,93.56356981141464
2016-04-10 16:49:00,93.99974657865283
2016-04-10 16:50:00,93.42659293831169
2016-04-10 16:51:00,92.16304242983404
2016-04-10 16:52:00,91.79379129116761
2016-04-10 16:53:00,92.67330247693846
2016-04-10 16:54:00,96.13855602796365
2016-04-10 16:55:00,94.31724093308652
2016-04-10 16:56:00,95.7356229931826
2016-04-10 16:57:00,98.36701024323939
2016-04-10 16:58:00,98.26586441605045
2016-04-10 16:59:00,102.20639574166493
2016-04-10 17:00:00,100.85541556873079
2016-04-10 17:01:00,101.24002088903744
2016-04-10 17:02:00,98.97721341629126
2016-04-10 17:03:00,96.1223112017293
2016-04-10 17:04:00,93.54916289527702
2016-04-10 17:05:00,93.78872282608695
2016-04-10 17:06:00,93.74039782774696
2016-04-10 17:07:00,95.41440529046201
2016-04-10 17:08:00,96.70244013155136
2016-04-10 17:09:00,97.17088048328976
2016-04-10 17:10:00,98.73070743046038
2016-04-10 17:11:00,95.77283690946734
2016-04-10 17:12:00,92.63464525234227
2016-04-10 17:13:00,95.67094149811541
2016-04-10 17:14:00,95.69754115226337
2016-04-10 17:15:00,94.61426832186825
2016-04-10 17:16:00,97.90845687566117
2016-04-10 17:17:00,95.91804706222163
2016-04-10 17:18:00,95.7820334007724
2016-04-10 17:19:00,95.30092008635486
2016-04-10 17:20:00,93.80416588748636
2016-04-10 17:21:00,93.15585270432024
2016-04-10 17:22:00,93.1516870967921
2016-04-10 17:23:00,94.90815053401259
2016-04-10 17:24:00,96.50261251884822
2016-04-10 17:25:00,96.22220755046179
2016-04-10 17:26:00,94.6389041309711
2016-04-10 17:27:00,94.2322852967661
2016-04-10 17:28:00,94.05230896014545
2016-04-10 17:29:00,93.82840765514679
2016-04-10 17:30:00,92.86576435537643
2016-04-10 17:31:00,94.09172270896408
2016-04-10 17:32:00,94.71640722848453
2016-04-10 17:33:00,94.91891050776921
2016-04-10 17:34:00,94.5868401641473
2016-04-10 17:35:00,93.21708338416958
2016-04-10 17:36:00,91.34650085066966
2016-04-10 17:37:00,89.48536178647133
2016-04-10 17:38:00,90.7683998609161
2016-04-10 17:39:00,91.45525243294006
2016-04-10 17:40:00,91.58544143356644
2016-04-10 17:41:00,94.8170742068233
2016-04-10 17:42:00,93.87581517897307
2016-04-10 17:43:00,92.17924180225904
2016-04-10 17:44:00,91.56575003482551
2016-04-10 17:45:00,92.29474734657063
2016-04-10 17:46:00,90.85864679993011
2016-04-10 17:47:00,91.52063883617964
2016-04-10 17:48:00,94.20279867461652
2016-04-10 17:49:00,94.5636002886003
2016-04-10 17:50:00,94.85500415983232
2016-04-10 17:51:00,95.1513378715038
2016-04-10 17:52:00,92.37296617426153
2016-04-10 17:53:00,89.57494140767088
2016-04-10 17:54:00,89.99673742074708
2016-04-10 17:55:00,90.74941907661382
2016-04-10 17:56:00,89.16118744652738
2016-04-10 17:57:00,89.73332759207156
2016-04-10 17:58:00,89.46214664376495
2016-04-10 17:59:00,87.81709282677338
2016-04-10 18:00:00,86.42606650819211
2016-04-10 18:01:00,87.54607127172345
2016-04-10 18:02:00,90.18860842222911
2016-04-10 18:03:00,90.51579922492967
2016-04-10 18:04:00,92.30134533833372
2016-04-10 18:05:00,90.68190177160628
2016-04-10 18:06:00,91.01239147603465
2016-04-10 18:07:00,91.43776972009708
2016-04-10 18:08:00,92.48473070139737
2016-04-10 18:09:00,91.89033289252433
2016-04-10 18:10:00,89.96041559411826
2016-04-10 18:11:00,89.62933862433863
2016-04-10 18:12:00,87.35973986040482
2016-04-10 18:13:00,86.80317133006461
2016-04-10 18:14:00,89.71551646660343
2016-04-10 18:15:00,89.73407481410833
2016-04-10 18:16:00,91.8090267485664
2016-04-10 18:17:00,90.27153960237293
2016-04-10 18:18:00,90.30798972925459
2016-04-10 18:19:00,90.3245668730089
2016-04-10 18:20:00,90.37811887197479
2016-04-10 18:21:00,90.60489361461583
2016-04-10 18:22:00,90.50186698164958
2016-04-10 18:23:00,88.85156641086593
2016-04-10 18:24:00,89.70866741659296
2016-04-10 18:25:00,92.60495808948396
2016-04-10 18:26:00,90.90742221944122
2016-04-10 18:27:00,89.38053931665043
2016-04-10 18:28:00,87.70212532262008
2016-04-10 18:29:00,89.04093636637114
2016-04-10 18:30:00,87.32323208400794
2016-04-10 18:31:00,88.03509933705585
2016-04-10 18:32:00,92.66322919650423
2016-04-10 18:33:00,90.75670255670256
2016-04-10 18:34:00,90.26665068296205
2016-04-10 18:35:00,90.1150138026225
2016-04-10 18:36:00,89.82579016528292
2016-04-10 18:37:00,90.46746823833648
2016-04-10 18:38:00,92.11094644119116
2016-04-10 18:39:00,93.12937507116251
2016-04-10 18:40:00,91.00038244847403
2016-04-10 18:41:00,90.81666769891407
2016-04-10 18:42:00,92.56197872148397
2016-04-10 18:43:00,95.04094923878449
2016-04-10 18:44:00,94.10808239843328
2016-04-10 18:45:00,92.9043642705782
2016-04-10 18:46:00,92.45794752914429
2016-04-10 18:47:00,91.74436748436749
2016-04-10 18:48:00,91.51145656812324
2016-04-10 18:49:00,92.79043728880335
2016-04-10 18:50:00,91.46757820291887
2016-04-10 18:51:00,90.47214306024088
2016-04-10 18:52:00,92.862586220364
2016-04-10 18:53:00,92.07358367984388
2016-04-10 18:54:00,91.23399695425174
2016-04-10 18:55:00,88.8760242453729
2016-04-10 18:56:00,89.53130461464794
2016-04-10 18:57:00,90.92986234965664
2016-04-10 18:58:00,92.44827765139593
2016-04-10 18:59:00,92.54437605066408
2016-04-10 19:00:00,90.68393068016256
2016-04-10 19:01:00,90.33195272287838
2016-04-10 19:02:00,89.67237096237096
2016-04-10 19:03:00,89.69361669839422
2016-04-10 19:04:00,87.72201350840747
2016-04-10 19:05:00,88.80039700873034
2016-04-10 19:06:00,90.26158518053164
2016-04-10 19:07:00,90.6508855858961
2016-04-10 19:08:00,88.05716853373858
2016-04-10 19:09:00,88.72706864661305
2016-04-10 19:10:00,89.38205011574577
2016-04-10 19:11:00,90.05380898615948
2016-04-10 19:12:00,88.9902091841747
2016-04-10 19:13:00,88.99077821869489
2016-04-10 19:14:00,87.71806275874408
2016-04-10 19:15:00,86.06273425134538
2016-04-10 19:16:00,87.64838809058365
2016-04-10 19:17:00,89.09191170968948
2016-04-10 19:18:00,91.27842616369186
2016-04-10 19:19:00,93.25257243644393
2016-04-10 19:20:00,91.24757654483199
2016-04-10 19:21:00,89.91297101449275
2016-04-10 19:22:00,87.87541263562323
2016-04-10 19:23:00,83.31060550657851
2016-04-10 19:24:00,85.1799361682795
2016-04-10 19:25:00,87.65124805554633
2016-04-10 19:26:00,90.42343818410176
2016-04-10 19:27:00,91.76257264675743
2016-04-10 19:28:00,90.42996408281735
2016-04-10 19:29:00,88.52502117128395
2016-04-10 19:30:00,86.97806041784303
2016-04-10 19:31:00,88.39457634163688
2016-04-10 19:32:00,90.38182065623033
2016-04-10 19:33:00,92.52346701649175
2016-04-10 19:34:00,93.76202491273823
2016-04-10 19:35:00,94.01551177536231
2016-04-10 19:36:00,92.08475298641002
2016-04-10 19:37:00,90.82548834619487
2016-04-10 19:38:00,92.10517986542443
2016-04-10 19:39:00,89.61543026421494
2016-04-10 19:40:00,90.15730158428528
2016-04-10 19:41:00,89.85467297195558
2016-04-10 19:42:00,89.33802531003619
2016-04-10 19:43:00,91.39441652550347
2016-04-10 19:44:00,91.78627275328924
2016-04-10 19:45:00,94.31949564772145
2016-04-10 19:46:00,91.35513332595468
2016-04-10 19:47:00,93.47245503436358
2016-04-10 19:48:00,95.1363650973267
2016-04-10 19:49:00,96.02432047521721
2016-04-10 19:50:00,94.39200533765751
2016-04-10 19:51:00,93.48761666811235
2016-04-10 19:52:00,95.32050704051383
2016-04-10 19:53:00,92.75885929690277
2016-04-10 19:54:00,92.21362715092553
2016-04-10 19:55:00,91.52998953542432
2016-04-10 19:56:00,92.7058501552795
2016-04-10 19:57:00,93.49890237129334
2016-04-10 19:58:00,91.80842125969843
2016-04-10 19:59:00,90.00074404761905
2016-04-10 20:00:00,91.08932176168852
2016-04-10 20:01:00,92.43298014485515
2016-04-10 20:02:00,92.69849126888576
2016-04-10 20:03:00,92.82471517249567
2016-04-10 20:04:00,92.72835655890003
2016-04-10 20:05:00,95.53682069318876
2016-04-10 20:06:00,98.05885057601809
2016-04-10 20:07:00,97.598906449553
2016-04-10 20:08:00,97.118026877543
2016-04-10 20:09:00,93.68803569173028
2016-04-10 20:10:00,92.84659272404613
2016-04-10 20:11:00,92.9092793277576
2016-04-10 20:12:00,91.7456288535481
2016-04-10 20:13:00,88.19366525354103
2016-04-10 20:14:00,86.75475385323212
2016-04-10 20:15:00,88.42197231512449
2016-04-10 20:16:00,90.80437118437118
2016-04-10 20:17:00,90.04809696476364
2016-04-10 20:18:00,90.13343045843045
2016-04-10 20:19:00,90.58493694711086
2016-04-10 20:20:00,92.15166791604197
2016-04-10 20:21:00,87.70151828847482
2016-04-10 20:22:00,89.37372922970748
2016-04-10 20:23:00,91.94348355292884
2016-04-10 20:24:00,89.70833499833499
2016-04-10 20:25:00,89.7027260179434
2016-04-10 20:26:00,92.02031231925969
2016-04-10 20:27:00,95.83429554162312
2016-04-10 20:28:00,95.68254447511693
2016-04-10 20:29:00,92.78066025124902
2016-04-10 20:30:00,91.37644383394384
2016-04-10 20:31:00,94.39326917737712
2016-04-10 20:32:00,96.87006172839506
2016-04-10 20:33:00,93.68722623055957
2016-04-10 20:34:00,94.39506870343827
2016-04-10 20:35:00,91.13745937877621
2016-04-10 20:36:00,89.08846963423049
2016-04-10 20:37:00,89.63197732219471
2016-04-10 20:38:00,91.15148001756698
2016-04-10 20:39:00,91.52699557387058
2016-04-10 20:40:00,92.6661037982877
2016-04-10 20:41:00,90.62579476390836
2016-04-10 20:42:00,91.82478864734298
2016-04-10 20:43:00,89.85020297974262
2016-04-10 20:44:00,93.48386015325671
2016-04-10 20:45:00,95.82388074888075
2016-04-10 20:46:00,98.14965501729567
2016-04-10 20:47:00,94.82297607916472
2016-04-10 20:48:00,94.31512937667829
2016-04-10 20:49:00,93.83684347623547
2016-04-10 20:50:00,91.59149202871093
2016-04-10 20:51:00,94.04960453395235
2016-04-10 20:52:00,95.46074635241303
2016-04-10 20:53:00,96.88346638655462
2016-04-10 20:54:00,92.86663298959495
2016-04-10 20:55:00,91.04935432924565
2016-04-10 20:56:00,90.9966849092936
2016-04-10 20:57:00,92.45240142975649
2016-04-10 20:58:00,93.52723991990297
2016-04-10 20:59:00,91.45690644604439
2016-04-10 21:00:00,91.38952020202021
2016-04-10 21:01:00,92.93280162167594
2016-04-10 21:02:00,92.57780864197531
2016-04-10 21:03:00,94.51342592592592
2016-04-10 21:04:00,92.58786972105345
2016-04-10 21:05:00,90.40080058830058
2016-04-10 21:06:00,89.72053350970019
2016-04-10 21:07:00,89.92223247142663
2016-04-10 21:08:00,88.60414807477214
2016-04-10 21:09:00,93.35652187318856
2016-04-10 21:10:00,89.09905679441977
2016-04-10 21:11:00,94.84224560530795
2016-04-10 21:12:00,91.24938548041996
2016-04-10 21:13:00,91.56394154933426
2016-04-10 21:14:00,90.39090459838542
2016-04-10 21:15:00,91.44979070935312
2016-04-10 21:16:00,90.25468527421653
2016-04-10 21:17:00,90.23755377519574
2016-04-10 21:18:00,89.6995796267225
2016-04-10 21:19:00,90.16768630364375
2016-04-10 21:20:00,91.09821379092101
2016-04-10 21:21:00,91.62071262071262
2016-04-10 21:22:00,90.98232651462465
2016-04-10 21:23:00,86.62531871819192
2016-04-10 21:24:00,86.56041345595214
2016-04-10 21:25:00,84.63251133923548
2016-04-10 21:26:00,86.31706396801599
2016-04-10 21:27:00,86.49684711942777
2016-04-10 21:28:00,87.75379920894648
2016-04-10 21:29:00,89.07664294517743
2016-04-10 21:30:00,91.91549839327648
2016-04-10 21:31:00,92.10054384229797
2016-04-10 21:32:00,91.78599210495763
2016-04-10 21:33:00,90.26416849474353
2016-04-10 21:34:00,89.30276823281908
2016-04-10 21:35:00,87.36055620026525
2016-04-10 21:36:00,87.50522888569763
2016-04-10 21:37:00,84.7022857668019
2016-04-10 21:38:00,83.18141173641173
2016-04-10 21:39:00,82.11377833305077
2016-04-10 21:40:00,85.27203819989533
2016-04-10 21:41:00,84.65853194424622
2016-04-10 21:42:00,84.10727763535617
2016-04-10 21:43:00,81.61406232354602
2016-04-10 21:44:00,83.44639101707116
2016-04-10 21:45:00,82.91243044772257
2016-04-10 21:46:00,84.54024944329993
2016-04-10 21:47:00,82.56741459131545
2016-04-10 21:48:00,82.16379970773993
2016-04-10 21:49:00,80.6875
2016-04-10 21:50:00,87.67857142857143
2016-04-10 21:51:00,93.51724137931035
2016-04-10 21:52:00,87.57692307692308
2016-04-10 21:53:00,79.25
2016-04-10 21:54:00,82.16666666666667
2016-04-10 21:55:00,87.48
2016-04-10 21:56:00,81.4074074074074
2016-04-10 21:57:00,77.41935483870968
2016-04-10 21:58:00,74.67857142857143
2016-04-10 21:59:00,68.82608695652173
2016-04-10 22:00:00,74.14814814814815
2016-04-10 22:01:00,76.04166666666667
2016-04-10 22:02:00,76.62068965517241
2016-04-10 22:03:00,79.72
2016-04-10 22:04:00,74.73913043478261
2016-04-10 22:05:00,76.25
2016-04-10 22:06:00,76.73913043478261
2016-04-10 22:07:00,75.47826086956522
2016-04-10 22:08:00,75.04347826086956
2016-04-10 22:09:00,79.0
2016-04-10 22:10:00,81.875
2016-04-10 22:11:00,82.0
2016-04-10 22:12:00,82.54545454545455
2016-04-10 22:13:00,85.5
2016-04-10 22:14:00,87.08
2016-04-10 22:15:00,86.88461538461539
2016-04-10 22:16:00,88.21739130434783
2016-04-10 22:17:00,87.5
2016-04-10 22:18:00,85.34782608695652
2016-04-10 22:19:00,84.76
2016-04-10 22:20:00,85.0
2016-04-10 22:21:00,85.0
2016-04-10 22:22:00,78.92307692307692
2016-04-10 22:23:00,87.3529411764706
2016-04-10 22:24:00,87.91304347826087
2016-04-10 22:25:00,91.23076923076923
2016-04-10 22:26:00,92.36363636363636
2016-04-10 22:27:00,93.58333333333333
2016-04-10 22:28:00,93.65384615384616
2016-04-10 22:29:00,92.17391304347827
2016-04-10 22:30:00,91.61904761904762
2016-04-10 22:31:00,88.95454545454545
2016-04-10 22:32:00,83.68
2016-04-10 22:33:00,85.43333333333334
2016-04-10 22:34:00,90.29629629629629
2016-04-10 22:35:00,82.11111111111111
2016-04-10 22:36:00,84.38235294117646
2016-04-10 22:37:00,82.34782608695652
2016-04-10 22:38:00,90.0
2016-04-10 22:39:00,88.51851851851852
2016-04-10 22:40:00,72.93103448275862
2016-04-10 22:41:00,72.08
2016-04-10 22:42:00,68.29629629629629
2016-04-10 22:43:00,74.12903225806451
2016-04-10 22:44:00,69.17857142857143
2016-04-10 22:45:00,69.56
2016-04-10 22:46:00,67.96875
2016-04-10 22:47:00,69.57692307692308
2016-04-10 22:48:00,67.46428571428571
2016-04-10 22:49:00,70.56
2016-04-10 22:50:00,64.07894736842105
2016-04-10 22:51:00,65.20588235294117
2016-04-10 22:52:00,70.68
2016-04-10 22:53:00,72.55555555555556
2016-04-10 22:54:00,66.25
2016-04-10 22:55:00,60.55882352941177
2016-04-10 22:56:00,65.65217391304348
2016-04-10 22:57:00,70.72727272727273
2016-04-10 22:58:00,71.13636363636364
2016-04-10 22:59:00,65.5
2016-04-10 23:00:00,66.90625
2016-04-10 23:01:00,66.17241379310344
2016-04-10 23:02:00,60.52
2016-04-10 23:03:00,62.689655172413794
2016-04-10 23:04:00,61.645161290322584
2016-04-10 23:05:00,63.130434782608695
2016-04-10 23:06:00,63.03846153846154
2016-04-10 23:07:00,64.52173913043478
2016-04-10 23:08:00,63.22222222222222
2016-04-10 23:09:00,73.86206896551724
2016-04-10 23:10:00,65.96296296296296
2016-04-10 23:11:00,65.8529411764706
2016-04-10 23:12:00,68.26923076923077
2016-04-10 23:13:00,67.07142857142857
2016-04-10 23:14:00,67.54166666666667
2016-04-10 23:15:00,67.22727272727273
2016-04-10 23:16:00,66.84615384615384
2016-04-10 23:17:00,66.95652173913044
2016-04-10 23:18:00,68.6086956521739
2016-04-10 23:19:00,69.60714285714286
2016-04-10 23:20:00,66.56
2016-04-10 23:21:00,66.0
2016-04-10 23:22:00,66.0
2016-04-10 23:23:00,66.29166666666667
2016-04-10 23:24:00,62.0
2016-04-10 23:25:00,62.0
2016-04-10 23:26:00,62.0
2016-04-10 23:27:00,62.0
2016-04-10 23:28:00,62.0
2016-04-10 23:29:00,79.20485618085618
2016-04-10 23:30:00,78.63410973084886
2016-04-10 23:31:00,82.39032634032634
2016-04-10 23:32:00,79.90619658119658
2016-04-10 23:33:00,81.31480952380953
2016-04-10 23:34:00,63.76
2016-04-10 23:35:00,69.88888888888889
2016-04-10 23:36:00,70.41176470588235
2016-04-10 23:37:00,68.33333333333333
2016-04-10 23:38:00,67.93103448275862
2016-04-10 23:39:00,68.0
2016-04-10 23:40:00,67.53571428571429
2016-04-10 23:41:00,68.23333333333333
2016-04-10 23:42:00,69.24
2016-04-10 23:43:00,68.74074074074075
2016-04-10 23:44:00,68.96153846153847
2016-04-10 23:45:00,69.6
2016-04-10 23:46:00,69.20833333333333
2016-04-10 23:47:00,69.1304347826087
2016-04-10 23:48:00,70.1923076923077
2016-04-10 23:49:00,69.8076923076923
2016-04-10 23:50:00,70.6923076923077
2016-04-10 23:51:00,67.6896551724138
2016-04-10 23:52:00,66.68571428571428
2016-04-10 23:53:00,65.85185185185185
2016-04-10 23:54:00,65.0
2016-04-10 23:55:00,68.45833333333333
2016-04-10 23:56:00,69.89655172413794
2016-04-10 23:57:00,72.9090909090909
2016-04-10 23:58:00,76.12
2016-04-10 23:59:00,76.95833333333333
2016-04-11 00:00:00,76.42857142857143
2016-04-11 00:01:00,74.72727272727273
2016-04-11 00:02:00,75.07142857142857
2016-04-11 00:03:00,74.70370370370371
2016-04-11 00:04:00,75.04
2016-04-11 00:05:00,75.44827586206897
2016-04-11 00:06:00,75.25925925925925
2016-04-11 00:07:00,77.38461538461539
2016-04-11 00:08:00,74.79310344827586
2016-04-11 00:09:00,66.11111111111111
2016-04-11 00:10:00,70.71428571428571
2016-04-11 00:11:00,69.57142857142857
2016-04-11 00:12:00,69.38461538461539
2016-04-11 00:13:00,70.07142857142857
2016-04-11 00:14:00,71.23333333333333
2016-04-11 00:15:00,72.15384615384616
2016-04-11 00:16:00,72.6896551724138
2016-04-11 00:17:00,72.25925925925925
2016-04-11 00:18:00,73.03571428571429
2016-04-11 00:19:00,72.84
2016-04-11 00:20:00,72.9
2016-04-11 00:21:00,73.5925925925926
2016-04-11 00:22:00,74.75
2016-04-11 00:23:00,73.65384615384616
2016-04-11 00:24:00,75.91666666666667
2016-04-11 00:25:00,74.0
2016-04-11 00:26:00,74.03448275862068
2016-04-11 00:27:00,74.48148148148148
2016-04-11 00:28:00,73.65517241379311
2016-04-11 00:29:00,73.875
2016-04-11 00:30:00,74.24
2016-04-11 00:31:00,73.03333333333333
2016-04-11 00:32:00,73.8
2016-04-11 00:33:00,75.0
2016-04-11 00:34:00,73.20833333333333
2016-04-11 00:35:00,73.6
2016-04-11 00:36:00,76.53333333333333
2016-04-11 00:37:00,70.0
2016-04-11 00:38:00,67.12
2016-04-11 00:39:00,65.77272727272727
2016-04-11 00:40:00,66.45833333333333
2016-04-11 00:41:00,67.37037037037037
2016-04-11 00:42:00,66.3913043478261
2016-04-11 00:43:00,65.78571428571429
2016-04-11 00:44:00,66.36363636363636
2016-04-11 00:45:00,66.57692307692308
2016-04-11 00:46:00,67.26086956521739
2016-04-11 00:47:00,66.85185185185185
2016-04-11 00:48:00,64.96428571428571
2016-04-11 00:49:00,63.8
2016-04-11 00:50:00,64.8695652173913
2016-04-11 00:51:00,66.0
2016-04-11 00:52:00,69.18181818181819
2016-04-11 00:53:00,71.80952380952381
2016-04-11 00:54:00,72.82142857142857
2016-04-11 00:55:00,62.357142857142854
2016-04-11 00:56:00,62.608695652173914
2016-04-11 00:57:00,63.291666666666664
2016-04-11 00:58:00,63.608695652173914
2016-04-11 00:59:00,64.625
2016-04-11 01:00:00,65.375
2016-04-11 01:01:00,65.8
2016-04-11 01:02:00,65.76923076923077
2016-04-11 01:03:00,66.34782608695652
2016-04-11 01:04:00,65.88888888888889
2016-04-11 01:05:00,66.69565217391305
2016-04-11 01:06:00,66.26923076923077
2016-04-11 01:07:00,65.53571428571429
2016-04-11 01:08:00,66.875
2016-04-11 01:09:00,66.85714285714286
2016-04-11 01:10:00,67.0
2016-04-11 01:11:00,66.6
2016-04-11 01:12:00,62.275862068965516
2016-04-11 01:13:00,63.82608695652174
2016-04-11 01:14:00,64.04
2016-04-11 01:15:00,65.0
2016-04-11 01:16:00,65.91666666666667
2016-04-11 01:17:00,65.73076923076923
2016-04-11 01:18:00,65.83333333333333
2016-04-11 01:19:00,66.68181818181819
2016-04-11 01:20:00,66.82608695652173
2016-04-11 01:21:00,67.14814814814815
2016-04-11 01:22:00,67.70833333333333
2016-04-11 01:23:00,66.86363636363636
2016-04-11 01:24:00,66.68
2016-04-11 01:25:00,66.5
2016-04-11 01:26:00,66.08695652173913
2016-04-11 01:27:00,62.51851851851852
2016-04-11 01:28:00,63.8
2016-04-11 01:29:00,63.68181818181818
2016-04-11 01:30:00,63.68
2016-04-11 01:31:00,64.0
2016-04-11 01:32:00,63.77272727272727
2016-04-11 01:33:00,62.96551724137931
2016-04-11 01:34:00,59.54545454545455
2016-04-11 01:35:00,66.5
2016-04-11 01:36:00,66.07692307692308
2016-04-11 01:37:00,67.88
2016-04-11 01:38:00,68.62962962962963
2016-04-11 01:39:00,66.91304347826087
2016-04-11 01:40:00,66.44827586206897
2016-04-11 01:41:00,71.8076923076923
2016-04-11 01:42:00,72.0
2016-04-11 01:43:00,72.0
2016-04-11 01:44:00,67.73913043478261
2016-04-11 01:45:00,64.69565217391305
2016-04-11 01:46:00,61.2962962962963
2016-04-11 01:47:00,62.72
2016-04-11 01:48:00,64.18181818181819
2016-04-11 01:49:00,64.80952380952381
2016-04-11 01:50:00,64.36363636363636
2016-04-11 01:51:00,65.21428571428571
2016-04-11 01:52:00,64.65384615384616
2016-04-11 01:53:00,63.0
2016-04-11 01:54:00,61.592592592592595
2016-04-11 01:55:00,62.875
2016-04-11 01:56:00,63.07692307692308
2016-04-11 01:57:00,62.72
2016-04-11 01:58:00,63.82608695652174
2016-04-11 01:59:00,61.72
2016-04-11 02:00:00,63.81818181818182
2016-04-11 02:01:00,62.88461538461539
2016-04-11 02:02:00,59.38461538461539
2016-04-11 02:03:00,60.65217391304348
2016-04-11 02:04:00,60.17391304347826
2016-04-11 02:05:00,60.36
2016-04-11 02:06:00,60.63636363636363
2016-04-11 02:07:00,60.869565217391305
2016-04-11 02:08:00,60.86363636363637
2016-04-11 02:09:00,60.333333333333336
2016-04-11 02:10:00,59.24
2016-04-11 02:11:00,60.04
2016-04-11 02:12:00,60.5
2016-04-11 02:13:00,60.166666666666664
2016-04-11 02:14:00,60.96551724137931
2016-04-11 02:15:00,60.25
2016-04-11 02:16:00,58.52173913043478
2016-04-11 02:17:00,59.30769230769231
2016-04-11 02:18:00,60.68181818181818
2016-04-11 02:19:00,61.0
2016-04-11 02:20:00,62.17391304347826
2016-04-11 02:21:00,62.08
2016-04-11 02:22:00,61.69230769230769
2016-04-11 02:23:00,61.04545454545455
2016-04-11 02:24:00,60.63636363636363
2016-04-11 02:25:00,57.95652173913044
2016-04-11 02:26:00,58.47826086956522
2016-04-11 02:27:00,57.88
2016-04-11 02:28:00,63.464285714285715
2016-04-11 02:29:00,63.56
2016-04-11 02:30:00,59.95454545454545
2016-04-11 02:31:00,76.8
2016-04-11 02:32:00,73.6969696969697
2016-04-11 02:33:00,61.62068965517241
2016-04-11 02:34:00,64.28571428571429
2016-04-11 02:35:00,58.65384615384615
2016-04-11 02:36:00,58.4
2016-04-11 02:37:00,58.06896551724138
2016-04-11 02:38:00,60.21739130434783
2016-04-11 02:39:00,64.71428571428571
2016-04-11 02:40:00,61.708333333333336
2016-04-11 02:41:00,64.04545454545455
2016-04-11 02:42:00,63.869565217391305
2016-04-11 02:43:00,59.642857142857146
2016-04-11 02:44:00,62.74074074074074
2016-04-11 02:45:00,62.285714285714285
2016-04-11 02:46:00,60.5
2016-04-11 02:47:00,62.5
2016-04-11 02:48:00,63.88461538461539
2016-04-11 02:49:00,64.0
2016-04-11 02:50:00,63.608695652173914
2016-04-11 02:51:00,62.95454545454545
2016-04-11 02:52:00,63.0
2016-04-11 02:53:00,61.23809523809524
2016-04-11 02:54:00,61.0
2016-04-11 02:55:00,61.0
2016-04-11 02:56:00,65.33333333333333
2016-04-11 02:57:00,68.0
2016-04-11 02:58:00,61.541666666666664
2016-04-11 02:59:00,62.80952380952381
2016-04-11 03:00:00,63.63636363636363
2016-04-11 03:01:00,64.16666666666667
2016-04-11 03:02:00,64.04347826086956
2016-04-11 03:03:00,64.12
2016-04-11 03:04:00,64.0
2016-04-11 03:05:00,63.32
2016-04-11 03:06:00,62.0
2016-04-11 03:07:00,62.55
2016-04-11 03:08:00,63.56521739130435
2016-04-11 03:09:00,64.0
2016-04-11 03:10:00,65.58333333333333
2016-04-11 03:11:00,65.23809523809524
2016-04-11 03:12:00,65.35
2016-04-11 03:13:00,68.83333333333333
2016-04-11 03:14:00,64.92
2016-04-11 03:15:00,64.48148148148148
2016-04-11 03:16:00,64.78571428571429
2016-04-11 03:17:00,66.07142857142857
2016-04-11 03:18:00,69.64
2016-04-11 03:19:00,74.625
2016-04-11 03:20:00,64.56521739130434
2016-04-11 03:21:00,66.52173913043478
2016-04-11 03:22:00,68.86206896551724
2016-04-11 03:23:00,67.84
2016-04-11 03:24:00,68.4074074074074
2016-04-11 03:25:00,69.03703703703704
2016-04-11 03:26:00,67.96551724137932
2016-04-11 03:27:00,67.58620689655173
2016-04-11 03:28:00,69.1
2016-04-11 03:29:00,69.875
2016-04-11 03:30:00,73.1
2016-04-11 03:31:00,67.93939393939394
2016-04-11 03:32:00,62.4
2016-04-11 03:33:00,72.05405405405405
2016-04-11 03:34:00,65.39285714285714
2016-04-11 03:35:00,61.45454545454545
2016-04-11 03:36:00,66.08333333333333
2016-04-11 03:37:00,77.14814814814815
2016-04-11 03:38:00,81.47826086956522
2016-04-11 03:39:00,84.32
2016-04-11 03:40:00,94.06896551724138
2016-04-11 03:41:00,93.7741935483871
2016-04-11 03:42:00,82.72
2016-04-11 03:43:00,64.67647058823529
2016-04-11 03:44:00,57.516129032258064
2016-04-11 03:45:00,55.869565217391305
2016-04-11 03:46:00,55.416666666666664
2016-04-11 03:47:00,55.0
2016-04-11 03:48:00,56.333333333333336
2016-04-11 03:49:00,56.82608695652174
2016-04-11 03:50:00,57.0
2016-04-11 03:51:00,58.75
2016-04-11 03:52:00,57.82608695652174
2016-04-11 03:53:00,58.63636363636363
2016-04-11 03:54:00,59.5
2016-04-11 03:55:00,60.16
2016-04-11 03:56:00,60.458333333333336
2016-04-11 03:57:00,60.310344827586206
2016-04-11 03:58:00,60.5
2016-04-11 03:59:00,60.64
2016-04-11 04:00:00,60.0
2016-04-11 04:01:00,61.0
2016-04-11 04:02:00,60.78260869565217
2016-04-11 04:03:00,60.458333333333336
2016-04-11 04:04:00,60.26923076923077
2016-04-11 04:05:00,61.107142857142854
2016-04-11 04:06:00,60.04
2016-04-11 04:07:00,61.208333333333336
2016-04-11 04:08:00,61.130434782608695
2016-04-11 04:09:00,61.09090909090909
2016-04-11 04:10:00,63.03125
2016-04-11 04:11:00,59.61538461538461
2016-04-11 04:12:00,59.92307692307692
2016-04-11 04:13:00,61.09090909090909
2016-04-11 04:14:00,61.80769230769231
2016-04-11 04:15:00,60.833333333333336
2016-04-11 04:16:00,60.888888888888886
2016-04-11 04:17:00,61.25
2016-04-11 04:18:00,61.28125
2016-04-11 04:19:00,61.96296296296296
2016-04-11 04:20:00,60.714285714285715
2016-04-11 04:21:00,62.130434782608695
2016-04-11 04:22:00,61.0
2016-04-11 04:23:00,60.916666666666664
2016-04-11 04:24:00,61.291666666666664
2016-04-11 04:25:00,62.03846153846154
2016-04-11 04:26:00,60.54838709677419
2016-04-11 04:27:00,59.96153846153846
2016-04-11 04:28:00,58.75
2016-04-11 04:29:00,61.07692307692308
2016-04-11 04:30:00,62.52173913043478
2016-04-11 04:31:00,63.47826086956522
2016-04-11 04:32:00,65.57142857142857
2016-04-11 04:33:00,66.03448275862068
2016-04-11 04:34:00,63.642857142857146
2016-04-11 04:35:00,64.53846153846153
2016-04-11 04:36:00,60.82051282051282
2016-04-11 04:37:00,60.32142857142857
2016-04-11 04:38:00,64.84615384615384
2016-04-11 04:39:00,62.074074074074076
2016-04-11 04:40:00,64.17857142857143
2016-04-11 04:41:00,62.833333333333336
2016-04-11 04:42:00,65.38461538461539
2016-04-11 04:43:00,59.58064516129032
2016-04-11 04:44:00,60.34375
2016-04-11 04:45:00,62.357142857142854
2016-04-11 04:46:00,61.0
2016-04-11 04:47:00,56.43333333333333
2016-04-11 04:48:00,61.26470588235294
2016-04-11 04:49:00,59.935483870967744
2016-04-11 04:50:00,63.7
2016-04-11 04:51:00,62.73076923076923
2016-04-11 04:52:00,63.7
2016-04-11 04:53:00,62.57142857142857
2016-04-11 04:54:00,63.121212121212125
2016-04-11 04:55:00,69.75862068965517
2016-04-11 04:56:00,56.733333333333334
2016-04-11 04:57:00,57.19230769230769
2016-04-11 04:58:00,64.38709677419355
2016-04-11 04:59:00,77.0
2016-04-11 05:00:00,71.40625
2016-04-11 05:01:00,57.17391304347826
2016-04-11 05:02:00,57.64
2016-04-11 05:03:00,59.7037037037037
2016-04-11 05:04:00,66.81481481481481
2016-04-11 05:05:00,63.2
2016-04-11 05:06:00,66.0
2016-04-11 05:07:00,61.629629629629626
2016-04-11 05:08:00,60.25925925925926
2016-04-11 05:09:00,60.0
2016-04-11 05:10:00,60.52
2016-04-11 05:11:00,61.375
2016-04-11 05:12:00,59.19230769230769
2016-04-11 05:13:00,60.23076923076923
2016-04-11 05:14:00,60.6
2016-04-11 05:15:00,60.958333333333336
2016-04-11 05:16:00,60.25
2016-04-11 05:17:00,59.25
2016-04-11 05:18:00,61.34615384615385
2016-04-11 05:19:00,61.333333333333336
2016-04-11 05:20:00,60.27272727272727
2016-04-11 05:21:00,61.46153846153846
2016-04-11 05:22:00,61.65217391304348
2016-04-11 05:23:00,60.81818181818182
2016-04-11 05:24:00,60.56521739130435
2016-04-11 05:25:00,60.666666666666664
2016-04-11 05:26:00,61.92307692307692
2016-04-11 05:27:00,61.333333333333336
2016-04-11 05:28:00,60.91304347826087
2016-04-11 05:29:00,61.0
2016-04-11 05:30:00,62.95454545454545
2016-04-11 05:31:00,65.0
2016-04-11 05:32:00,65.0
2016-04-11 05:33:00,65.0
2016-04-11 05:34:00,65.0
2016-04-11 05:35:00,65.0
2016-04-11 05:36:00,68.36845238095238
2016-04-11 05:37:00,69.21372090553125
2016-04-11 05:38:00,68.64719082719083
2016-04-11 05:39:00,68.71987117820451
2016-04-11 05:40:00,71.04329089369412
2016-04-11 05:41:00,70.79221431910773
2016-04-11 05:42:00,67.13868614169262
2016-04-11 05:43:00,59.705882352941174
2016-04-11 05:44:00,58.310344827586206
2016-04-11 05:45:00,58.6
2016-04-11 05:46:00,60.354838709677416
2016-04-11 05:47:00,63.44117647058823
2016-04-11 05:48:00,61.4
2016-04-11 05:49:00,60.46875
2016-04-11 05:50:00,66.08823529411765
2016-04-11 05:51:00,56.92307692307692
2016-04-11 05:52:00,58.58620689655172
2016-04-11 05:53:00,60.6875
2016-04-11 05:54:00,60.064516129032256
2016-04-11 05:55:00,65.57692307692308
2016-04-11 05:56:00,67.36
2016-04-11 05:57:00,63.53846153846154
2016-04-11 05:58:00,62.0
2016-04-11 05:59:00,62.38095238095238
2016-04-11 06:00:00,62.2
2016-04-11 06:01:00,54.09090909090909
2016-04-11 06:02:00,55.666666666666664
2016-04-11 06:03:00,56.80769230769231
2016-04-11 06:04:00,56.51851851851852
2016-04-11 06:05:00,57.464285714285715
2016-04-11 06:06:00,60.60606060606061
2016-04-11 06:07:00,59.60606060606061
2016-04-11 06:08:00,57.36
2016-04-11 06:09:00,57.53125
2016-04-11 06:10:00,61.38235294117647
2016-04-11 06:11:00,59.07692307692308
2016-04-11 06:12:00,60.16
2016-04-11 06:13:00,61.57692307692308
2016-04-11 06:14:00,61.3
2016-04-11 06:15:00,60.44827586206897
2016-04-11 06:16:00,61.25
2016-04-11 06:17:00,59.56666666666667
2016-04-11 06:18:00,60.64
2016-04-11 06:19:00,59.05555555555556
2016-04-11 06:20:00,62.61764705882353
2016-04-11 06:21:00,58.7
2016-04-11 06:22:00,59.785714285714285
2016-04-11 06:23:00,57.52
2016-04-11 06:24:00,58.407407407407405
2016-04-11 06:25:00,58.11538461538461
2016-04-11 06:26:00,58.86206896551724
2016-04-11 06:27:00,58.75
2016-04-11 06:28:00,63.54545454545455
2016-04-11 06:29:00,60.4
2016-04-11 06:30:00,58.48148148148148
2016-04-11 06:31:00,57.68181818181818
2016-04-11 06:32:00,59.32142857142857
2016-04-11 06:33:00,57.625
2016-04-11 06:34:00,55.166666666666664
2016-04-11 06:35:00,56.30434782608695
2016-04-11 06:36:00,56.25
2016-04-11 06:37:00,60.083333333333336
2016-04-11 06:38:00,60.0
2016-04-11 06:39:00,59.0
2016-04-11 06:40:00,55.38095238095238
2016-04-11 06:41:00,57.44
2016-04-11 06:42:00,60.57692307692308
2016-04-11 06:43:00,58.62068965517241
2016-04-11 06:44:00,55.21739130434783
2016-04-11 06:45:00,55.0
2016-04-11 06:46:00,55.25
2016-04-11 06:47:00,56.23809523809524
2016-04-11 06:48:00,55.91304347826087
2016-04-11 06:49:00,57.04
2016-04-11 06:50:00,57.125
2016-04-11 06:51:00,56.5
2016-04-11 06:52:00,56.64
2016-04-11 06:53:00,57.30434782608695
2016-04-11 06:54:00,55.73913043478261
2016-04-11 06:55:00,56.95454545454545
2016-04-11 06:56:00,58.041666666666664
2016-04-11 06:57:00,59.16
2016-04-11 06:58:00,57.21739130434783
2016-04-11 06:59:00,58.208333333333336
2016-04-11 07:00:00,60.68
2016-04-11 07:01:00,60.36
2016-04-11 07:02:00,59.875
2016-04-11 07:03:00,60.5
2016-04-11 07:04:00,60.30434782608695
2016-04-11 07:05:00,60.6
2016-04-11 07:06:00,60.22222222222222
2016-04-11 07:07:00,60.333333333333336
2016-04-11 07:08:00,60.95454545454545
2016-04-11 07:09:00,60.73913043478261
2016-04-11 07:10:00,60.75
2016-04-11 07:11:00,62.391304347826086
2016-04-11 07:12:00,63.56521739130435
2016-04-11 07:13:00,61.583333333333336
2016-04-11 07:14:00,62.21739130434783
2016-04-11 07:15:00,63.24
2016-04-11 07:16:00,62.72
2016-04-11 07:17:00,71.56818181818181
2016-04-11 07:18:00,59.84
2016-04-11 07:19:00,59.291666666666664
2016-04-11 07:20:00,61.12
2016-04-11 07:21:00,61.172413793103445
2016-04-11 07:22:00,62.592592592592595
2016-04-11 07:23:00,65.4
2016-04-11 07:24:00,63.958333333333336
2016-04-11 07:25:00,62.37931034482759
2016-04-11 07:26:00,62.26923076923077
2016-04-11 07:27:00,67.13793103448276
2016-04-11 07:28:00,71.58064516129032
2016-04-11 07:29:00,78.21739130434783
2016-04-11 07:30:00,77.38095238095238
2016-04-11 07:31:00,81.5
2016-04-11 07:32:00,73.86842105263158
2016-04-11 07:33:00,85.84375
2016-04-11 07:34:00,80.05882352941177
2016-04-11 07:35:00,68.89189189189189
2016-04-11 07:36:00,76.19354838709677
2016-04-11 07:37:00,82.28571428571429
2016-04-11 07:38:00,79.4
2016-04-11 07:39:00,72.85714285714286
2016-04-11 07:40:00,69.61111111111111
2016-04-11 07:41:00,76.25
2016-04-11 07:42:00,79.34482758620689
2016-04-11 07:43:00,70.72727272727273
2016-04-11 07:44:00,77.95833333333333
2016-04-11 07:45:00,77.625
2016-04-11 07:46:00,82.27272727272727
2016-04-11 07:47:00,86.52
2016-04-11 07:48:00,85.0
2016-04-11 07:49:00,89.78125
2016-04-11 07:50:00,77.48571428571428
2016-04-11 07:51:00,66.82142857142857
2016-04-11 07:52:00,64.0
2016-04-11 07:53:00,66.88461538461539
2016-04-11 07:54:00,71.28571428571429
2016-04-11 07:55:00,75.77272727272727
2016-04-11 07:56:00,78.83333333333333
2016-04-11 07:57:00,72.7
2016-04-11 07:58:00,73.83333333333333
2016-04-11 07:59:00,74.48275862068965
2016-04-11 08:00:00,76.8
2016-04-11 08:01:00,77.94285714285714
2016-04-11 08:02:00,70.83333333333333
2016-04-11 08:03:00,82.51851851851852
2016-04-11 08:04:00,81.7741935483871
2016-04-11 08:05:00,77.625
2016-04-11 08:06:00,80.0
2016-04-11 08:07:00,77.81818181818181
2016-04-11 08:08:00,78.11111111111111
2016-04-11 08:09:00,75.2
2016-04-11 08:10:00,82.6
2016-04-11 08:11:00,79.3125
2016-04-11 08:12:00,81.42424242424242
2016-04-11 08:13:00,79.67857142857143
2016-04-11 08:14:00,80.325
2016-04-11 08:15:00,76.26666666666667
2016-04-11 08:16:00,78.52941176470588
2016-04-11 08:17:00,81.36363636363636
2016-04-11 08:18:00,81.32352941176471
2016-04-11 08:19:00,80.65
2016-04-11 08:20:00,79.5625
2016-04-11 08:21:00,81.03125
2016-04-11 08:22:00,82.6470588235294
2016-04-11 08:23:00,80.6470588235294
2016-04-11 08:24:00,76.13793103448276
2016-04-11 08:25:00,73.04166666666667
2016-04-11 08:26:00,74.65384615384616
2016-04-11 08:27:00,74.89285714285714
2016-04-11 08:28:00,77.66666666666667
2016-04-11 08:29:00,75.70967741935483
2016-04-11 08:30:00,76.8
2016-04-11 08:31:00,80.75
2016-04-11 08:32:00,79.95833333333333
2016-04-11 08:33:00,76.6086956521739
2016-04-11 08:34:00,79.4
2016-04-11 08:35:00,80.40625
2016-04-11 08:36:00,74.57142857142857
2016-04-11 08:37:00,74.43478260869566
2016-04-11 08:38:00,76.95833333333333
2016-04-11 08:39:00,72.66666666666667
2016-04-11 08:40:00,71.78571428571429
2016-04-11 08:41:00,73.0909090909091
2016-04-11 08:42:00,65.1470588235294
2016-04-11 08:43:00,64.28125
2016-04-11 08:44:00,70.74193548387096
2016-04-11 08:45:00,78.02857142857142
2016-04-11 08:46:00,71.70833333333333
2016-04-11 08:47:00,74.23529411764706
2016-04-11 08:48:00,70.73076923076923
2016-04-11 08:49:00,74.35483870967742
2016-04-11 08:50:00,76.83333333333333
2016-04-11 08:51:00,77.78260869565217
2016-04-11 08:52:00,82.07407407407408
2016-04-11 08:53:00,80.6
2016-04-11 08:54:00,74.26923076923077
2016-04-11 08:55:00,75.28571428571429
2016-04-11 08:56:00,75.0
2016-04-11 08:57:00,73.95454545454545
2016-04-11 08:58:00,71.55555555555556
2016-04-11 08:59:00,84.86206896551724
2016-04-11 09:00:00,92.08695652173913
2016-04-11 09:01:00,92.79166666666667
2016-04-11 09:02:00,82.68
2016-04-11 09:03:00,71.86363636363636
2016-04-11 09:04:00,69.75
2016-04-11 09:05:00,73.28571428571429
2016-04-11 09:06:00,79.23529411764706
2016-04-11 09:07:00,76.26086956521739
2016-04-11 09:08:00,71.78571428571429
2016-04-11 09:09:00,67.34615384615384
2016-04-11 09:10:00,66.63636363636364
2016-04-11 09:11:00,71.1304347826087
2016-04-11 09:12:00,73.79166666666667
2016-04-11 09:13:00,77.6
2016-04-11 09:14:00,72.61764705882354
2016-04-11 09:15:00,73.75
2016-04-11 09:16:00,71.6896551724138
2016-04-11 09:17:00,71.6
2016-04-11 09:18:00,72.0
2016-04-11 09:19:00,78.375
2016-04-11 09:20:00,75.92592592592592
2016-04-11 09:21:00,76.60714285714286
2016-04-11 09:22:00,76.88888888888889
2016-04-11 09:23:00,75.37037037037037
2016-04-11 09:24:00,82.75
2016-04-11 09:25:00,82.23076923076923
2016-04-11 09:26:00,71.125
2016-04-11 09:27:00,80.2258064516129
2016-04-11 09:28:00,84.14814814814815
2016-04-11 09:29:00,76.85714285714286
2016-04-11 09:30:00,71.46666666666667
2016-04-11 09:31:00,73.72413793103448
2016-04-11 09:32:00,75.10344827586206
2016-04-11 09:33:00,73.8
2016-04-11 09:34:00,78.0625
2016-04-11 09:35:00,76.25
2016-04-11 09:36:00,79.2
2016-04-11 09:37:00,87.4
2016-04-11 09:38:00,90.48387096774194
2016-04-11 09:39:00,76.70779447941865
2016-04-11 09:40:00,78.46188983430362
2016-04-11 09:41:00,78.79334222769567
2016-04-11 09:42:00,79.31481611801807
2016-04-11 09:43:00,77.53158862359173
2016-04-11 09:44:00,77.47956709439629
2016-04-11 09:45:00,77.76688231123715
2016-04-11 09:46:00,78.47320630108808
2016-04-11 09:47:00,77.22116253133602
2016-04-11 09:48:00,78.69931667128711
2016-04-11 09:49:00,78.20753130945864
2016-04-11 09:50:00,76.79554446314334
2016-04-11 09:51:00,78.11293874069736
2016-04-11 09:52:00,76.78248089851776
2016-04-11 09:53:00,75.64131689034755
2016-04-11 09:54:00,76.83743386243385
2016-04-11 09:55:00,76.41522092708051
2016-04-11 09:56:00,76.32810356948288
2016-04-11 09:57:00,75.02730288345195
2016-04-11 09:58:00,76.39585034013605
2016-04-11 09:59:00,79.83510874896503
2016-04-11 10:00:00,80.76650312650312
2016-04-11 10:01:00,79.14673033356664
2016-04-11 10:02:00,79.97678875655834
2016-04-11 10:03:00,82.53765624095108
2016-04-11 10:04:00,81.05844715067732
2016-04-11 10:05:00,78.7134316442553
2016-04-11 10:06:00,77.72531162989934
2016-04-11 10:07:00,80.29283761528328
2016-04-11 10:08:00,80.31202927361325
2016-04-11 10:09:00,78.97311059311059
2016-04-11 10:10:00,79.6022221990972
2016-04-11 10:11:00,79.59138594483422
2016-04-11 10:12:00,79.51429707269381
2016-04-11 10:13:00,79.17502674459196
2016-04-11 10:14:00,78.98954685099847
2016-04-11 10:15:00,79.40939104280278
2016-04-11 10:16:00,80.01370253493324
2016-04-11 10:17:00,81.22294798113764
2016-04-11 10:18:00,81.87614152281259
2016-04-11 10:19:00,81.75860731724512
2016-04-11 10:20:00,83.60237680741992
2016-04-11 10:21:00,87.55478471307276
2016-04-11 10:22:00,87.3656346289221
2016-04-11 10:23:00,85.01146492094861
2016-04-11 10:24:00,85.12718393983296
2016-04-11 10:25:00,82.8268940449647
2016-04-11 10:26:00,79.99212574462575
2016-04-11 10:27:00,79.38430576669707
2016-04-11 10:28:00,77.96827409216297
2016-04-11 10:29:00,78.49464900333716
2016-04-11 10:30:00,78.38231860943532
2016-04-11 10:31:00,78.20476753788347
2016-04-11 10:32:00,76.98195814048304
2016-04-11 10:33:00,75.81940604373138
2016-04-11 10:34:00,76.54884117939673
2016-04-11 10:35:00,77.55381976119524
2016-04-11 10:36:00,83.93442441481689
2016-04-11 10:37:00,80.63591582333976
2016-04-11 10:38:00,80.88179867648915
2016-04-11 10:39:00,81.30004018805363
2016-04-11 10:40:00,80.9422501639896
2016-04-11 10:41:00,83.2216611063002
2016-04-11 10:42:00,82.8549049908425
2016-04-11 10:43:00,82.50604438997821
2016-04-11 10:44:00,84.33507402852592
2016-04-11 10:45:00,82.57315920031436
2016-04-11 10:46:00,80.84839661160225
2016-04-11 10:47:00,82.02671248929869
2016-04-11 10:48:00,83.27730056401931
2016-04-11 10:49:00,84.56596210252461
2016-04-11 10:50:00,83.0700175070028
2016-04-11 10:51:00,80.469833386878
2016-04-11 10:52:00,77.97400372700776
2016-04-11 10:53:00,77.46793429431361
2016-04-11 10:54:00,79.64558459740718
2016-04-11 10:55:00,80.09028496168582
2016-04-11 10:56:00,80.01963176760216
2016-04-11 10:57:00,80.15946756797564
2016-04-11 10:58:00,80.68173421997558
2016-04-11 10:59:00,79.78903543763832
2016-04-11 11:00:00,78.76118107612861
2016-04-11 11:01:00,79.10859660807952
2016-04-11 11:02:00,80.82618102383141
2016-04-11 11:03:00,80.21979211388624
2016-04-11 11:04:00,82.56121371404133
2016-04-11 11:05:00,81.87684650494433
2016-04-11 11:06:00,81.35078801406927
2016-04-11 11:07:00,79.89051900526039
2016-04-11 11:08:00,79.91640786749483
2016-04-11 11:09:00,80.66650989409142
2016-04-11 11:10:00,81.72149509803921
2016-04-11 11:11:00,82.65898693405707
2016-04-11 11:12:00,82.66680586438652
2016-04-11 11:13:00,80.37330193615908
2016-04-11 11:14:00,79.05393273393273
2016-04-11 11:15:00,80.40702906567874
2016-04-11 11:16:00,79.86078403739118
2016-04-11 11:17:00,80.88521164021164
2016-04-11 11:18:00,81.66198528443068
2016-04-11 11:19:00,80.86972208950469
2016-04-11 11:20:00,84.16881589895016
2016-04-11 11:21:00,82.88215395118621
2016-04-11 11:22:00,84.84063591580833
2016-04-11 11:23:00,81.9973325199645
2016-04-11 11:24:00,82.4994948187883
2016-04-11 11:25:00,82.30198601662887
2016-04-11 11:26:00,83.38749163879598
2016-04-11 11:27:00,82.85942760942761
2016-04-11 11:28:00,85.68174841408404
2016-04-11 11:29:00,83.72916062198671
2016-04-11 11:30:00,83.72621902941778
2016-04-11 11:31:00,82.56693925407784
2016-04-11 11:32:00,82.13768416768417
2016-04-11 11:33:00,88.2302151278257
2016-04-11 11:34:00,86.57180428913304
2016-04-11 11:35:00,83.19432315668203
2016-04-11 11:36:00,82.27027992583548
2016-04-11 11:37:00,84.74984834443492
2016-04-11 11:38:00,84.89753264393444
2016-04-11 11:39:00,84.80456649186785
2016-04-11 11:40:00,86.1266926990209
2016-04-11 11:41:00,88.33716700368875
2016-04-11 11:42:00,86.22542311488314
2016-04-11 11:43:00,86.1578344271581
2016-04-11 11:44:00,88.37984553680388
2016-04-11 11:45:00,89.59404412045541
2016-04-11 11:46:00,88.09402023347302
2016-04-11 11:47:00,88.62992207599903
2016-04-11 11:48:00,85.47852595069986
2016-04-11 11:49:00,85.1717994967995
2016-04-11 11:50:00,85.07612271821974
2016-04-11 11:51:00,83.1052833479845
2016-04-11 11:52:00,83.40935465768798
2016-04-11 11:53:00,83.06199929610905
2016-04-11 11:54:00,82.47023626579181
2016-04-11 11:55:00,84.85524537998435
2016-04-11 11:56:00,85.66754594484063
2016-04-11 11:57:00,84.98786775042815
2016-04-11 11:58:00,83.59981727085176
2016-04-11 11:59:00,83.38432233177943
2016-04-11 12:00:00,82.09548783365919
2016-04-11 12:01:00,84.31972144359118
2016-04-11 12:02:00,91.16412687741632
2016-04-11 12:03:00,85.54279189504996
2016-04-11 12:04:00,83.5102143240549
2016-04-11 12:05:00,82.15856816215549
2016-04-11 12:06:00,84.5108242557401
2016-04-11 12:07:00,86.03915266916982
2016-04-11 12:08:00,87.38356966883538
2016-04-11 12:09:00,86.17705334341808
2016-04-11 12:10:00,86.49654588467172
2016-04-11 12:11:00,84.45675761928177
2016-04-11 12:12:00,86.41752437781923
2016-04-11 12:13:00,86.61247038097113
2016-04-11 12:14:00,86.01962100621104
2016-04-11 12:15:00,86.90108669174977
2016-04-11 12:16:00,87.87883690672963
2016-04-11 12:17:00,86.71465499536464
2016-04-11 12:18:00,85.84088685066946
2016-04-11 12:19:00,84.95454992118556
2016-04-11 12:20:00,85.12522065501825
2016-04-11 12:21:00,84.5756468631781
2016-04-11 12:22:00,83.41476250087361
2016-04-11 12:23:00,85.44037714720466
2016-04-11 12:24:00,85.06354111692987
2016-04-11 12:25:00,83.39951820657302
2016-04-11 12:26:00,85.1019537789103
2016-04-11 12:27:00,85.88413674932414
2016-04-11 12:28:00,81.56687590825521
2016-04-11 12:29:00,81.0251790671769
2016-04-11 12:30:00,81.18054993137119
2016-04-11 12:31:00,81.32607796630785
2016-04-11 12:32:00,84.702866138156
2016-04-11 12:33:00,83.81650997150997
2016-04-11 12:34:00,83.24029026390346
2016-04-11 12:35:00,81.90304280479609
2016-04-11 12:36:00,83.21135121185846
2016-04-11 12:37:00,82.62268592312248
2016-04-11 12:38:00,83.6558532852011
2016-04-11 12:39:00,83.59233958026228
2016-04-11 12:40:00,85.00519414174586
2016-04-11 12:41:00,82.68157645549803
2016-04-11 12:42:00,83.54193133628617
2016-04-11 12:43:00,83.61890670525936
2016-04-11 12:44:00,85.7712400307228
2016-04-11 12:45:00,87.22009801453413
2016-04-11 12:46:00,86.80707993119287
2016-04-11 12:47:00,87.61930420894188
2016-04-11 12:48:00,87.2769909818219
2016-04-11 12:49:00,85.84153478664699
2016-04-11 12:50:00,85.10372104243305
2016-04-11 12:51:00,86.40079950395506
2016-04-11 12:52:00,85.21980538841004
2016-04-11 12:53:00,83.28203724348651
2016-04-11 12:54:00,84.94196238807349
2016-04-11 12:55:00,85.13571638238305
2016-04-11 12:56:00,87.93721876055972
2016-04-11 12:57:00,88.70232068973488
2016-04-11 12:58:00,90.14553922153489
2016-04-11 12:59:00,90.28517884462485
2016-04-11 13:00:00,89.84715153785201
2016-04-11 13:01:00,88.24906898656899
2016-04-11 13:02:00,89.21682416968723
2016-04-11 13:03:00,93.30858999551687
2016-04-11 13:04:00,93.67299965978209
2016-04-11 13:05:00,94.1211555288142
2016-04-11 13:06:00,92.33738462240632
2016-04-11 13:07:00,91.24841135499838
2016-04-11 13:08:00,91.69456288217158
2016-04-11 13:09:00,90.19480523696416
2016-04-11 13:10:00,90.7407749293504
2016-04-11 13:11:00,90.05251416245022
2016-04-11 13:12:00,87.43102738062414
2016-04-11 13:13:00,89.38369239260645
2016-04-11 13:14:00,90.22158246158247
2016-04-11 13:15:00,87.69605997866867
2016-04-11 13:16:00,85.9922915972916
2016-04-11 13:17:00,85.87166119394445
2016-04-11 13:18:00,89.67876323472787
2016-04-11 13:19:00,90.5381488507295
2016-04-11 13:20:00,91.79364462697795
2016-04-11 13:21:00,92.98071176452818
2016-04-11 13:22:00,91.82149043693272
2016-04-11 13:23:00,90.74687070733142
2016-04-11 13:24:00,93.04097061391417
2016-04-11 13:25:00,91.78409294409295
2016-04-11 13:26:00,89.82010533439137
2016-04-11 13:27:00,89.08784481929644
2016-04-11 13:28:00,87.36658296381297
2016-04-11 13:29:00,89.41043390260968
2016-04-11 13:30:00,89.80800337075699
2016-04-11 13:31:00,88.27644001194726
2016-04-11 13:32:00,87.16587098087098
2016-04-11 13:33:00,87.26704647115275
2016-04-11 13:34:00,88.52188791600557
2016-04-11 13:35:00,90.86173299718772
2016-04-11 13:36:00,90.85494153463625
2016-04-11 13:37:00,89.52271516478413
2016-04-11 13:38:00,89.08469093352916
2016-04-11 13:39:00,89.35836753917884
2016-04-11 13:40:00,90.59680232288927
2016-04-11 13:41:00,90.99588442958007
2016-04-11 13:42:00,90.62117742410845
2016-04-11 13:43:00,88.47932677414492
2016-04-11 13:44:00,90.77088133283786
2016-04-11 13:45:00,90.46454093499987
2016-04-11 13:46:00,91.74587182461438
2016-04-11 13:47:00,94.91266882162179
2016-04-11 13:48:00,91.1232375855034
2016-04-11 13:49:00,91.24357317961969
2016-04-11 13:50:00,94.47126579323897
2016-04-11 13:51:00,93.3528863827173
2016-04-11 13:52:00,89.64420612274508
2016-04-11 13:53:00,89.4961226043751
2016-04-11 13:54:00,89.72816376953887
2016-04-11 13:55:00,90.28491575122794
2016-04-11 13:56:00,89.33297997826485
2016-04-11 13:57:00,89.31445661588252
2016-04-11 13:58:00,90.93634936434897
2016-04-11 13:59:00,92.1288277577138
2016-04-11 14:00:00,93.28375171249785
2016-04-11 14:01:00,95.83996863043026
2016-04-11 14:02:00,92.69231537294338
2016-04-11 14:03:00,91.58140744596683
2016-04-11 14:04:00,89.12597288471599
2016-04-11 14:05:00,89.6516347728766
2016-04-11 14:06:00,91.74782029162463
2016-04-11 14:07:00,92.37180467950537
2016-04-11 14:08:00,92.27227299048889
2016-04-11 14:09:00,93.62151163773662
2016-04-11 14:10:00,93.14412422623944
2016-04-11 14:11:00,93.40244900697799
2016-04-11 14:12:00,91.74414670642139
2016-04-11 14:13:00,92.67542735042736
2016-04-11 14:14:00,93.68563672688805
2016-04-11 14:15:00,92.0254174431806
2016-04-11 14:16:00,91.6565734989648
2016-04-11 14:17:00,92.97778680938805
2016-04-11 14:18:00,91.88029030348962
2016-04-11 14:19:00,94.43238382025432
2016-04-11 14:20:00,93.68584493837588
2016-04-11 14:21:00,91.39530391654047
2016-04-11 14:22:00,92.35170186232989
2016-04-11 14:23:00,91.62757230021099
2016-04-11 14:24:00,90.70115726826808
2016-04-11 14:25:00,90.36917718023172
2016-04-11 14:26:00,88.21662776856309
2016-04-11 14:27:00,88.168700185928
2016-04-11 14:28:00,89.2113151205906
2016-04-11 14:29:00,90.99885136010823
2016-04-11 14:30:00,90.2140995028648
2016-04-11 14:31:00,92.5119585285275
2016-04-11 14:32:00,89.80869750460268
2016-04-11 14:33:00,87.50425133011481
2016-04-11 14:34:00,88.44093606272955
2016-04-11 14:35:00,88.48904930013626
2016-04-11 14:36:00,87.67987786368221
2016-04-11 14:37:00,89.2006569316352
2016-04-11 14:38:00,89.7601312466773
2016-04-11 14:39:00,90.00946256058896
2016-04-11 14:40:00,89.80968063901598
2016-04-11 14:41:00,89.67297848541824
2016-04-11 14:42:00,91.21050222277275
2016-04-11 14:43:00,91.8356193362638
2016-04-11 14:44:00,88.63750285303509
2016-04-11 14:45:00,89.49435600242052
2016-04-11 14:46:00,90.93695419021506
2016-04-11 14:47:00,94.3217739131023
2016-04-11 14:48:00,93.15680760910229
2016-04-11 14:49:00,92.3139192664555
2016-04-11 14:50:00,90.78912583970724
2016-04-11 14:51:00,93.95242702800482
2016-04-11 14:52:00,93.44174549730104
2016-04-11 14:53:00,93.31976202146453
2016-04-11 14:54:00,92.64524080289638
2016-04-11 14:55:00,92.57597652207056
2016-04-11 14:56:00,91.95638238573021
2016-04-11 14:57:00,90.98628146143233
2016-04-11 14:58:00,90.975085372457
2016-04-11 14:59:00,88.95735594166301
2016-04-11 15:00:00,88.06324814476989
2016-04-11 15:01:00,87.71200030567843
2016-04-11 15:02:00,91.69662000263223
2016-04-11 15:03:00,90.7135960275842
2016-04-11 15:04:00,91.38532738095239
2016-04-11 15:05:00,91.9042828739699
2016-04-11 15:06:00,88.0731580593968
2016-04-11 15:07:00,90.24506910159084
2016-04-11 15:08:00,90.96112188868662
2016-04-11 15:09:00,91.85073753192391
2016-04-11 15:10:00,92.72698974260184
2016-04-11 15:11:00,91.84003741839273
2016-04-11 15:12:00,91.94529814148171
2016-04-11 15:13:00,95.77793309438471
2016-04-11 15:14:00,95.73106293237305
2016-04-11 15:15:00,93.2089586515432
2016-04-11 15:16:00,90.00236403692925
2016-04-11 15:17:00,89.51861498604161
2016-04-11 15:18:00,89.86249255117002
2016-04-11 15:19:00,91.84702919098552
2016-04-11 15:20:00,91.73639100486183
2016-04-11 15:21:00,93.00868249128919
2016-04-11 15:22:00,93.21395385483476
2016-04-11 15:23:00,94.73082940451361
2016-04-11 15:24:00,94.87488068969591
2016-04-11 15:25:00,94.07571179582945
2016-04-11 15:26:00,93.28411181411181
2016-04-11 15:27:00,90.42588101228182
2016-04-11 15:28:00,91.09741935501128
2016-04-11 15:29:00,93.1110543372009
2016-04-11 15:30:00,94.8013062014248
2016-04-11 15:31:00,93.82123047785548
2016-04-11 15:32:00,94.4512601043091
2016-04-11 15:33:00,95.21530853085208
2016-04-11 15:34:00,95.32161069377707
2016-04-11 15:35:00,92.47797006234507
2016-04-11 15:36:00,93.3818176431104
2016-04-11 15:37:00,92.66226824116742
2016-04-11 15:38:00,93.42541060700637
2016-04-11 15:39:00,92.82799095685327
2016-04-11 15:40:00,91.81786327672577
2016-04-11 15:41:00,95.23982626567673
2016-04-11 15:42:00,96.05817868775993
2016-04-11 15:43:00,97.70879352622583
2016-04-11 15:44:00,96.7762896875738
2016-04-11 15:45:00,92.04642475137584
2016-04-11 15:46:00,91.09774338885752
2016-04-11 15:47:00,91.21081187774736
2016-04-11 15:48:00,92.45224014540466
2016-04-11 15:49:00,94.35469369369369
2016-04-11 15:50:00,93.09603744145879
2016-04-11 15:51:00,91.471797761556
2016-04-11 15:52:00,91.01084871577976
2016-04-11 15:53:00,94.87351727362126
2016-04-11 15:54:00,95.578453215263
2016-04-11 15:55:00,92.93564914133842
2016-04-11 15:56:00,90.14500594530398
2016-04-11 15:57:00,89.29179321859807
2016-04-11 15:58:00,90.48327872670808
2016-04-11 15:59:00,91.77078655171327
2016-04-11 16:00:00,91.42242127122077
2016-04-11 16:01:00,90.71940339784669
2016-04-11 16:02:00,92.13675760622797
2016-04-11 16:03:00,94.88240323739817
2016-04-11 16:04:00,95.97584021006726
2016-04-11 16:05:00,94.76941672111275
2016-04-11 16:06:00,92.91950579432759
2016-04-11 16:07:00,93.45394460482117
2016-04-11 16:08:00,95.49262072692025
2016-04-11 16:09:00,95.72471001221001
2016-04-11 16:10:00,96.25165583544207
2016-04-11 16:11:00,95.84628788166415
2016-04-11 16:12:00,96.20970465524813
2016-04-11 16:13:00,93.20501567029748
2016-04-11 16:14:00,92.76885588369963
2016-04-11 16:15:00,90.23947185061316
2016-04-11 16:16:00,91.57198069403715
2016-04-11 16:17:00,93.24152851458885
2016-04-11 16:18:00,91.39490878613724
2016-04-11 16:19:00,90.82327836283693
2016-04-11 16:20:00,90.5917184705868
2016-04-11 16:21:00,86.16738173620735
2016-04-11 16:22:00,89.32141475622079
2016-04-11 16:23:00,90.31006507959633
2016-04-11 16:24:00,90.95867871259176
2016-04-11 16:25:00,90.12591152808544
2016-04-11 16:26:00,90.73421084540936
2016-04-11 16:27:00,90.4566883477867
2016-04-11 16:28:00,93.7751227938728
2016-04-11 16:29:00,94.4779547313953
2016-04-11 16:30:00,94.8241407299597
2016-04-11 16:31:00,95.67069857928179
2016-04-11 16:32:00,93.95404461917393
2016-04-11 16:33:00,91.72121176567705
2016-04-11 16:34:00,91.00179337796722
2016-04-11 16:35:00,91.69908119458391
2016-04-11 16:36:00,91.53567064655775
2016-04-11 16:37:00,92.397790017329
2016-04-11 16:38:00,93.91009222485445
2016-04-11 16:39:00,94.12588474995734
2016-04-11 16:40:00,93.83996648191646
2016-04-11 16:41:00,88.78986835394619
2016-04-11 16:42:00,91.11545193255397
2016-04-11 16:43:00,93.52736685189811
2016-04-11 16:44:00,89.73855994154555
2016-04-11 16:45:00,90.2061804060789
2016-04-11 16:46:00,91.35665211225556
2016-04-11 16:47:00,91.53421058108557
2016-04-11 16:48:00,93.56356981141464
2016-04-11 16:49:00,93.99974657865283
2016-04-11 16:50:00,93.42659293831169
2016-04-11 16:51:00,92.16304242983404
2016-04-11 16:52:00,91.79379129116761
2016-04-11 16:53:00,92.67330247693846
2016-04-11 16:54:00,96.13855602796365
2016-04-11 16:55:00,94.31724093308652
2016-04-11 16:56:00,95.7356229931826
2016-04-11 16:57:00,98.36701024323939
2016-04-11 16:58:00,98.26586441605045
2016-04-11 16:59:00,102.20639574166493
2016-04-11 17:00:00,100.85541556873079
2016-04-11 17:01:00,101.24002088903744
2016-04-11 17:02:00,98.97721341629126
2016-04-11 17:03:00,96.1223112017293
2016-04-11 17:04:00,93.54916289527702
2016-04-11 17:05:00,93.78872282608695
2016-04-11 17:06:00,93.74039782774696
2016-04-11 17:07:00,95.41440529046201
2016-04-11 17:08:00,96.70244013155136
2016-04-11 17:09:00,97.17088048328976
2016-04-11 17:10:00,98.73070743046038
2016-04-11 17:11:00,95.77283690946734
2016-04-11 17:12:00,92.63464525234227
2016-04-11 17:13:00,112.65384615384616
2016-04-11 17:14:00,118.36363636363636
2016-04-11 17:15:00,106.26666666666667
2016-04-11 17:16:00,106.9
2016-04-11 17:17:00,115.62857142857143
2016-04-11 17:18:00,117.15789473684211
2016-04-11 17:19:00,117.0
2016-04-11 17:20:00,109.2
2016-04-11 17:21:00,101.12903225806451
2016-04-11 17:22:00,105.5945945945946
2016-04-11 17:23:00,100.24
2016-04-11 17:24:00,100.52
2016-04-11 17:25:00,97.5
2016-04-11 17:26:00,97.8125
2016-04-11 17:27:00,101.28
2016-04-11 17:28:00,93.71428571428571
2016-04-11 17:29:00,95.93333333333334
2016-04-11 17:30:00,91.875
2016-04-11 17:31:00,88.35
2016-04-11 17:32:00,87.0
2016-04-11 17:33:00,90.73333333333333
2016-04-11 17:34:00,92.0
2016-04-11 17:35:00,90.79166666666667
2016-04-11 17:36:00,90.22727272727273
2016-04-11 17:37:00,88.56
2016-04-11 17:38:00,85.69565217391305
2016-04-11 17:39:00,84.27272727272727
2016-04-11 17:40:00,86.34615384615384
2016-04-11 17:41:00,86.88
2016-04-11 17:42:00,84.6
2016-04-11 17:43:00,85.28
2016-04-11 17:44:00,84.79166666666667
2016-04-11 17:45:00,90.5
2016-04-11 17:46:00,85.34782608695652
2016-04-11 17:47:00,84.25
2016-04-11 17:48:00,90.76
2016-04-11 17:49:00,97.34615384615384
2016-04-11 17:50:00,114.6
2016-04-11 17:51:00,101.13333333333334
2016-04-11 17:52:00,87.8695652173913
2016-04-11 17:53:00,90.42857142857143
2016-04-11 17:54:00,92.18518518518519
2016-04-11 17:55:00,91.5909090909091
2016-04-11 17:56:00,90.08695652173913
2016-04-11 17:57:00,88.88
2016-04-11 17:58:00,85.03448275862068
2016-04-11 17:59:00,86.06451612903226
2016-04-11 18:00:00,84.70833333333333
2016-04-11 18:01:00,85.48
2016-04-11 18:02:00,87.52
2016-04-11 18:03:00,89.1304347826087
2016-04-11 18:04:00,84.77272727272727
2016-04-11 18:05:00,84.0952380952381
2016-04-11 18:06:00,81.34782608695652
2016-04-11 18:07:00,85.08333333333333
2016-04-11 18:08:00,101.14814814814815
2016-04-11 18:09:00,103.30434782608695
2016-04-11 18:10:00,94.07142857142857
2016-04-11 18:11:00,88.33333333333333
2016-04-11 18:12:00,82.79166666666667
2016-04-11 18:13:00,77.68
2016-04-11 18:14:00,89.45454545454545
2016-04-11 18:15:00,91.16
2016-04-11 18:16:00,98.91304347826087
2016-04-11 18:17:00,96.35714285714286
2016-04-11 18:18:00,95.66666666666667
2016-04-11 18:19:00,94.03030303030303
2016-04-11 18:20:00,93.92307692307692
2016-04-11 18:21:00,92.0
2016-04-11 18:22:00,94.78260869565217
2016-04-11 18:23:00,98.14285714285714
2016-04-11 18:24:00,96.89285714285714
2016-04-11 18:25:00,89.62068965517241
2016-04-11 18:26:00,91.13636363636364
2016-04-11 18:27:00,90.80952380952381
2016-04-11 18:28:00,83.76
2016-04-11 18:29:00,89.2
2016-04-11 18:30:00,83.75
2016-04-11 18:31:00,88.64
2016-04-11 18:32:00,100.17241379310344
2016-04-11 18:33:00,93.93333333333334
2016-04-11 18:34:00,92.7741935483871
2016-04-11 18:35:00,91.92307692307692
2016-04-11 18:36:00,86.0
2016-04-11 18:37:00,89.20689655172414
2016-04-11 18:38:00,86.6896551724138
2016-04-11 18:39:00,87.96666666666667
2016-04-11 18:40:00,87.95652173913044
2016-04-11 18:41:00,92.23076923076923
2016-04-11 18:42:00,96.5909090909091
2016-04-11 18:43:00,95.93103448275862
2016-04-11 18:44:00,92.57692307692308
2016-04-11 18:45:00,88.1923076923077
2016-04-11 18:46:00,95.35714285714286
2016-04-11 18:47:00,93.56
2016-04-11 18:48:00,93.03846153846153
2016-04-11 18:49:00,97.04347826086956
2016-04-11 18:50:00,97.72727272727273
2016-04-11 18:51:00,95.95833333333333
2016-04-11 18:52:00,95.86363636363636
2016-04-11 18:53:00,96.83333333333333
2016-04-11 18:54:00,92.33333333333333
2016-04-11 18:55:00,92.19047619047619
2016-04-11 18:56:00,91.82608695652173
2016-04-11 18:57:00,90.0
2016-04-11 18:58:00,94.91666666666667
2016-04-11 18:59:00,94.42857142857143
2016-04-11 19:00:00,94.30434782608695
2016-04-11 19:01:00,96.36
2016-04-11 19:02:00,99.81818181818181
2016-04-11 19:03:00,99.04545454545455
2016-04-11 19:04:00,96.77272727272727
2016-04-11 19:05:00,94.23809523809524
2016-04-11 19:06:00,94.04166666666667
2016-04-11 19:07:00,92.04761904761905
2016-04-11 19:08:00,92.2
2016-04-11 19:09:00,90.13793103448276
2016-04-11 19:10:00,94.08695652173913
2016-04-11 19:11:00,96.03703703703704
2016-04-11 19:12:00,96.17241379310344
2016-04-11 19:13:00,94.68
2016-04-11 19:14:00,92.3103448275862
2016-04-11 19:15:00,87.0
2016-04-11 19:16:00,87.17391304347827
2016-04-11 19:17:00,90.72727272727273
2016-04-11 19:18:00,95.23333333333333
2016-04-11 19:19:00,93.65217391304348
2016-04-11 19:20:00,92.72
2016-04-11 19:21:00,102.36666666666666
2016-04-11 19:22:00,94.96875
2016-04-11 19:23:00,78.04
2016-04-11 19:24:00,85.93333333333334
2016-04-11 19:25:00,91.57142857142857
2016-04-11 19:26:00,99.75
2016-04-11 19:27:00,96.32
2016-04-11 19:28:00,92.85714285714286
2016-04-11 19:29:00,94.78260869565217
2016-04-11 19:30:00,95.9047619047619
2016-04-11 19:31:00,93.04166666666667
2016-04-11 19:32:00,92.1304347826087
2016-04-11 19:33:00,90.54166666666667
2016-04-11 19:34:00,91.19047619047619
2016-04-11 19:35:00,91.66666666666667
2016-04-11 19:36:00,93.69565217391305
2016-04-11 19:37:00,93.54545454545455
2016-04-11 19:38:00,91.34782608695652
2016-04-11 19:39:00,89.66666666666667
2016-04-11 19:40:00,90.5
2016-04-11 19:41:00,91.85714285714286
2016-04-11 19:42:00,91.9090909090909
2016-04-11 19:43:00,92.52173913043478
2016-04-11 19:44:00,91.1304347826087
2016-04-11 19:45:00,94.14814814814815
2016-04-11 19:46:00,103.53658536585365
2016-04-11 19:47:00,107.62857142857143
2016-04-11 19:48:00,103.0909090909091
2016-04-11 19:49:00,103.66666666666667
2016-04-11 19:50:00,100.47619047619048
2016-04-11 19:51:00,99.79166666666667
2016-04-11 19:52:00,101.8125
2016-04-11 19:53:00,96.45833333333333
2016-04-11 19:54:00,97.28571428571429
2016-04-11 19:55:00,92.5
2016-04-11 19:56:00,92.66666666666667
2016-04-11 19:57:00,98.58333333333333
2016-04-11 19:58:00,99.3913043478261
2016-04-11 19:59:00,97.41666666666667
2016-04-11 20:00:00,96.34615384615384
2016-04-11 20:01:00,97.08
2016-04-11 20:02:00,96.45833333333333
2016-04-11 20:03:00,95.0
2016-04-11 20:04:00,94.96
2016-04-11 20:05:00,96.65217391304348
2016-04-11 20:06:00,95.92592592592592
2016-04-11 20:07:00,101.46666666666667
2016-04-11 20:08:00,106.44
2016-04-11 20:09:00,97.10714285714286
2016-04-11 20:10:00,96.16
2016-04-11 20:11:00,98.79166666666667
2016-04-11 20:12:00,99.95652173913044
2016-04-11 20:13:00,92.9047619047619
2016-04-11 20:14:00,87.4074074074074
2016-04-11 20:15:00,92.44
2016-04-11 20:16:00,89.83333333333333
2016-04-11 20:17:00,84.76190476190476
2016-04-11 20:18:00,78.56666666666666
2016-04-11 20:19:00,78.78260869565217
2016-04-11 20:20:00,80.72413793103448
2016-04-11 20:21:00,80.5
2016-04-11 20:22:00,78.65217391304348
2016-04-11 20:23:00,78.6923076923077
2016-04-11 20:24:00,81.52380952380952
2016-04-11 20:25:00,84.0
2016-04-11 20:26:00,97.07142857142857
2016-04-11 20:27:00,109.24137931034483
2016-04-11 20:28:00,102.14285714285714
2016-04-11 20:29:00,94.08695652173913
2016-04-11 20:30:00,93.08
2016-04-11 20:31:00,95.06896551724138
2016-04-11 20:32:00,106.06666666666666
2016-04-11 20:33:00,98.75
2016-04-11 20:34:00,93.45833333333333
2016-04-11 20:35:00,90.0
2016-04-11 20:36:00,88.28571428571429
2016-04-11 20:37:00,87.31818181818181
2016-04-11 20:38:00,89.69565217391305
2016-04-11 20:39:00,91.0
2016-04-11 20:40:00,91.71428571428571
2016-04-11 20:41:00,89.78260869565217
2016-04-11 20:42:00,89.8695652173913
2016-04-11 20:43:00,88.19047619047619
2016-04-11 20:44:00,90.91666666666667
2016-04-11 20:45:00,91.25
2016-04-11 20:46:00,88.08
2016-04-11 20:47:00,81.20833333333333
2016-04-11 20:48:00,74.78260869565217
2016-04-11 20:49:00,79.10714285714286
2016-04-11 20:50:00,86.17391304347827
2016-04-11 20:51:00,86.42857142857143
2016-04-11 20:52:00,81.44444444444444
2016-04-11 20:53:00,81.3529411764706
2016-04-11 20:54:00,81.0
2016-04-11 20:55:00,80.66666666666667
2016-04-11 20:56:00,79.72
2016-04-11 20:57:00,77.45454545454545
2016-04-11 20:58:00,79.95454545454545
2016-04-11 20:59:00,78.20689655172414
2016-04-11 21:00:00,84.0
2016-04-11 21:01:00,84.04761904761905
2016-04-11 21:02:00,84.0952380952381
2016-04-11 21:03:00,87.92
2016-04-11 21:04:00,85.33333333333333
2016-04-11 21:05:00,86.375
2016-04-11 21:06:00,88.62962962962963
2016-04-11 21:07:00,85.75862068965517
2016-04-11 21:08:00,68.78571428571429
2016-04-11 21:09:00,70.63636363636364
2016-04-11 21:10:00,78.11111111111111
2016-04-11 21:11:00,92.0
2016-04-11 21:12:00,79.74074074074075
2016-04-11 21:13:00,85.73913043478261
2016-04-11 21:14:00,88.38095238095238
2016-04-11 21:15:00,89.13636363636364
2016-04-11 21:16:00,81.59375
2016-04-11 21:17:00,74.30434782608695
2016-04-11 21:18:00,73.42307692307692
2016-04-11 21:19:00,75.1304347826087
2016-04-11 21:20:00,75.43478260869566
2016-04-11 21:21:00,77.77272727272727
2016-04-11 21:22:00,74.66666666666667
2016-04-11 21:23:00,74.58333333333333
2016-04-11 21:24:00,74.81818181818181
2016-04-11 21:25:00,75.13636363636364
2016-04-11 21:26:00,74.0
2016-04-11 21:27:00,75.04545454545455
2016-04-11 21:28:00,75.17391304347827
2016-04-11 21:29:00,76.33333333333333
2016-04-11 21:30:00,82.5
2016-04-11 21:31:00,84.5
2016-04-11 21:32:00,83.07407407407408
2016-04-11 21:33:00,86.0
2016-04-11 21:34:00,82.6
2016-04-11 21:35:00,78.65517241379311
2016-04-11 21:36:00,90.46666666666667
2016-04-11 21:37:00,76.32142857142857
2016-04-11 21:38:00,74.85185185185185
2016-04-11 21:39:00,75.21428571428571
2016-04-11 21:40:00,74.5
2016-04-11 21:41:00,73.0
2016-04-11 21:42:00,74.96296296296296
2016-04-11 21:43:00,77.85714285714286
2016-04-11 21:44:00,79.6875
2016-04-11 21:45:00,75.56521739130434
2016-04-11 21:46:00,75.82608695652173
2016-04-11 21:47:00,75.34615384615384
2016-04-11 21:48:00,75.08333333333333
2016-04-11 21:49:00,74.32142857142857
2016-04-11 21:50:00,75.0
2016-04-11 21:51:00,75.70833333333333
2016-04-11 21:52:00,73.34782608695652
2016-04-11 21:53:00,73.63636363636364
2016-04-11 21:54:00,74.19047619047619
2016-04-11 21:55:00,75.0
2016-04-11 21:56:00,75.375
2016-04-11 21:57:00,77.46428571428571
2016-04-11 21:58:00,74.30434782608695
2016-04-11 21:59:00,67.29411764705883
2016-04-11 22:00:00,70.96153846153847
2016-04-11 22:01:00,72.13333333333334
2016-04-11 22:02:00,66.65517241379311
2016-04-11 22:03:00,63.22222222222222
2016-04-11 22:04:00,65.96
2016-04-11 22:05:00,68.46153846153847
2016-04-11 22:06:00,69.4
2016-04-11 22:07:00,64.55555555555556
2016-04-11 22:08:00,63.851851851851855
2016-04-11 22:09:00,66.0
2016-04-11 22:10:00,64.86363636363636
2016-04-11 22:11:00,64.86363636363636
2016-04-11 22:12:00,73.09375
2016-04-11 22:13:00,72.1219512195122
2016-04-11 22:14:00,76.625
2016-04-11 22:15:00,73.76666666666667
2016-04-11 22:16:00,68.19354838709677
2016-04-11 22:17:00,78.84848484848484
2016-04-11 22:18:00,73.31818181818181
2016-04-11 22:19:00,71.9090909090909
2016-04-11 22:20:00,70.77272727272727
2016-04-11 22:21:00,74.0
2016-04-11 22:22:00,80.17391304347827
2016-04-11 22:23:00,78.21739130434783
2016-04-11 22:24:00,72.90322580645162
2016-04-11 22:25:00,68.73076923076923
2016-04-11 22:26:00,66.86666666666666
2016-04-11 22:27:00,67.04545454545455
2016-04-11 22:28:00,69.13636363636364
2016-04-11 22:29:00,70.0909090909091
2016-04-11 22:30:00,70.68181818181819
2016-04-11 22:31:00,71.04347826086956
2016-04-11 22:32:00,70.16666666666667
2016-04-11 22:33:00,68.34782608695652
2016-04-11 22:34:00,68.47826086956522
2016-04-11 22:35:00,69.17391304347827
2016-04-11 22:36:00,70.33333333333333
2016-04-11 22:37:00,72.0
2016-04-11 22:38:00,73.25
2016-04-11 22:39:00,74.44827586206897
2016-04-11 22:40:00,70.6
2016-04-11 22:41:00,69.0
2016-04-11 22:42:00,71.48
2016-04-11 22:43:00,68.2
2016-04-11 22:44:00,68.0
2016-04-11 22:45:00,68.48148148148148
2016-04-11 22:46:00,67.07142857142857
2016-04-11 22:47:00,67.70833333333333
2016-04-11 22:48:00,70.72727272727273
2016-04-11 22:49:00,67.5
2016-04-11 22:50:00,66.76
2016-04-11 22:51:00,71.48275862068965
2016-04-11 22:52:00,71.0
2016-04-11 22:53:00,69.94594594594595
2016-04-11 22:54:00,64.0
2016-04-11 22:55:00,67.11538461538461
2016-04-11 22:56:00,68.78571428571429
2016-04-11 22:57:00,83.37931034482759
2016-04-11 22:58:00,70.0625
2016-04-11 22:59:00,72.63333333333334
2016-04-11 23:00:00,81.46153846153847
2016-04-11 23:01:00,80.56521739130434
2016-04-11 23:02:00,80.0
2016-04-11 23:03:00,80.0
2016-04-11 23:04:00,80.0
2016-04-11 23:05:00,80.0
2016-04-11 23:06:00,83.5
2016-04-11 23:07:00,74.0
2016-04-11 23:08:00,63.22222222222222
2016-04-11 23:09:00,65.12
2016-04-11 23:10:00,68.82051282051282
2016-04-11 23:11:00,71.21212121212122
2016-04-11 23:12:00,63.2
2016-04-11 23:13:00,67.39285714285714
2016-04-11 23:14:00,68.65384615384616
2016-04-11 23:15:00,70.0
2016-04-11 23:16:00,71.03703703703704
2016-04-11 23:17:00,70.03125
2016-04-11 23:18:00,69.17241379310344
2016-04-11 23:19:00,70.35483870967742
2016-04-11 23:20:00,73.56521739130434
2016-04-11 23:21:00,69.88
2016-04-11 23:22:00,71.1923076923077
2016-04-11 23:23:00,68.68181818181819
2016-04-11 23:24:00,68.04545454545455
2016-04-11 23:25:00,68.25
2016-04-11 23:26:00,67.75
2016-04-11 23:27:00,66.81481481481481
2016-04-11 23:28:00,66.95833333333333
2016-04-11 23:29:00,65.86363636363636
2016-04-11 23:30:00,65.69565217391305
2016-04-11 23:31:00,83.66666666666667
2016-04-11 23:32:00,73.0
2016-04-11 23:33:00,76.125
2016-04-11 23:34:00,79.83333333333333
2016-04-11 23:35:00,69.93548387096774
2016-04-11 23:36:00,67.25806451612904
2016-04-11 23:37:00,66.55172413793103
2016-04-11 23:38:00,66.33333333333333
2016-04-11 23:39:00,96.16666666666667
2016-04-11 23:40:00,90.55172413793103
2016-04-11 23:41:00,70.15151515151516
2016-04-11 23:42:00,68.51724137931035
2016-04-11 23:43:00,65.0952380952381
2016-04-11 23:44:00,64.9090909090909
2016-04-11 23:45:00,63.541666666666664
2016-04-11 23:46:00,71.21875
2016-04-11 23:47:00,61.92
2016-04-11 23:48:00,65.5
2016-04-11 23:49:00,64.58620689655173
2016-04-11 23:50:00,65.18181818181819
2016-04-11 23:51:00,60.18181818181818
2016-04-11 23:52:00,63.166666666666664
2016-04-11 23:53:00,64.80555555555556
2016-04-11 23:54:00,59.73076923076923
2016-04-11 23:55:00,62.464285714285715
2016-04-11 23:56:00,61.1875
2016-04-11 23:57:00,63.0
2016-04-11 23:58:00,63.774193548387096
2016-04-11 23:59:00,63.25
2016-04-12 00:00:00,63.5
2016-04-12 00:01:00,65.91304347826087
2016-04-12 00:02:00,67.0
2016-04-12 00:03:00,67.0
2016-04-12 00:04:00,67.0
2016-04-12 00:05:00,67.91304347826087
2016-04-12 00:06:00,70.0
2016-04-12 00:07:00,70.0
2016-04-12 00:08:00,70.0
2016-04-12 00:09:00,73.96153846153847
2016-04-12 00:10:00,65.22222222222223
2016-04-12 00:11:00,62.28
2016-04-12 00:12:00,65.0
2016-04-12 00:13:00,65.0
2016-04-12 00:14:00,65.0
2016-04-12 00:15:00,65.0
2016-04-12 00:16:00,65.0
2016-04-12 00:17:00,86.23990313390314
2016-04-12 00:18:00,82.75347507564899
2016-04-12 00:19:00,83.44996286472148
2016-04-12 00:20:00,87.15389451890596
2016-04-12 00:21:00,83.35946186502709
2016-04-12 00:22:00,83.42360248447206
2016-04-12 00:23:00,76.26315789473684
2016-04-12 00:24:00,77.0
2016-04-12 00:25:00,58.52173913043478
2016-04-12 00:26:00,60.0
2016-04-12 00:27:00,60.0
2016-04-12 00:28:00,60.95
2016-04-12 00:29:00,61.0
2016-04-12 00:30:00,61.0
2016-04-12 00:31:00,62.22222222222222
2016-04-12 00:32:00,63.08
2016-04-12 00:33:00,63.0
2016-04-12 00:34:00,63.0
2016-04-12 00:35:00,63.0
2016-04-12 00:36:00,63.0
2016-04-12 00:37:00,63.0
2016-04-12 00:38:00,63.0
2016-04-12 00:39:00,63.0
2016-04-12 00:40:00,63.0
2016-04-12 00:41:00,63.0
2016-04-12 00:42:00,63.0
2016-04-12 00:43:00,63.0
2016-04-12 00:44:00,63.0
2016-04-12 00:45:00,63.583333333333336
2016-04-12 00:46:00,68.10714285714286
2016-04-12 00:47:00,63.138888888888886
2016-04-12 00:48:00,72.07692307692308
2016-04-12 00:49:00,65.08333333333333
2016-04-12 00:50:00,73.68
2016-04-12 00:51:00,76.375
2016-04-12 00:52:00,75.95833333333333
2016-04-12 00:53:00,66.25
2016-04-12 00:54:00,65.65384615384616
2016-04-12 00:55:00,67.25806451612904
2016-04-12 00:56:00,64.28
2016-04-12 00:57:00,67.64
2016-04-12 00:58:00,67.52173913043478
2016-04-12 00:59:00,67.34782608695652
2016-04-12 01:00:00,67.43333333333334
2016-04-12 01:01:00,65.92
2016-04-12 01:02:00,64.52
2016-04-12 01:03:00,66.17391304347827
2016-04-12 01:04:00,68.48275862068965
2016-04-12 01:05:00,65.44
2016-04-12 01:06:00,67.47619047619048
2016-04-12 01:07:00,62.8
2016-04-12 01:08:00,56.04545454545455
2016-04-12 01:09:00,57.48275862068966
2016-04-12 01:10:00,59.925925925925924
2016-04-12 01:11:00,62.8125
2016-04-12 01:12:00,59.95652173913044
2016-04-12 01:13:00,63.41379310344828
2016-04-12 01:14:00,61.17857142857143
2016-04-12 01:15:00,60.63333333333333
2016-04-12 01:16:00,64.08
2016-04-12 01:17:00,60.25
2016-04-12 01:18:00,58.93103448275862
2016-04-12 01:19:00,63.724137931034484
2016-04-12 01:20:00,62.333333333333336
2016-04-12 01:21:00,64.42105263157895
2016-04-12 01:22:00,65.87096774193549
2016-04-12 01:23:00,63.71875
2016-04-12 01:24:00,61.42857142857143
2016-04-12 01:25:00,63.77777777777778
2016-04-12 01:26:00,65.33333333333333
2016-04-12 01:27:00,68.72413793103448
2016-04-12 01:28:00,63.25806451612903
2016-04-12 01:29:00,56.58620689655172
2016-04-12 01:30:00,61.58974358974359
2016-04-12 01:31:00,64.78260869565217
2016-04-12 01:32:00,67.72727272727273
2016-04-12 01:33:00,65.89655172413794
2016-04-12 01:34:00,64.58064516129032
2016-04-12 01:35:00,63.666666666666664
2016-04-12 01:36:00,63.75
2016-04-12 01:37:00,64.8529411764706
2016-04-12 01:38:00,62.93333333333333
2016-04-12 01:39:00,64.31428571428572
2016-04-12 01:40:00,63.107142857142854
2016-04-12 01:41:00,68.0
2016-04-12 01:42:00,62.4
2016-04-12 01:43:00,62.83870967741935
2016-04-12 01:44:00,63.3
2016-04-12 01:45:00,64.47058823529412
2016-04-12 01:46:00,65.51724137931035
2016-04-12 01:47:00,65.88888888888889
2016-04-12 01:48:00,64.0909090909091
2016-04-12 01:49:00,64.93103448275862
2016-04-12 01:50:00,61.916666666666664
2016-04-12 01:51:00,64.55555555555556
2016-04-12 01:52:00,65.07142857142857
2016-04-12 01:53:00,63.515151515151516
2016-04-12 01:54:00,61.375
2016-04-12 01:55:00,61.625
2016-04-12 01:56:00,61.26923076923077
2016-04-12 01:57:00,60.7037037037037
2016-04-12 01:58:00,59.76
2016-04-12 01:59:00,60.625
2016-04-12 02:00:00,61.19230769230769
2016-04-12 02:01:00,61.6
2016-04-12 02:02:00,61.64
2016-04-12 02:03:00,62.333333333333336
2016-04-12 02:04:00,61.91304347826087
2016-04-12 02:05:00,61.30434782608695
2016-04-12 02:06:00,61.4
2016-04-12 02:07:00,60.41379310344828
2016-04-12 02:08:00,60.73076923076923
2016-04-12 02:09:00,60.17391304347826
2016-04-12 02:10:00,59.76
2016-04-12 02:11:00,60.21739130434783
2016-04-12 02:12:00,60.75
2016-04-12 02:13:00,60.65217391304348
2016-04-12 02:14:00,60.5
2016-04-12 02:15:00,61.4
2016-04-12 02:16:00,62.625
2016-04-12 02:17:00,61.583333333333336
2016-04-12 02:18:00,60.75
2016-04-12 02:19:00,61.333333333333336
2016-04-12 02:20:00,62.45454545454545
2016-04-12 02:21:00,62.45454545454545
2016-04-12 02:22:00,60.65217391304348
2016-04-12 02:23:00,60.22222222222222
2016-04-12 02:24:00,54.5
2016-04-12 02:25:00,53.869565217391305
2016-04-12 02:26:00,54.59090909090909
2016-04-12 02:27:00,54.583333333333336
2016-04-12 02:28:00,56.0
2016-04-12 02:29:00,55.78260869565217
2016-04-12 02:30:00,56.95454545454545
2016-04-12 02:31:00,57.869565217391305
2016-04-12 02:32:00,58.22727272727273
2016-04-12 02:33:00,58.083333333333336
2016-04-12 02:34:00,57.91304347826087
2016-04-12 02:35:00,59.391304347826086
2016-04-12 02:36:00,59.78260869565217
2016-04-12 02:37:00,61.0
2016-04-12 02:38:00,61.0
2016-04-12 02:39:00,61.0
2016-04-12 02:40:00,61.0
2016-04-12 02:41:00,61.0
2016-04-12 02:42:00,61.0
2016-04-12 02:43:00,61.0
2016-04-12 02:44:00,61.0
2016-04-12 02:45:00,60.77272727272727
2016-04-12 02:46:00,61.666666666666664
2016-04-12 02:47:00,58.625
2016-04-12 02:48:00,58.72
2016-04-12 02:49:00,58.74074074074074
2016-04-12 02:50:00,60.958333333333336
2016-04-12 02:51:00,62.21739130434783
2016-04-12 02:52:00,62.07142857142857
2016-04-12 02:53:00,63.27272727272727
2016-04-12 02:54:00,59.58620689655172
2016-04-12 02:55:00,55.18518518518518
2016-04-12 02:56:00,59.39393939393939
2016-04-12 02:57:00,60.1
2016-04-12 02:58:00,58.607142857142854
2016-04-12 02:59:00,63.18518518518518
2016-04-12 03:00:00,63.857142857142854
2016-04-12 03:01:00,62.648648648648646
2016-04-12 03:02:00,64.3529411764706
2016-04-12 03:03:00,63.06896551724138
2016-04-12 03:04:00,61.225806451612904
2016-04-12 03:05:00,61.0625
2016-04-12 03:06:00,62.785714285714285
2016-04-12 03:07:00,62.46875
2016-04-12 03:08:00,58.42857142857143
2016-04-12 03:09:00,61.885714285714286
2016-04-12 03:10:00,60.89655172413793
2016-04-12 03:11:00,62.142857142857146
2016-04-12 03:12:00,63.06060606060606
2016-04-12 03:13:00,62.34375
2016-04-12 03:14:00,61.925925925925924
2016-04-12 03:15:00,61.06896551724138
2016-04-12 03:16:00,64.46875
2016-04-12 03:17:00,64.8076923076923
2016-04-12 03:18:00,62.85294117647059
2016-04-12 03:19:00,63.18421052631579
2016-04-12 03:20:00,62.29032258064516
2016-04-12 03:21:00,60.088235294117645
2016-04-12 03:22:00,63.56521739130435
2016-04-12 03:23:00,63.46875
2016-04-12 03:24:00,59.81481481481482
2016-04-12 03:25:00,54.592592592592595
2016-04-12 03:26:00,56.03333333333333
2016-04-12 03:27:00,56.53846153846154
2016-04-12 03:28:00,58.13793103448276
2016-04-12 03:29:00,58.69230769230769
2016-04-12 03:30:00,59.107142857142854
2016-04-12 03:31:00,60.0
2016-04-12 03:32:00,61.666666666666664
2016-04-12 03:33:00,59.708333333333336
2016-04-12 03:34:00,59.583333333333336
2016-04-12 03:35:00,59.88
2016-04-12 03:36:00,60.0
2016-04-12 03:37:00,61.74074074074074
2016-04-12 03:38:00,63.958333333333336
2016-04-12 03:39:00,66.91666666666667
2016-04-12 03:40:00,66.0
2016-04-12 03:41:00,66.0
2016-04-12 03:42:00,66.0
2016-04-12 03:43:00,65.4090909090909
2016-04-12 03:44:00,64.25
2016-04-12 03:45:00,62.2
2016-04-12 03:46:00,62.0
2016-04-12 03:47:00,61.04347826086956
2016-04-12 03:48:00,59.03703703703704
2016-04-12 03:49:00,56.875
2016-04-12 03:50:00,56.46153846153846
2016-04-12 03:51:00,58.392857142857146
2016-04-12 03:52:00,58.04347826086956
2016-04-12 03:53:00,58.81481481481482
2016-04-12 03:54:00,59.370370370370374
2016-04-12 03:55:00,59.84
2016-04-12 03:56:00,61.76
2016-04-12 03:57:00,61.666666666666664
2016-04-12 03:58:00,60.24
2016-04-12 03:59:00,59.96153846153846
2016-04-12 04:00:00,60.333333333333336
2016-04-12 04:01:00,60.8
2016-04-12 04:02:00,61.22222222222222
2016-04-12 04:03:00,60.84
2016-04-12 04:04:00,61.53846153846154
2016-04-12 04:05:00,62.13793103448276
2016-04-12 04:06:00,61.629629629629626
2016-04-12 04:07:00,61.464285714285715
2016-04-12 04:08:00,62.357142857142854
2016-04-12 04:09:00,63.30769230769231
2016-04-12 04:10:00,63.107142857142854
2016-04-12 04:11:00,67.61764705882354
2016-04-12 04:12:00,68.73333333333333
2016-04-12 04:13:00,69.88461538461539
2016-04-12 04:14:00,62.708333333333336
2016-04-12 04:15:00,60.2962962962963
2016-04-12 04:16:00,69.44
2016-04-12 04:17:00,60.16
2016-04-12 04:18:00,60.541666666666664
2016-04-12 04:19:00,64.65384615384616
2016-04-12 04:20:00,61.72
2016-04-12 04:21:00,58.666666666666664
2016-04-12 04:22:00,64.26923076923077
2016-04-12 04:23:00,68.44
2016-04-12 04:24:00,67.58333333333333
2016-04-12 04:25:00,63.25
2016-04-12 04:26:00,59.888888888888886
2016-04-12 04:27:00,55.6
2016-04-12 04:28:00,60.148148148148145
2016-04-12 04:29:00,61.75
2016-04-12 04:30:00,60.541666666666664
2016-04-12 04:31:00,58.0
2016-04-12 04:32:00,55.91304347826087
2016-04-12 04:33:00,59.3
2016-04-12 04:34:00,58.42857142857143
2016-04-12 04:35:00,60.206896551724135
2016-04-12 04:36:00,60.80769230769231
2016-04-12 04:37:00,57.25
2016-04-12 04:38:00,60.23076923076923
2016-04-12 04:39:00,54.72727272727273
2016-04-12 04:40:00,56.68
2016-04-12 04:41:00,59.22727272727273
2016-04-12 04:42:00,56.12
2016-04-12 04:43:00,58.333333333333336
2016-04-12 04:44:00,61.875
2016-04-12 04:45:00,60.17391304347826
2016-04-12 04:46:00,54.41379310344828
2016-04-12 04:47:00,57.464285714285715
2016-04-12 04:48:00,55.61538461538461
2016-04-12 04:49:00,61.541666666666664
2016-04-12 04:50:00,60.81481481481482
2016-04-12 04:51:00,56.791666666666664
2016-04-12 04:52:00,56.04545454545455
2016-04-12 04:53:00,57.0
2016-04-12 04:54:00,57.65217391304348
2016-04-12 04:55:00,63.6551724137931
2016-04-12 04:56:00,56.416666666666664
2016-04-12 04:57:00,61.88461538461539
2016-04-12 04:58:00,63.375
2016-04-12 04:59:00,61.04545454545455
2016-04-12 05:00:00,61.791666666666664
2016-04-12 05:01:00,56.56
2016-04-12 05:02:00,56.65217391304348
2016-04-12 05:03:00,58.166666666666664
2016-04-12 05:04:00,61.92857142857143
2016-04-12 05:05:00,56.69565217391305
2016-04-12 05:06:00,56.407407407407405
2016-04-12 05:07:00,61.0
2016-04-12 05:08:00,61.7037037037037
2016-04-12 05:09:00,60.035714285714285
2016-04-12 05:10:00,58.81481481481482
2016-04-12 05:11:00,59.17857142857143
2016-04-12 05:12:00,57.19230769230769
2016-04-12 05:13:00,52.02564102564103
2016-04-12 05:14:00,59.03703703703704
2016-04-12 05:15:00,63.0
2016-04-12 05:16:00,63.0
2016-04-12 05:17:00,63.0
2016-04-12 05:18:00,63.0
2016-04-12 05:19:00,63.0
